ID,اسم المشروع,المجال,الوصف,الفئة المستهدفة
1,عين جدة,المدن الذكية,تعاني بعض أحياء المدن الكبرى من تأخر اكتشاف الأعطال والمخاطر الميدانية. يقدم المشروع منصة تعتمد على كاميرات الطرق والذكاء الاصطناعي لرصد الحوادث والتلفيات وإرسال تنبيهات فورية للجهات المختصة.,البلديات وسكان المدن
2,سند,المالية التقنية,يواجه الأفراد صعوبة في تنظيم الالتزامات المالية والادخار. يوفر التطبيق تحليلاً ذكيًا للمصروفات مع خطط ادخار مخصصة وتنبيهات مالية استباقية.,الأفراد والعائلات
3,راحة,الصحة الرقمية,يعاني كبار السن من ضعف المتابعة الصحية اليومية. يقدم المشروع سوارًا ذكيًا يراقب المؤشرات الحيوية ويرسل تنبيهات فورية لأفراد العائلة أو الجهات الطبية.,كبار السن ومقدمو الرعاية
4,درع,الأمن السيبراني,تتعرض المنشآت الصحية لمحاولات اختراق وتسريب بيانات حساسة. يوفر النظام مراقبة لحظية للشبكات واكتشافًا مبكرًا للهجمات السيبرانية باستخدام الذكاء الاصطناعي.,المستشفيات والمنشآت الصحية
5,بيتي بلس,التقنية العقارية,يواجه ملاك المنازل صعوبة في متابعة استهلاك الطاقة والصيانة المنزلية. يقدم التطبيق لوحة تحكم ذكية لإدارة الأجهزة المنزلية وجدولة الصيانة الدورية.,الأسر وملاك المنازل
6,وصل,النقل الذكي,تعاني المدن من ضعف تكامل وسائل النقل المختلفة. يوفر المشروع منصة موحدة تربط الحافلات وسيارات الأجرة والدراجات الكهربائية في تجربة تنقل واحدة.,سكان المدن والجهات التنظيمية
7,نبض السوق,التجارة الإلكترونية,تعاني المتاجر الصغيرة من ضعف فهم سلوك العملاء. يقدم النظام تحليلات ذكية للمبيعات والتوصيات الشرائية لتحسين الأرباح.,أصحاب المتاجر الصغيرة والمتوسطة
8,مزارع,التقنية الزراعية,يواجه المزارعون هدرًا في استهلاك المياه وصعوبة في مراقبة المحاصيل. يستخدم المشروع حساسات وإنترنت الأشياء لتحليل التربة وجدولة الري تلقائيًا.,المزارعون والشركات الزراعية
9,أمان الطرق,السلامة المرورية,تزداد الحوادث الناتجة عن الإرهاق والسرعة. يعتمد المشروع على تحليل سلوك السائق بالكاميرات وإرسال تنبيهات وقائية قبل وقوع الحوادث.,السائقون وشركات النقل
10,شفاء,الرعاية الصحية,يعاني المرضى من صعوبة الوصول إلى الخدمات الطبية السريعة. يوفر التطبيق استشارات فورية وحجزًا ذكيًا للمواعيد وربطًا مباشرًا مع الصيدليات.,المرضى والعيادات
11,خطوة,الرياضة والصحة,يواجه الكثيرون صعوبة في الالتزام بالعادات الصحية. يقدم التطبيق خططًا رياضية وغذائية تفاعلية مدعومة بالتحفيز والتحديات اليومية.,الشباب والمهتمون بالصحة
12,ترحال,السياحة,يجد السياح صعوبة في اكتشاف التجارب المحلية المميزة. يوفر المشروع دليلاً ذكياً يوصي بالأنشطة والمواقع بناءً على اهتمامات المستخدم.,السياح والزوار
13,مداد,التعليم,يعاني الطلاب من ضعف الوصول إلى شرح مبسط للمناهج. يقدم النظام مساعدًا تعليمياً تفاعليًا يشرح الدروس ويولد اختبارات مخصصة.,الطلاب والمعلمون
14,تمكين,الموارد البشرية,تواجه الشركات تحديات في تقييم مهارات الموظفين. يوفر المشروع منصة لاختبارات المهارات وتحليل الأداء واقتراح مسارات تطوير وظيفية.,الشركات والموظفون
15,سقيا,الاستدامة البيئية,تعاني بعض المناطق من هدر المياه وصعوبة مراقبة الاستهلاك. يقدم المشروع عدادات ذكية وتقارير استهلاك فورية لتحسين كفاءة استخدام المياه.,الأسر والجهات البلدية
16,رقيب,الأمن والسلامة,تتأخر الاستجابة أحيانًا للحوادث داخل المنشآت الصناعية. يعتمد المشروع على حساسات ذكية تكتشف الحرائق أو التسربات وترسل إنذارات فورية.,المصانع والمنشآت الصناعية
17,إسناد,الخدمات الحكومية,يواجه المستخدمون صعوبة في متابعة المعاملات الحكومية المتعددة. يوفر التطبيق منصة موحدة لتتبع الطلبات والتنبيهات والمواعيد.,المواطنون والمقيمون
18,صحتك أولاً,التأمين الصحي,يعاني العملاء من تعقيد إجراءات التأمين الطبي. يقدم النظام إدارة رقمية للمطالبات الطبية والتحقق السريع من التغطية.,شركات التأمين والعملاء
19,بصمة,الموارد البشرية,تعاني الشركات من ارتفاع معدل دوران الموظفين. يحلل المشروع رضا الموظفين ويقترح حلولًا لتحسين بيئة العمل.,الشركات وفرق الموارد البشرية
20,مرشد,الذكاء الاصطناعي,يحتاج رواد الأعمال إلى دعم سريع لاتخاذ القرارات. يوفر المشروع مساعدًا ذكياً لتحليل الأفكار التجارية ودراسة جدواها الأولية.,رواد الأعمال
21,إشراق,الطاقة,تعاني المباني من ارتفاع استهلاك الكهرباء. يقدم النظام مراقبة ذكية للاستهلاك واقتراحات فورية لتقليل الهدر.,الشركات وملاك المباني
22,دليل,الخدمات اللوجستية,تواجه شركات التوصيل تحديات في تحسين المسارات. يعتمد المشروع على الذكاء الاصطناعي لتقليل زمن التوصيل واستهلاك الوقود.,شركات الشحن والتوصيل
23,وقاية,الصحة العامة,يصعب أحيانًا تتبع انتشار الأمراض المعدية في الأماكن المزدحمة. يوفر المشروع لوحة بيانات تنبؤية تساعد الجهات الصحية على التدخل المبكر.,الجهات الصحية
24,رفيق,الخدمات الاجتماعية,يعاني ذوو الإعاقة من صعوبة الوصول للخدمات المناسبة. يقدم التطبيق خريطة تفاعلية للمواقع والخدمات المهيأة.,ذوو الإعاقة وعائلاتهم
25,حصاد,الأمن الغذائي,تواجه الأسواق هدرًا في المنتجات الغذائية قبل بيعها. يربط المشروع المتاجر والجمعيات الخيرية لإعادة توزيع الفائض الغذائي.,المتاجر والجمعيات الخيرية
26,تعافي,الصحة النفسية,يعاني كثير من الشباب من صعوبة الوصول للدعم النفسي المبكر. يقدم التطبيق جلسات إرشاد وتمارين متابعة يومية بسرية عالية.,الشباب والطلاب
27,موجّه,التوظيف,يعاني الخريجون من ضعف التوجيه المهني. يوفر المشروع تحليلاً للمهارات وربطًا ذكيًا بالفرص التدريبية والوظيفية المناسبة.,الخريجون والباحثون عن عمل
28,أسواق,التجارة,تواجه الأسر المنتجة صعوبة في التسويق الرقمي. يوفر التطبيق متجرًا موحدًا مع أدوات دفع وشحن سهلة.,الأسر المنتجة ورواد الأعمال
29,رؤية,تحليل البيانات,تفتقر بعض الجهات إلى قرارات مبنية على بيانات دقيقة. يقدم المشروع لوحات تحليلية تفاعلية تدعم اتخاذ القرار.,الشركات والجهات الحكومية
30,حيّاك,الضيافة,يعاني الزوار من تشتت خدمات الضيافة والحجوزات. يجمع التطبيق الإقامة والمواصلات والفعاليات في منصة واحدة.,السياح والزوار
31,إمداد,الرعاية المنزلية,تواجه العائلات صعوبة في تنسيق خدمات الرعاية المنزلية. يوفر المشروع نظام حجز ومتابعة للممرضين ومقدمي الرعاية.,العائلات ومقدمو الرعاية
32,بيان,الإعلام الرقمي,تنتشر الأخبار المضللة بسرعة عبر المنصات الاجتماعية. يعتمد المشروع على الذكاء الاصطناعي للتحقق من المحتوى وكشف الأخبار الزائفة.,المستخدمون والمؤسسات الإعلامية
33,نور,الطاقة المتجددة,يعاني أصحاب المنازل من صعوبة تقدير جدوى الطاقة الشمسية. يحلل النظام الاستهلاك ويقترح حلول تركيب مناسبة.,ملاك المنازل والشركات
34,جاهز,إدارة الفعاليات,تواجه الجهات المنظمة صعوبة في إدارة الحشود والدخول. يوفر المشروع نظام تذاكر ذكي وتحليلًا لحظيًا للحضور.,منظمو الفعاليات
35,صوت,خدمة العملاء,تعاني الشركات من بطء الاستجابة لاستفسارات العملاء. يقدم المشروع مساعدًا صوتيًا عربيًا للرد الآلي وتحليل رضا العملاء.,الشركات ومراكز الاتصال
36,مأمون,الأمن المالي,تزداد محاولات الاحتيال الرقمي في المعاملات البنكية. يعتمد المشروع على تحليل سلوك العمليات لاكتشاف الأنشطة المشبوهة.,البنوك والعملاء
37,سهل,الخدمات القانونية,يصعب على الأفراد فهم الإجراءات القانونية الأساسية. يوفر التطبيق نماذج عقود وإرشادات قانونية مبسطة.,الأفراد ورواد الأعمال
38,إتقان,التدريب المهني,تعاني بعض القطاعات من فجوة المهارات العملية. يقدم المشروع منصة تدريب تفاعلية بمحاكاة واقعية للمهن التقنية.,المتدربون والشركات
39,عين المزارع,الذكاء الاصطناعي الزراعي,يواجه المزارعون صعوبة في اكتشاف أمراض النباتات مبكرًا. يستخدم التطبيق تحليل الصور لتشخيص الأمراض واقتراح العلاج.,المزارعون
40,سفر,الحج والعمرة,يعاني بعض الزوار من صعوبة التنقل وإدارة الرحلة. يوفر المشروع مساعدًا رقميًا للحجوزات والإرشاد والتنبيهات اللحظية.,الحجاج والمعتمرون
41,حارس,الأمن المنزلي,تتعرض بعض المنازل لمحاولات اقتحام دون تنبيه فوري. يعتمد النظام على حساسات وكاميرات ذكية متصلة بتطبيق جوال.,ملاك المنازل
42,أثر,الاستدامة,تحتاج الشركات إلى قياس أثرها البيئي بدقة. يقدم المشروع تقارير لحظية لانبعاثات الكربون مع توصيات للتحسين.,الشركات الصناعية
43,داعم,القطاع غير الربحي,تواجه الجمعيات صعوبة في إدارة المتطوعين والتبرعات. يوفر التطبيق إدارة رقمية للحملات والمتطوعين والتقارير.,الجمعيات الخيرية
44,متابع,إدارة المشاريع,تعاني الفرق الصغيرة من ضعف متابعة المهام. يقدم النظام لوحة ذكية لإدارة المشاريع والتنبيهات وتحليل الإنجاز.,الفرق الناشئة والشركات
45,رفاه,جودة الحياة,يعاني الموظفون من ضغوط العمل وضعف التوازن الحياتي. يوفر التطبيق خطط متابعة للصحة النفسية والإنتاجية.,الموظفون والشركات
46,كشف,تحليل المخاطر,تواجه المنشآت صعوبة في تقييم المخاطر التشغيلية. يحلل المشروع البيانات التشغيلية لتوقع الأعطال والمشكلات المحتملة.,المصانع والشركات
47,منارة,التعليم الجامعي,يعاني الطلاب من صعوبة اختيار التخصص والمسار المهني. يقدم المشروع توصيات مبنية على المهارات والاهتمامات وسوق العمل.,طلاب الجامعات
48,أفق,الاقتصاد الإبداعي,يواجه المبدعون صعوبة في تسويق أعمالهم رقمياً. يوفر المشروع منصة لعرض وبيع المنتجات الإبداعية وربطها بالجهات الداعمة.,المصممون والفنانون
49,حكمة,تحليل العقود,تستغرق مراجعة العقود وقتًا طويلًا لدى الشركات. يعتمد المشروع على الذكاء الاصطناعي لاكتشاف البنود الخطرة وتلخيص العقود.,الشركات والمكاتب القانونية
50,صلة,المجتمع الرقمي,يعاني السكان الجدد في المدن من صعوبة الوصول للخدمات المحلية. يقدم التطبيق دليلاً مجتمعياً للخدمات والأنشطة القريبة.,السكان الجدد والمقيمون
51,مدينتي,المدن الذكية,تعاني بعض الأحياء من ضعف التواصل بين السكان والجهات الخدمية. يوفر المشروع منصة للإبلاغ عن المشكلات الحضرية ومتابعة معالجتها بشكل مباشر.,سكان المدن والبلديات
52,تمرة,الأمن الغذائي,يواجه المزارعون صعوبة في تسويق المنتجات المحلية بشكل عادل. يربط المشروع المزارعين بالمستهلكين والمتاجر عبر سوق رقمي مباشر.,المزارعون والمتاجر
53,خطط,الإدارة المالية,يعاني الشباب من ضعف التخطيط المالي طويل المدى. يقدم التطبيق خطط ادخار واستثمار مبسطة تعتمد على أهداف المستخدم.,الشباب والموظفون
54,عين المصنع,الصناعة الذكية,تتعرض خطوط الإنتاج لتوقفات مفاجئة تؤثر على الكفاءة. يعتمد المشروع على حساسات وتحليل بيانات للتنبؤ بالأعطال قبل وقوعها.,المصانع والمنشآت الصناعية
55,رفد,الخدمات التعليمية,يواجه المعلمون صعوبة في متابعة تقدم الطلاب بشكل فردي. يوفر النظام تقارير ذكية عن الأداء ونقاط الضعف التعليمية.,المعلمون والمدارس
56,مرسى,السياحة البحرية,يفتقر الزوار إلى معلومات موحدة عن الأنشطة البحرية. يقدم التطبيق حجوزات فورية للرحلات والأنشطة مع تقييمات وتجارب المستخدمين.,السياح وشركات الترفيه
57,بداية,ريادة الأعمال,يعاني أصحاب المشاريع الناشئة من صعوبة الوصول إلى الخدمات الداعمة. يجمع المشروع المستثمرين والخبراء والخدمات القانونية في منصة واحدة.,رواد الأعمال
58,صحتي,الصحة الوقائية,تتأخر بعض الحالات الصحية بسبب غياب المتابعة المبكرة. يوفر التطبيق فحوصات دورية رقمية وتوصيات صحية مخصصة.,الأفراد والعائلات
59,وصلات,الخدمات اللوجستية,تواجه الشركات الصغيرة تحديات في إدارة عمليات الشحن. يقدم المشروع منصة موحدة لمقارنة الأسعار وتتبع الشحنات.,المتاجر الإلكترونية والشركات
60,حضور,إدارة الموارد البشرية,تعاني المؤسسات من ضعف متابعة الدوام والإنتاجية. يوفر النظام تسجيل حضور ذكي وتحليلات لأداء الفرق.,الشركات والمؤسسات
61,نوران,الطاقة المتجددة,يعاني أصحاب المباني التجارية من ارتفاع تكاليف الطاقة. يقدم المشروع حلول مراقبة ذكية لاستهلاك الكهرباء والطاقة الشمسية.,الشركات وملاك العقارات
62,ترتيب,إدارة المنزل,تواجه الأسر صعوبة في تنظيم المهام المنزلية اليومية. يوفر التطبيق جدولة ذكية للمهام والمشتريات والصيانة.,الأسر والأفراد
63,عين المتجر,التجارة الذكية,تعاني المتاجر من ضعف فهم حركة العملاء داخل الفروع. يستخدم المشروع تحليلات الكاميرات لتحسين تجربة التسوق.,المتاجر ومراكز التسوق
64,موعد,الخدمات الطبية,تواجه العيادات ازدحامًا بسبب سوء إدارة الحجوزات. يوفر التطبيق نظام مواعيد ذكي يقلل أوقات الانتظار.,العيادات والمرضى
65,درب,التدريب والتطوير,يعاني الموظفون من ضعف الوصول للتدريب العملي المناسب. يقدم المشروع مسارات تدريبية تفاعلية مرتبطة بمتطلبات سوق العمل.,الموظفون والخريجون
66,سحاب,الحوسبة السحابية,تواجه الشركات الصغيرة صعوبة في حماية بياناتها الرقمية. يوفر المشروع نسخًا احتياطيًا سحابيًا مع أنظمة أمان متقدمة.,الشركات الصغيرة والمتوسطة
67,عين الطالب,التعليم الجامعي,يعاني الطلاب من تشتت المواد والمواعيد الأكاديمية. يجمع التطبيق الجداول والواجبات والتنبيهات في منصة واحدة.,طلاب الجامعات
68,دليل الحاج,الحج والعمرة,يواجه الحجاج صعوبة في الوصول السريع للمعلومات والخدمات. يقدم التطبيق خرائط ذكية وتنبيهات وإرشادات متعددة اللغات.,الحجاج والمعتمرون
69,وقود,النقل والخدمات,تعاني شركات النقل من ارتفاع استهلاك الوقود. يحلل المشروع سلوك القيادة والمسارات لتقليل التكاليف.,شركات النقل والخدمات اللوجستية
70,مستقبلي,الإرشاد المهني,يواجه الطلاب صعوبة في اختيار المسار المهني المناسب. يقدم المشروع تحليلات للمهارات وربطًا بالتخصصات المطلوبة.,الطلاب والخريجون
71,حياة,الصحة النفسية,يعاني الموظفون من ضغوط تؤثر على الإنتاجية والصحة النفسية. يوفر التطبيق جلسات متابعة وتمارين تفاعلية يومية.,الموظفون والشباب
72,إيجاز,إدارة الاجتماعات,تضيع الكثير من المعلومات خلال الاجتماعات الطويلة. يعتمد المشروع على الذكاء الاصطناعي لتلخيص الاجتماعات واستخراج المهام.,الشركات وفرق العمل
73,عين الطريق,السلامة المرورية,تتسبب الحفر والعوائق في أضرار مرورية متكررة. يستخدم المشروع تحليل الصور لاكتشاف مشكلات الطرق وإبلاغ الجهات المختصة.,البلديات والسائقون
74,فرصة,التوظيف,يعاني الباحثون عن عمل من ضعف الوصول للفرص المناسبة. يوفر التطبيق توصيات وظيفية مبنية على المهارات والخبرة.,الباحثون عن عمل
75,مؤشر,تحليل الأعمال,تفتقر بعض المنشآت إلى رؤية واضحة لمؤشرات الأداء. يقدم المشروع لوحات بيانات تفاعلية وتحليلات لحظية.,الشركات ورواد الأعمال
76,نبض,الأجهزة القابلة للارتداء,يصعب متابعة الحالات الصحية المزمنة بشكل مستمر. يوفر المشروع جهازًا ذكيًا يراقب المؤشرات الحيوية ويرسل تنبيهات مبكرة.,المرضى وكبار السن
77,أصيل,الثقافة والتراث,تواجه الحرف اليدوية المحلية ضعف الانتشار الرقمي. يقدم المشروع منصة لعرض المنتجات التراثية وتسويقها عالميًا.,الحرفيون والسياح
78,تنبيه,الأمن والسلامة,قد تتأخر الاستجابة للحوادث المنزلية المفاجئة. يعتمد النظام على حساسات ذكية ترسل تنبيهات فورية عند الطوارئ.,الأسر وملاك المنازل
79,رشد,التعليم المالي,يعاني الشباب من ضعف الوعي بإدارة الديون والادخار. يوفر التطبيق محتوى تفاعليًا وتحديات تعليمية مالية.,الطلاب والشباب
80,بيئة,الاستدامة البيئية,تواجه المدن تحديات في إدارة النفايات بكفاءة. يقدم المشروع نظام حاويات ذكية لتحسين جمع وفرز النفايات.,البلديات والشركات البيئية
81,سريع,التوصيل الذكي,تعاني المطاعم من تأخر عمليات التوصيل خلال أوقات الذروة. يحلل المشروع الطلبات والمسارات لتوزيع السائقين بفعالية.,المطاعم وشركات التوصيل
82,عين القانون,الخدمات القانونية,يواجه الأفراد صعوبة في فهم العقود والبنود القانونية. يعتمد المشروع على الذكاء الاصطناعي لتبسيط وتحليل العقود.,الأفراد والشركات
83,بوابة,الخدمات الحكومية,تتعدد المنصات الحكومية مما يربك المستخدمين. يوفر المشروع واجهة موحدة للخدمات والتنبيهات الرسمية.,المواطنون والمقيمون
84,رؤية صحية,الصحة الرقمية,تعاني بعض المستشفيات من ضعف تحليل بيانات المرضى. يقدم المشروع نظامًا للتنبؤ بالمضاعفات وتحسين جودة الرعاية.,المستشفيات والأطباء
85,حرفة,الاقتصاد الإبداعي,يواجه المستقلون صعوبة في الوصول إلى العملاء المناسبين. يربط المشروع بين أصحاب المهارات والفرص المتاحة بشكل مباشر.,المستقلون والشركات
86,سكن,التقنية العقارية,يعاني المستأجرون من تعقيد البحث عن العقارات المناسبة. يوفر التطبيق توصيات عقارية مبنية على الميزانية والاحتياجات.,الباحثون عن سكن
87,إشعار,الأمن السيبراني,تتعرض الحسابات الرقمية لمحاولات اختراق متزايدة. يقدم المشروع تنبيهات فورية وتحليلات لاكتشاف الأنشطة المشبوهة.,الأفراد والشركات
88,قريب,الخدمات المجتمعية,يواجه كبار السن صعوبة في الوصول للخدمات اليومية. يوفر التطبيق طلب المساعدة والخدمات المنزلية بسهولة.,كبار السن والعائلات
89,عين السوق,تحليل الأسواق,تواجه الشركات صعوبة في متابعة تغيرات السوق والمنافسين. يقدم المشروع تحليلات ذكية للاتجاهات والأسعار.,الشركات ورواد الأعمال
90,بصيرة,الذكاء الاصطناعي,يصعب على بعض الجهات تحليل كميات ضخمة من البيانات بسرعة. يعتمد المشروع على نماذج ذكاء اصطناعي لاستخراج الأنماط والتوصيات.,الشركات والجهات الحكومية
91,زاد,إدارة المطاعم,تعاني المطاعم من هدر المواد الغذائية وسوء إدارة المخزون. يوفر المشروع تنبؤًا بالطلب وإدارة ذكية للمخزون.,المطاعم والمقاهي
92,عين الطاقة,الطاقة والاستدامة,تفتقر بعض المنشآت إلى حلول دقيقة لمراقبة استهلاك الطاقة. يقدم النظام تقارير فورية وتوصيات لتقليل الهدر.,المصانع والمنشآت التجارية
93,مدى,التعليم الإلكتروني,يعاني الطلاب من ضعف التفاعل في التعلم عن بعد. يوفر المشروع أدوات تعليم تفاعلية وتحليلات لمستوى المشاركة.,الطلاب والمعلمون
94,سلام,الرعاية الصحية,تواجه العائلات صعوبة في متابعة الأدوية والمواعيد الطبية. يقدم التطبيق تذكيرات ذكية وتقارير صحية موحدة.,المرضى والعائلات
95,سنديان,القطاع غير الربحي,تعاني الجمعيات من ضعف إدارة الحملات التطوعية. يوفر المشروع منصة لإدارة المتطوعين والمهام والتبرعات.,الجمعيات والمتطوعون
96,توازن,جودة الحياة,يعاني الموظفون من الإرهاق بسبب سوء إدارة الوقت. يقدم التطبيق خطط تنظيم يومية ومؤشرات للتوازن بين العمل والحياة.,الموظفون والطلاب
97,عين المخزون,الخدمات اللوجستية,تواجه المستودعات أخطاء متكررة في تتبع المنتجات. يعتمد المشروع على إنترنت الأشياء لتحديث المخزون لحظيًا.,المستودعات وشركات التجارة
98,مرآة,تحليل تجربة العملاء,تفتقر بعض الشركات لفهم دقيق لرضا العملاء. يحلل المشروع التعليقات والتقييمات لاستخراج أبرز المشكلات.,الشركات والمتاجر
99,داعم الأعمال,الخدمات التجارية,يعاني أصحاب المشاريع الصغيرة من تعقيد الإجراءات التشغيلية. يوفر المشروع أدوات لإدارة الفواتير والمخزون والعملاء.,المشاريع الصغيرة والمتوسطة
100,أماني,التقنية الاجتماعية,تواجه الأسر صعوبة في متابعة احتياجات أفرادها اليومية. يقدم التطبيق تنظيمًا ذكيًا للمهام والمواعيد والتواصل الأسري.,الأسر والعائلات
101,رحّال,السياحة الذكية,يواجه الزوار صعوبة في تخطيط رحلات متكاملة داخل المملكة. يوفر المشروع مساعدًا رقميًا يقترح مسارات سياحية مخصصة حسب الاهتمامات والميزانية.,السياح والزوار
102,ميناء,الخدمات اللوجستية,تعاني شركات الشحن من تأخر تتبع الحاويات والبضائع. يقدم النظام متابعة لحظية للشحنات وربطًا مباشرًا بالموانئ والمستودعات.,شركات الشحن والموانئ
103,تدفق,التقنية المالية,يعاني أصحاب الأعمال الحرة من ضعف إدارة التدفقات النقدية. يوفر التطبيق تحليلات مالية وتوقعات للمصروفات والإيرادات.,أصحاب المشاريع الصغيرة
104,جولة,الترفيه والسياحة,يفتقر الزوار لتجارب تفاعلية داخل المواقع التاريخية. يقدم المشروع جولات واقع معزز تشرح المعالم بعدة لغات.,السياح والجهات السياحية
105,ركيزة,إدارة سلاسل الإمداد,تواجه الشركات صعوبة في مراقبة الموردين وكفاءة التوريد. يوفر النظام تقييمًا ذكيًا للأداء وتنبيهات عند تأخر الإمدادات.,المصانع والشركات التجارية
106,آفاق,الاستثمار,يواجه المستثمرون الجدد صعوبة في فهم الفرص الاستثمارية. يقدم المشروع منصة تعليمية وتحليلية للاستثمار منخفض المخاطر.,المستثمرون الجدد
107,عين التراث,الثقافة والسياحة,تعاني المواقع التراثية من ضعف التفاعل الرقمي. يوفر التطبيق قصصًا تفاعلية وتجارب صوتية مرتبطة بالمواقع التاريخية.,الزوار والهيئات الثقافية
108,توصيلة,الخدمات اللوجستية,تعاني المتاجر المحلية من ضعف التنسيق مع شركات التوصيل. يقدم المشروع نظامًا يربط الطلبات بأقرب مزود خدمة تلقائيًا.,المتاجر الإلكترونية
109,موازنة,التقنية المالية,يجد كثير من الأفراد صعوبة في التحكم بالاشتراكات والخدمات المتكررة. يحلل التطبيق النفقات الدورية ويقترح تقليل المصروفات.,الأفراد والموظفون
110,رحبة,الضيافة,تواجه المنشآت السياحية صعوبة في فهم احتياجات الزوار. يوفر المشروع منصة لتحليل تجارب الضيوف وتحسين الخدمات.,الفنادق والمنشآت السياحية
111,سفراء,السياحة الثقافية,يعاني السياح من ضعف الوصول للمرشدين المحليين الموثوقين. يربط التطبيق الزوار بمرشدين معتمدين حسب اللغة والاهتمامات.,السياح والمرشدون
112,ميزان,المحاسبة الرقمية,تواجه الشركات الناشئة تعقيدًا في إدارة الحسابات والضرائب. يقدم المشروع نظامًا محاسبيًا مبسطًا متوافقًا مع الأنظمة المحلية.,الشركات الناشئة
113,مسار الشحن,الخدمات اللوجستية,تواجه شركات النقل صعوبة في اختيار أفضل طرق الشحن البرية. يعتمد المشروع على تحليل الازدحام والطقس لتحسين المسارات.,شركات النقل
114,خطى,السياحة البيئية,يفتقر الزوار إلى معلومات عن الوجهات البيئية والأنشطة الطبيعية. يوفر التطبيق دليلاً للرحلات البيئية والمحميات الطبيعية.,محبو الطبيعة والسياح
115,دفتر,التقنية المالية,يعاني أصحاب المتاجر الصغيرة من ضعف توثيق الديون والمبيعات. يقدم التطبيق سجلات مالية رقمية سهلة الاستخدام.,المتاجر الصغيرة
116,بوصلتي,النقل البحري,تعاني شركات النقل البحري من ضعف التنسيق بين الموانئ والسفن. يوفر المشروع منصة موحدة لمتابعة العمليات البحرية.,شركات الملاحة والموانئ
117,مرحب,السياحة الداخلية,يجهل الكثير من السكان الفعاليات المحلية القريبة منهم. يقدم التطبيق توصيات مخصصة للفعاليات والمواسم السياحية.,العائلات والشباب
118,فلك,التقنية المالية,يواجه المستخدمون صعوبة في مقارنة العروض البنكية والتمويلية. يجمع المشروع المنتجات المالية ويقارنها بشكل شفاف.,الأفراد ورواد الأعمال
119,مستودع بلس,الخدمات اللوجستية,تعاني المستودعات من سوء استغلال المساحات التخزينية. يستخدم المشروع تحليلات ذكية لتحسين توزيع البضائع.,المستودعات والشركات
120,دليل الرحلة,السياحة والسفر,يعاني المسافرون من تشتت معلومات الرحلة والحجوزات. يجمع التطبيق التذاكر والحجوزات والتنبيهات في منصة واحدة.,المسافرون
121,رصد,التقنية المالية,تتعرض بعض الشركات الصغيرة لمخاطر احتيال مالي داخلي. يحلل المشروع العمليات المحاسبية لاكتشاف الأنماط غير الطبيعية.,الشركات الصغيرة والمتوسطة
122,وجهة,السياحة الفاخرة,يفتقر السياح لخدمات مخصصة تناسب اهتماماتهم الراقية. يقدم التطبيق تجارب سياحية خاصة وحجوزات حصرية.,السياح وقطاع الضيافة
123,سلسلة,إدارة الإمداد,تعاني بعض المنشآت من ضعف شفافية سلسلة التوريد. يوفر النظام تتبعًا رقميًا لكل مرحلة من مراحل التوريد.,الشركات الصناعية
124,محفظتي,التقنية المالية,يصعب على المستخدمين تتبع التزاماتهم المالية المختلفة. يقدم التطبيق لوحة موحدة للفواتير والبطاقات والالتزامات.,الأفراد
125,عين الزائر,السياحة,تعاني الوجهات السياحية من ضعف فهم حركة الزوار. يحلل المشروع بيانات الزيارات لتحسين الخدمات والتجارب.,الجهات السياحية
126,ربط,الخدمات اللوجستية,تواجه المصانع صعوبة في التنسيق مع شركات النقل والموردين. يوفر المشروع منصة موحدة لإدارة العمليات اللوجستية.,المصانع والشركات
127,تقدير,الخدمات المالية,يعاني العملاء من تأخر الموافقات التمويلية. يقدم المشروع تقييمًا ذكيًا للجدارة المالية بشكل سريع.,شركات التمويل والعملاء
128,أطلس,السياحة الرقمية,يفتقر الزوار إلى خرائط تفاعلية توضح التجارب السياحية القريبة. يوفر التطبيق خرائط ذكية مرتبطة بالأنشطة والمطاعم.,السياح
129,مرن,الخدمات اللوجستية,تعاني الشركات الموسمية من صعوبة إدارة الطلبات المرتفعة. يعتمد المشروع على تنبؤات الطلب لتوزيع الموارد بكفاءة.,شركات التوصيل والمتاجر
130,تمويلك,التقنية المالية,يواجه أصحاب المشاريع الصغيرة صعوبة في الوصول لخيارات تمويل مناسبة. يقترح النظام حلول تمويل بناءً على نشاط المشروع.,رواد الأعمال
131,رحلات,السياحة الجماعية,تعاني المجموعات السياحية من تعقيد تنسيق الرحلات. يوفر التطبيق إدارة جماعية للحجوزات والأنشطة.,شركات السياحة والعائلات
132,مؤشر الشحن,الخدمات اللوجستية,تفتقر الشركات إلى بيانات دقيقة عن أداء الشحن والتوصيل. يقدم المشروع تقارير تحليلية عن السرعة والكفاءة والتكاليف.,شركات الشحن
133,قيمة,التقنية المالية,يصعب على الأفراد تقييم العروض الشرائية والتقسيطية. يحلل التطبيق التكلفة الحقيقية للعروض والتمويل.,الأفراد
134,عين الفندق,الضيافة,تعاني الفنادق من تفاوت جودة الخدمات بين الفروع. يوفر المشروع نظام تقييم داخلي وتحليلات لتجربة الضيوف.,سلاسل الفنادق
135,موجة,النقل البحري,تواجه شركات الشحن البحري صعوبة في إدارة الجداول الزمنية. يقدم المشروع تخطيطًا ذكيًا لحركة السفن والتحميل.,شركات النقل البحري
136,درب السياحة,السياحة الريفية,تفتقر القرى والمناطق الريفية للترويج السياحي الرقمي. يوفر التطبيق دليلًا للأنشطة والمزارع والمنتجات المحلية.,السياح وأصحاب المشاريع الريفية
137,أرباح,التقنية المالية,يعاني المستثمرون الصغار من ضعف فهم العوائد والمخاطر. يقدم المشروع محاكاة استثمارية مبسطة تعتمد على بيانات السوق.,المستثمرون الأفراد
138,محور,الخدمات اللوجستية,تواجه بعض الجهات صعوبة في إدارة أساطيل النقل الكبيرة. يوفر النظام مراقبة وتحليلًا لحظيًا لحركة المركبات.,شركات النقل والخدمات
139,ذاكرة المكان,الثقافة والسياحة,يفتقر الزوار إلى محتوى يوثق القصص المحلية للمناطق التاريخية. يقدم المشروع أرشيفًا رقميًا وتجارب صوتية تفاعلية.,السياح والمهتمون بالتراث
140,نقد,التقنية المالية,يجد المستخدمون صعوبة في فهم الرسوم البنكية والالتزامات الخفية. يوفر التطبيق تحليلاً شفافًا للرسوم والخدمات المالية.,عملاء البنوك
141,ميناء ذكي,الخدمات اللوجستية,تعاني الموانئ من بطء تنسيق عمليات التحميل والتفريغ. يستخدم المشروع تحليلات فورية لتحسين كفاءة العمليات.,الموانئ وشركات الشحن
142,سياحة بلس,السياحة العلاجية,يفتقر الزوار لمعلومات موحدة عن الخدمات العلاجية والسياحية. يجمع المشروع بين الحجوزات الطبية والتجارب السياحية.,المرضى والزوار
143,مرابح,التمويل الإسلامي,يواجه العملاء صعوبة في مقارنة المنتجات التمويلية الإسلامية. يوفر التطبيق شرحًا ومقارنة واضحة للعروض المتاحة.,الأفراد والعملاء البنكيون
144,شاحن,الخدمات اللوجستية,تعاني شركات النقل من ضعف استغلال الشاحنات الفارغة. يربط المشروع الشحنات بالشاحنات المتاحة لتقليل الهدر.,شركات النقل
145,أثر الرحلة,السياحة المستدامة,يفتقر المسافرون لمعلومات عن الأثر البيئي لرحلاتهم. يحسب التطبيق البصمة الكربونية ويقترح بدائل أكثر استدامة.,المسافرون
146,سيولة,التقنية المالية,تعاني الشركات الصغيرة من صعوبة إدارة الفواتير المتأخرة. يقدم المشروع حلول متابعة وتحصيل ذكية للفواتير.,الشركات الصغيرة
147,مرافئ,الخدمات البحرية,تواجه القوارب السياحية صعوبة في تنظيم الحجوزات والمراسي. يوفر التطبيق إدارة رقمية للرحلات والمواعيد.,أصحاب القوارب السياحية
148,عين الزحام,النقل والخدمات,تعاني المناطق التجارية من ازدحام يؤثر على التوصيل والعملاء. يقدم المشروع تحليلات مرورية فورية واقتراحات بديلة.,شركات التوصيل والمتاجر
149,رحلة ذكية,السفر,يواجه المسافرون صعوبة في إدارة ميزانية السفر. يقدم التطبيق تخطيطًا ماليًا للرحلات مع تنبيهات للمصروفات.,المسافرون والشباب
150,حلقة,الخدمات اللوجستية,تعاني الشركات من ضعف التنسيق بين المخازن والفروع. يربط المشروع البيانات التشغيلية لتحديث المخزون بشكل فوري.,الشركات التجارية
151,تقييم,الخدمات المالية,يواجه العملاء صعوبة في معرفة مدى أهليتهم للتمويل قبل التقديم. يقدم التطبيق تقييمًا أوليًا فوريًا للجدارة الائتمانية.,الأفراد
152,أيام,الفعاليات والسياحة,يفتقر الزوار إلى منصة تجمع المواسم والفعاليات السياحية. يقدم المشروع توصيات وحجوزات حسب المدينة والتاريخ.,العائلات والسياح
153,سوق الرحلات,السياحة الرقمية,تواجه شركات الرحلات الصغيرة صعوبة في الوصول للعملاء. يوفر التطبيق سوقًا موحدًا للعروض والأنشطة السياحية.,شركات الرحلات
154,اتجاه,الخدمات اللوجستية,تعاني الشركات من ارتفاع تكاليف التخزين غير المخطط. يحلل المشروع أنماط الطلب لتقليل المخزون الزائد.,المصانع والمتاجر
155,حساب,التقنية المالية,يواجه المستقلون صعوبة في إدارة الضرائب والفواتير. يقدم التطبيق أدوات مبسطة للفوترة والحسابات.,المستقلون
156,دروب,السياحة الصحراوية,يفتقر الزوار إلى خدمات رقمية للرحلات الصحراوية والتخييم. يقدم المشروع خرائط وتجارب حجز مخصصة.,السياح ومحبو المغامرات
157,شبكة النقل,الخدمات اللوجستية,تعاني الشركات من ضعف التكامل بين أنظمة النقل المختلفة. يوفر المشروع منصة مركزية لتوحيد البيانات التشغيلية.,شركات النقل
158,فرصة استثمار,التقنية المالية,يواجه المستثمرون الأفراد صعوبة في اكتشاف الفرص الناشئة. يعتمد المشروع على تحليل الأسواق والقطاعات الواعدة.,المستثمرون
159,عين الميناء,الخدمات البحرية,تتأخر أحيانًا عمليات دخول السفن بسبب ضعف التنسيق. يوفر المشروع إدارة رقمية للجداول والإجراءات.,الموانئ وشركات الملاحة
160,سياح,التجارب السياحية,يفتقر الزوار لتوصيات مبنية على اهتماماتهم الشخصية. يحلل التطبيق تفضيلات المستخدم لتخصيص التجارب السياحية.,السياح
161,فواتير,الخدمات المالية,تعاني الأسر من تشتت الفواتير والخدمات الشهرية. يجمع التطبيق جميع الالتزامات في لوحة متابعة واحدة.,الأسر
162,خط الملاحة,الخدمات اللوجستية,تواجه شركات النقل البحري تحديات في جدولة الشحنات الموسمية. يقدم المشروع توقعات للطلب البحري وتحسين الجداول.,شركات الشحن البحري
163,حجزك,السياحة والضيافة,يعاني المسافرون من اختلاف الأسعار وصعوبة مقارنة الحجوزات. يوفر التطبيق مقارنة فورية للأسعار والخدمات.,المسافرون
164,معيار,التقنية المالية,تواجه المنشآت الصغيرة ضعفًا في تقييم أدائها المالي. يقدم المشروع مؤشرات وتحليلات تساعد على تحسين القرارات.,الشركات الصغيرة
165,وجهات,السياحة المحلية,يفتقر سكان المدن لاكتشاف الأنشطة القريبة منهم. يقدم التطبيق اقتراحات يومية للأنشطة والمعالم المحلية.,العائلات والشباب
166,سلسال,الخدمات اللوجستية,تعاني الشركات من ضعف التواصل بين فرق النقل والتخزين. يربط المشروع العمليات في لوحة تشغيل موحدة.,الشركات اللوجستية
167,تمكين مالي,التقنية المالية,يواجه الشباب صعوبة في بناء سجل مالي موثوق. يوفر التطبيق أدوات متابعة تساعد على تحسين السلوك المالي.,الشباب
168,عين الرحلة,السفر الذكي,يعاني المسافرون من فقدان معلومات الرحلات والتغييرات المفاجئة. يقدم المشروع تنبيهات لحظية وتحديثات تلقائية.,المسافرون
169,مخزونك,الخدمات اللوجستية,تتعرض بعض المتاجر لنقص المنتجات بسبب ضعف التوقعات. يعتمد المشروع على تحليل المبيعات لتوقع الاحتياج المستقبلي.,المتاجر والشركات
170,دليلك السياحي,السياحة الثقافية,يفتقر السياح إلى محتوى عربي وإنجليزي موثوق عن الوجهات. يوفر التطبيق معلومات موثقة وتجارب مقترحة.,السياح
171,مرابح بلس,التمويل التجاري,تعاني المنشآت الصغيرة من ضعف التخطيط المالي للنمو. يقدم المشروع تحليلات وتوصيات لإدارة السيولة والتوسع.,الشركات الصغيرة
172,رحلة بحر,السياحة البحرية,تواجه شركات الرحلات البحرية صعوبة في إدارة الحجوزات الموسمية. يوفر المشروع منصة موحدة للحجز وإدارة الرحلات.,شركات الرحلات البحرية
173,توزيع,الخدمات اللوجستية,تعاني شركات التوزيع من ضعف تنظيم جداول التسليم. يقدم المشروع تخطيطًا ذكيًا لمسارات التوزيع اليومية.,شركات التوزيع
174,خطوة استثمار,التقنية المالية,يجد كثير من الشباب الاستثمار أمرًا معقدًا. يقدم التطبيق محتوى تفاعليًا ومحاكاة لاستراتيجيات استثمار مختلفة.,الشباب
175,مضيف,الضيافة,تعاني بعض المنشآت من ضعف التواصل مع النزلاء قبل الوصول. يوفر المشروع رسائل وتوصيات تلقائية لتحسين التجربة.,الفنادق والشقق الفندقية
176,رؤية النقل,الخدمات اللوجستية,تواجه الشركات صعوبة في قياس أداء عمليات النقل. يقدم المشروع مؤشرات وتقارير تشغيلية لحظية.,شركات النقل
177,ترحال بلس,السفر والسياحة,يفتقر المسافرون إلى أدوات لتنظيم الرحلات الجماعية. يوفر التطبيق تقسيم المصروفات وجدولة الأنشطة.,العائلات والمجموعات
178,ميزانية,التقنية المالية,يعاني كثير من المستخدمين من غياب أهداف مالية واضحة. يساعد التطبيق على بناء خطط مالية شهرية قابلة للمتابعة.,الأفراد
179,ربان,الخدمات البحرية,تواجه القوارب التجارية صعوبة في متابعة الصيانة الدورية. يقدم المشروع سجلًا رقميًا للصيانة والتنبيهات.,شركات النقل البحري
180,رحلة أعمال,السفر التجاري,يعاني موظفو الشركات من تعقيد تنظيم رحلات العمل. يجمع التطبيق الحجوزات والتقارير والموافقات في منصة واحدة.,الشركات والموظفون
181,توازن مالي,الخدمات المالية,يعاني بعض الأفراد من سوء توزيع المصروفات الشهرية. يقدم التطبيق توصيات مالية بناءً على نمط الإنفاق.,الأفراد
182,عين السائح,السياحة الرقمية,تواجه الجهات السياحية صعوبة في قياس رضا الزوار. يحلل المشروع تقييمات الزوار واقتراحاتهم لتحسين التجربة.,الجهات السياحية
183,ممر,الخدمات اللوجستية,تعاني شركات النقل من تأخر تسليم الطلبات الحساسة. يوفر المشروع أولوية ذكية للشحنات العاجلة.,شركات الشحن
184,محور مالي,التقنية المالية,تفتقر الشركات الصغيرة لأدوات مبسطة لإدارة التدفقات المالية. يقدم المشروع تقارير مالية سهلة الفهم.,الشركات الصغيرة
185,سياحة الريف,السياحة الريفية,تعاني المشاريع الريفية من ضعف الوصول للسياح. يربط التطبيق الزوار بالمزارع والأنشطة المحلية.,أصحاب المشاريع الريفية
186,ربط الشحن,الخدمات اللوجستية,تواجه الشركات صعوبة في التنسيق بين مزودي النقل المختلفين. يوفر المشروع منصة موحدة لمقارنة الخدمات والأسعار.,الشركات التجارية
187,قيمة بلس,الخدمات المالية,يصعب على المستخدمين تقييم قرارات الشراء الكبيرة. يحلل التطبيق تأثير القرارات الشرائية على الميزانية المستقبلية.,الأفراد
188,عين الفعالية,السياحة والفعاليات,يفتقر الزوار إلى توصيات مخصصة للفعاليات حسب اهتماماتهم. يقترح التطبيق أنشطة وفعاليات مناسبة للمستخدم.,الزوار والشباب
189,خط الإمداد,إدارة الإمداد,تعاني الشركات من ضعف الرؤية حول حالة الشحنات أثناء النقل. يقدم المشروع تحديثات لحظية وتنبيهات ذكية.,الشركات الصناعية
190,مرابحة,التقنية المالية الإسلامية,يواجه العملاء صعوبة في فهم تفاصيل التمويل الإسلامي. يقدم المشروع شروحات مبسطة ومقارنات شفافة.,الأفراد
191,عين الرحّالة,السياحة والمغامرات,يفتقر محبو المغامرات إلى معلومات موثوقة عن المواقع الطبيعية. يوفر التطبيق خرائط وإرشادات للرحلات البرية.,محبو المغامرات
192,إمداد بلس,الخدمات اللوجستية,تعاني الشركات من ارتفاع تكاليف النقل بين المدن. يقترح المشروع حلول دمج الشحنات وتقليل الرحلات الفارغة.,شركات النقل
193,تدبير,الخدمات المالية,يواجه الأفراد صعوبة في الاستعداد للمصاريف الموسمية. يساعد التطبيق في التخطيط المالي للمواسم والمناسبات.,الأسر والأفراد
194,وجهة بحر,السياحة البحرية,تعاني الوجهات الساحلية من ضعف التنظيم الرقمي للأنشطة البحرية. يوفر المشروع حجوزات موحدة للأنشطة والقوارب.,السياح
195,مسار ذكي,الخدمات اللوجستية,تواجه شركات النقل مشاكل في إدارة أوقات التسليم الدقيقة. يقدم المشروع تنبؤات زمنية أكثر دقة باستخدام البيانات الحية.,شركات الشحن
196,تمويل مباشر,التقنية المالية,يعاني أصحاب المشاريع من طول إجراءات طلب التمويل. يوفر التطبيق تقديمًا رقميًا سريعًا وربطًا مباشرًا بالممولين.,رواد الأعمال
197,دليلة,السياحة النسائية,تفتقر المسافرات إلى معلومات وخدمات مصممة لاحتياجاتهن. يقدم التطبيق توصيات وتجارب آمنة ومخصصة.,المسافرات
198,محطة,الخدمات اللوجستية,تعاني الشركات من ضعف إدارة نقاط الاستلام والتسليم. يوفر المشروع نظامًا رقميًا لتنسيق عمليات التسليم.,شركات التوصيل
199,رصيد,الخدمات المالية,يواجه المستخدمون صعوبة في تتبع المكافآت والنقاط البنكية. يجمع التطبيق برامج الولاء ويقترح أفضل طرق الاستفادة منها.,عملاء البنوك
200,رحلة السعودية,السياحة الوطنية,يفتقر الزوار إلى تجربة رقمية موحدة لاكتشاف الوجهات السعودية. يجمع المشروع الأنشطة والحجوزات والمحتوى المحلي في منصة واحدة.,السياح والزوار
201,حصاد ذكي,الزراعة الذكية,تواجه البيوت المحمية والمزارع هدرًا في مياه الري بسبب غياب التنبؤ بحالة الطقس واحتياج النبات الدقيق. يقدم المشروع منظومة إنترنت أشياء (IoT) مع ذكاء اصطناعي لتحليل الرطوبة وأتمتة الري بدقة.,أصحاب المزارع والبيوت المحمية
202,امتثال,التقنية القانونية (RegTech),تواجه المنشآت الناشئة صعوبة وتكلفة عالية في مواكبة التحديثات والتنظيمات القانونية المستمرة. توفر المنصة فحصاً آلياً بالذكاء الاصطناعي للمستندات والعقود للتأكد من مطابقتها للأنظمة المحلية.,الشركات الناشئة والمستثمرون
203,نسك ميسر,تقنيات الحج والعمرة,يعاني بعض الحجاج كبار السن من صعوبة تتبع مجموعاتهم أو معرفة مواقع الخدمات القريبة بالمشاعر. يقدم التطبيق نظام توجيه ذكي بالواقع المعزز (AR) يعمل بدون إنترنت لتسهيل الحركة والوصول.,الحجاج والمعتمرين
204,إرث الرقمي,الثقافة والفنون,يفتقر المهتمون بالتراث إلى منصات تفاعلية توثق الفنون الشعبية والأزياء التراثية السعودية. يعتمد المشروع على تقنيات ثلاثية الأبعاد (3D) والذكاء الاصطناعي التوليدي لأرشفة وإحياء الموروث الثقافي.,الباحثون والمهتمون بالسياحة الثقافية
205,كفاءة,الطاقة المتجددة,تعاني المنشآت الصناعية من صعوبة رصد الهدر في الطاقة الكهربائية والانبعاثات بدقة لحظية. يقدم المشروع لوحة تحكم ذكية تعتمد على التعلم الآلي للتنبؤ بأنماط الاستهلاك وتقديم توصيات لخفض الهدر.,المصانع والمنشآت التجارية
206,جسر,الموارد البشرية,يواجه الخريجون الجدد صعوبة في العثور على فرص تدريبية تتناسب مع مهاراتهم الفعلية وليس تخصصاتهم فقط. يقوم التطبيق بتقييم مهارات المتقدم برمجياً ثم ربطه آلياً بالفرص التدريبية المناسبة.,الخريجون الجدد والشركات
207,رعاية عن بعد,الصحة الرقمية,يصعب على المرضى في المناطق النائية الوصول المستمر للأطباء المتخصصين لمتابعة الأمراض المزمنة. يوفر المشروع منصة عيادات افتراضية متكاملة لتبادل المؤشرات الحيوية والاستشارات الفورية.,مرضي الأمراض المزمنة في المناطق البعيدة
208,تأمين بلس,تقنيات التأمين (InsurTech),تستغرق إجراءات تقدير أضرار المركبات وتسوية المطالبات التأمينية وقتاً طويلاً. يعتمد التطبيق على رؤية الحاسوب (Computer Vision) لتحليل صور الحوادث وتحديد قيمة الضرر والتعويض فورياً.,شركات التأمين وأصحاب المركبات
209,أثر,المسؤولية الاجتماعية,تجد الشركات صعوبة في قياس الأثر الفعلي لمبادراتها المجتمعية وتوجيه الدعم للمستحقين. تقدم المنصة أدوات تحليل بيانات متقدمة لربط المبادرات بالاحتياجات الفعلية للمجتمع وقياس العائد.,الشركات والجمعيات الأهلية
210,سوق محلي,الحرف والأسر المنتجة,تفتقر الأسر المنتجة والحرفيون لأدوات احترافية لإدارة المخزون والتسعير اللوجستي للمنتجات. يوفر التطبيق منصة تجارة إلكترونية سحابية مزودة بمساعد ذكي لإدارة المبيعات والتوصيل.,الأسر المنتجة والحرفيون
211,وقاية,البيئة والاستدامة,تواجه الجهات البيئية صعوبة في التنبؤ بانتشار الآفات الزراعية أو حرائق الغابات المبكرة. يستخدم المشروع صور الأقمار الصناعية والذكاء الاصطناعي لرصد التغيرات النباتية والتحذير الاستباقي.,الوزارات والجهات البيئية
212,مدرستي الذكية,التقنيات التعليمية,يعاني أولياء الأمور من ضعف المتابعة اللحظية لسلوك الحافلات المدرسية ومواعيد وصول الأبناء. يقدم النظام تتبعاً حياً ومؤتمتاً عبر تقنيات النطاق العريض لإرسال تنبيهات أمان ذكية.,أولياء الأمور وإدارات المدارس
213,بنية,إدارة المرافق,يواجه مهندسو الصيانة صعوبة في تشخيص أعطال البنية التحتية والمباني الضخمة تحت الأرض. يوفر التطبيق توأمة رقمية (Digital Twin) للمبنى لتسهيل الصيانة الوقائية ورصد التشققات.,شركات المقاولات وإدارة المرافق
214,وفير,سلاسل الإمداد,تعاني أسواق النفع العام (الخضار والفواكه) من تذبذب الأسعار وتلف المنتجات بسبب سوء التوزيع. يربط التطبيق المزارعين مباشرة بأسواق التجزئة بناءً على خوارزميات التنبؤ بالطلب اليومي.,المزارعون وتجار التجزئة
215,منيع,الأمن السيبراني,تتعرض الأجهزة المنزلية الذكية (IoT) للاختراقات لضعف حمايتها الافتراضية. يقدم المشروع برمجية حماية سحابية خفيفة الوزن تعتمد على سلوك الشبكة لحظر أي محاولات وصول مشبوهة.,مستخدمو الأجهزة المنزلية الذكية
216,إيجار ذكي,التقنية العقارية,تقع نزاعات متكررة بين الملاك والمستأجرين حول توثيق حالة العقار قبل وبعد الإيجار. يتيح التطبيق توثيقاً رقمياً تفاعلياً ومحميًا بتقنية البلوكشين لحالة العقار بالصور والتقارير.,الملاك والمستأجرون
217,سهل,رعاية ذوي الإعاقة,يواجه الصم والبكم صعوبة كبيرة في التعامل مع المعاملات الحكومية أو التجارية الصوتية. يوفر التطبيق مترجماً فورياً يعتمد على رؤية الحاسوب لتحويل لغة الإشارة إلى صوت ونص مكتوب والعكس.,الصم والبكم والمنشآت الخدمية
218,فندقة,السياحة والضيافة,تعاني الفنادق الصغيرة ودور الضيافة من تدني نسب الإشغال لعدم قدرتها على التسعير الديناميكي. يقدم المشروع محرك تسعير ذكي يحلل أسعار السوق والمواسم لتعديل الأسعار آلياً ومنافسة الفنادق الكبرى.,أصحاب دور الضيافة والفنادق المحلية
219,رصين,التقنية المالية,يواجه المبتدئون في الاستثمار تخوفاً من الخسارة بسبب غياب التوجيه المالي البسيط. يقدم التطبيق مستشاراً آلياً (Robo-Advisor) يوزع المدخرات البسيطة في محافظ استثمارية منخفضة المخاطر آلياً.,صغار المستثمرين والمبتدئين
220,محتوى,الإعلام الرقمي,يستغرق صناع المحتوى وقتاً طويلاً في تكييف نصوصهم لتناسب مختلف منصات التواصل الاجتماعي. يوفر المشروع أداة تعتمد على النماذج اللغوية الكبيرة لإعادة صياغة المحتوى وتوليد الوسائط الملائمة لكل منصة.,صناع المحتوى والمسوقون الرقميون
221,تطوير,المقاولات والإنشاءات,تعاني مشاريع البناء من تأخر التسليم بسبب ضعف التنسيق اليومي بين العمال والمقاولين. يوفر التطبيق منصة إدارة ميدانية لتحديث نسب الإنجاز ورصد الملاحظات عبر صور الجوال ومطابقتها بالمخطط.,شركات المقاولات والمهندسون
222,شاحن,خدمات السيارات الكهربائية,يواجه ملاك السيارات الكهربائية صعوبة في التخطيط للرحلات الطويلة لعدم معرفة توفر الشواحن بالطريق. يقدم التطبيق مخطط رحلات ذكي يحسب استهلاك البطارية ويوجه السائق لأقرب محطة شحن شاغرة.,ملاك السيارات الكهربائية
223,ترجمان الحرم,التقنيات اللغوية,يواجه الزوار غير الناطقين بالعربية صعوبة في فهم الخطب والدروس القائمة في الحرمين الشريفين مباشرة. يوفر النظام ترجمة نصية وصوتية فورية مدعومة بالذكاء الاصطناعي وبمختلف اللغات.,حجاج وزوار بيت الله الحرام
224,سقيا,الأمن المائي,تعاني الشبكات المائية داخل المنشآت الكبيرة من تسريبات غير مكتشفة تسبب هدراً مالياً ومائياً ضخماً. يستخدم التطبيق مستشعرات تدفق ذكية مع خوارزميات رصد الشذوذ لتحديد مكان التسريب بدقة.,المنشآت الكبرى والمجمعات السكنية
225,مدار,الفضاء والابتكار,يفتقر الباحثون والطلاب إلى منصات عربية تفاعلية تتيح تحليل واستخدام بيانات الفضاء المفتوحة وتطبيقاتها الأرضية. يوفر المشروع واجهة برمجية مبسطة لعرض وتفسير صور الأقمار الصناعية للنمو العمراني.,الباحثون والطلاب في مجال الفضاء
226,إسناد اللوجستي,الخدمات اللوجستية,تعاني المتاجر الإلكترونية من مشاكل المرتجعات وتكلفتها العالية وضياع المنتجات. يوفر النظام حلاً مؤتمتاً لإدارة الشحنات المرتجعة وإعادة توجيهها لأقرب مستودع مرن لتقليل التكاليف.,المتاجر الإلكترونية وشركات الشحن
227,دليلي الرياضي,الرياضة والصحة,"يجد الهواة صعوبة في العثور على ملاعب متاحة أو شركاء لممارسة الرياضات الجماعية في أوقات فراغهم. يتيح التطبيق حجز الملاعب الفوري، وتنظيم مباريات ودية بين المستخدمين حسب مستوياتهم.",الهواة ومحبو الأنشطة الرياضية
228,تحكيم,الرياضة الرقمية,تفتقر الألعاب والبطولات الرياضية المحلية والمدرسية إلى تقنيات التحكيم الدقيق لارتفاع تكلفتها (مثل VAR). يقدم التطبيق نظاماً اقتصادياً يعتمد على كاميرا هاتف واحدة والذكاء الاصطناعي لتحليل اللقطات الجدلية.,المدارس والأندية الرياضية الهواة
229,مسار المحترفين,التوظيف والتدريب,يعاني الموظفون من صعوبة تحديد المهارات المطلوبة للترقية أو الانتقال لمستوى وظيفي أعلى. يحلل التطبيق المسارات المهنية الناجحة بالسوق السعودي ويقدم خطة مخصصة بالدورات الناقصة للموظف.,الموظفون والباحثون عن التطور المهني
230,وقود أخضر,البيئة والطاقة,تواجه المطاعم والمطابخ الكبرى صعوبة في التخلص الآمن من زيوت الطهي المستعملة وتديرها بطرق تضر البيئة. يوفر التطبيق منصة لوجستية لجمع الزيوت وتحويلها آلياً لشركات إنتاج الوقود الحيوي.,أصحاب المطاعم وشركات إعادة التدوير
231,بلدي ذكي,العمليات البلدية,تستغرق معالجة بلاغات التشوه البصري (كالكتابة على الجدران أو المخلفات) وقتاً لتصنيفها وتوجيهها للمقاول الصحيح. يعتمد المشروع على الفرز الآلي للبلاغات المصورة وتوجيه الفرق ميدانياً.,أمانات المدن والبلديات
232,أكاديميا,البحث العلمي,يواجه الباحثون الأكاديميون صعوبة في العثور على شركاء بحثيين من تخصصات مختلفة لتشكيل فرق بحثية متكاملة. تقوم المنصة بقرائن ذكية للباحثين بناءً على اهتماماتهم وأبحاثهم السابقة.,الأكاديميون والباحثون في الجامعات
233,بوابة النقل,النقل العام,يعاني مستخدمو النقل العام (الحافلات والمترو) من صعوبة التخطيط لرحلات تجمع بين وسائل نقل متعددة وتذاكر منفصلة. يوفر التطبيق تذكرة رقمية موحدة وتخطيطاً ديناميكياً للرحلة شاملة كافة الوسائل.,ركاب ومستخدمو وسائل النقل العام
234,نبض,إدارة الأزمات,تواجه فرق الطوارئ صعوبة في جمع البيانات وتوزيع المهام بكفاءة في الدقائق الأولى من الكوارث الطبيعية كالسيول. يوفر المشروع منصة مركزية لجمع بلاغات الجمهور وتحليل خطورتها برمجياً.,الدفاع المدني والجهات الإسعافية
235,منصة عدل,الخدمات القانونية,يجد المستهلكون صعوبة في صياغة الشكاوى القانونية وحماية حقوقهم التجارية لجهلهم بالأنظمة. يوفر التطبيق مولداً ذكياً للبلاغات والشكاوى القضائية والعمالية وفقاً للأنظمة السعودية المحدثة.,الأفراد والمستهلكون والتجار
236,قريب,السياحة المحلية,يجد السياح صعوبة في العثور على مرشدين سياحيين محليين مرخصين ومناسبين لاهتماماتهم الخاصة وعوائلهم. يربط التطبيق السياح بالمرشدين المحليين مباشرة حسب التقييم والتخصص والموقع اللحظي.,السياح والزوار والمنشآت السياحية
237,خطوة,العلاج الطبيعي,يتكاسل بعض المرضى عن أداء تمارين العلاج الطبيعي المنزلية لعدم وجود توجيه وتصحيح لحركاتهم. يستخدم التطبيق كاميرا الهاتف والذكاء الاصطناعي لمراقبة زوايا الحركة وتصحيح التمارين بالمنزل.,مرضى إعادة التأهيل والعلاج الطبيعي
238,تحليلات التجزئة,قطاع التجزئة,تعاني المتاجر التقليدية الصغيرة من عدم فهم سلوك المتسوقين داخل المتجر مقارنة بالمتاجر الإلكترونية. يوفر النظام تحليلاً لخرائط الحرارة ومسارات حركة الزوار داخل المتجر عبر كاميرات المراقبة.,أصحاب المحلات التجارية ومتاجر التجزئة
239,صيانة بلس,خدمات السيارات,يواجه أصحاب السيارات استغلالاً أو صعوبة في تشخيص أعطال السيارات بشكل دقيق ومحايد قبل الذهاب لورش الصيانة. يوفر التطبيق فحصاً صوتياً للأعطال الميكانيكية بالذكاء الاصطناعي مع تقدير للتكلفة.,ملاك السيارات والسائقون
240,ميزان,التجارة الإلكترونية,يواجه المتسوقون عبر الإنترنت مشكلة عدم مطابقة مقاسات الملابس لعدم توحيد المقاييس بين العلامات التجارية. يوفر التطبيق ميزة القياس الافتراضي الذكي عبر مسح أبعاد الجسم بكاميرا الجوال.,المتسوقون عبر المتاجر الإلكترونية
241,مخزون ذكي,التجارة والتموين,تعاني المستودعات من خسائر تلف البضائع ذات الصلاحية المحددة بسبب سوء الترتيب وجدولة الصرف. يوفر النظام إدارة ذكية للمخزون تعتمد على خوارزميات (ما يدخل أولاً يخرج أولاً ذكياً) مع تنبيهات مبكرة.,أصحاب المستودعات وشركات التوزيع
242,مسعف,الخدمات الإسعافية,يواجه المارة صعوبة في تقديم الإسعافات الأولية الصحيحة للمصابين بالنوبات المفاجئة حتى وصول الإسعاف. يوفر التطبيق إرشادات تفاعلية فورية بالصوت ومحاكاة بصرية مبسطة بناءً على نوع الإصابة المكتشفة.,أفراد المجتمع والعاملون في الأماكن العامة
243,رادار الهدر,الاستدامة الغذائية,تعاني الفنادق وقاعات الأفراح من هدر كميات ضخمة من الأطعمة لغياب التنبؤ الدقيق بعدد الحضور. يوفر التطبيق نظاماً برمجياً لتحليل سلوك تأكيد الحضور والتنبؤ بالكميات المطلوبة للمطابخ بدقة.,"الفنادق، قاعات المناسبات، وشركات الإعاشة"
244,إيجاز,تقنيات الشركات,يضيع الموظفون ساعات طويلة في قراءة ملفات التقارير الدورية الضخمة والاجتماعات الطويلة لملخصات الأعمال. توفر الأداة تلخيصاً ذكياً ومبنياً على استخراج القرارات ونقاط العمل التنفيذية من المستندات.,المدراء التنفيذيون وموظفو الشركات
245,بصير,رعاية المكفوفين,يواجه المكفوفون صعوبة في قراءة اللوحات الإرشادية وقوائم الطعام غير المكتوبة بطريقة برايل. يوفر التطبيق وصفاً صوتياً فورياً ومفصلاً للمحيط والنصوص بمجرد توجيه كاميرا الهاتف الذكي.,المكفوفون وضعاف البصر
246,منصة مزاد,التقنية العقارية,تفتقر المزادات العقارية والتجارية لآليات تضمن الشفافية وتمنع التلاعب وتسهل المشاركة عن بعد. تقدم المنصة نظاماً للمزادات العلنية الرقمية بالكامل مدعوماً بالعقود الذكية لتوثيق الصفقات فورياً.,"المستثمرون، العقاريون، والجهات القضائية"
247,نقاطي,النقل المستدام,تواجه المدن تلوثاً وازدحاماً لضعف إقبال السكان على استخدام الدراجات والمشي. يقدم التطبيق نظام مكافآت يحول خطوات المشي واستخدام الدراجات النقالة إلى نقاط وقسائم شرائية بالتعاون مع المتاجر.,سكان المدن والبلديات
248,تفتيش ذكي,الموانئ والجمارك,يستغرق الفحص اليدوي للشحنات والحاويات بالموانئ وقتاً طويلاً قد يعطل سلاسل الإمداد. يوفر المشروع نظام تحليل لصور الأشعة السينية (X-Ray) بالذكاء الاصطناعي لاكتشاف المواد المخالفة برمجياً وسريعاً.,الجمارك والمنشآت اللوجستية
249,أمن المنشأة,الأمن السيبراني والميداني,تواجه المنشآت الحساسة خطورة دخول أشخاص غير مصرح لهم باستخدام هويات مفقودة أو مسروقة. يوفر النظام التحقق الثنائي التلقائي بربط كاميرات الدخول بالتعرف الذكي على الوجه والمطابقة الحية للهويات الرقمية.,الشركات الكبرى والمنشآت الحيوية
250,رحلة الطيران,الطيران والسياحة,يعاني المسافرون من ضغوطات تأخر أمتعتهم بالمطارات وصعوبة تتبع مسار الحقيبة بعد تسليمها. يوفر التطبيق نظام تتبع عبر شرائح ذكية منخفضة التكلفة مرتبطة ببوابة المطار ومتاحة لتتبع المسافر مباشرة.,المسافرون وشركات الطيران
251,كود آمن,الأمن السيبراني,يواجه المطورون المبتدئون خطر رفع أكواد برمجية تحتوي على ثغرات أمنية غير مكتشفة إلى الخوادم. توفر الإضافة البرمجية فحصاً آلياً فوريًا للكود أثناء الكتابة لتصحيح الثغرات قبل النشر.,المطورون والشركات التقنية
252,طاقة الغد,الطاقة النظيفة,تعاني المجمعات السكنية من صعوبة حساب العائد الاستثماري لتركيب الألواح الشمسية وتوزيع الطاقة الفائضة. يقدم التطبيق محاكاة رقمية تحلل مساحة الأسطح ومعدل السطوع الشمسي لتقدير الإنتاج بدقة.,المجمعات السكنية والمستثمرون
253,رائد الصغير,الثقافة المالية للأطفال,يفتقر الأطفال إلى أدوات تفاعلية عملية لتعلم مبادئ الادخار والاستثمار الذكي بشكل مبسط. يقدم التطبيق تجربة ألعاب (Gamification) تفاعلية تتيح للأطفال إدارة ميزانيات تخيلية تحت إشراف الأبوين.,الأطفال من 8-15 سنة وأولياء الأمور
254,مسار الشحن,إدارة الأساطيل,تواجه شركات الشحن البري خسائر بسبب عدم كفاءة توزيع الأوزان داخل الشاحنات مما يزيد استهلاك الوقود. يستخدم النظام مستشعرات وزن ذكية مع خوارزمية لتوزيع الحمولة هندسياً بشكل مثالي.,شركات الشحن والخدمات اللوجستية
255,منصة وتد,التقنية القانونية,تستغرق الشركات وقتاً طويلاً في صياغة وتدقيق اتفاقيات عدم الإفصاح (NDA) وشروط الخدمة. تقدم المنصة مولداً ذكياً للعقود القياسية باللغة العربية بناءً على قطاع الشركة ونوع الشراكة.,رواد الأعمال والشركات الناشئة
256,إرواء,البيئة والاستدامة,تعاني المتنزهات والحدائق العامة من هدر مياه التحلية نتيجة ري المساحات الخضراء في أوقات تبخر عالية. يقدم المشروع شبكة مستشعرات لاسلكية تحدد جدول الري بناءً على رطوبة التربة والتبخر اللحظي.,الأمانات وإدارات الحدائق العامة
257,مرشد الأثر,السياحة البيئية,يجد محبو السياحة البيئية صعوبة في تقييم مدى التزام المخيمات والمنتجهات بالمعايير البيئية وحماية الطبيعة. يتيح التطبيق دليلاً ومؤشراً ذكياً لتقييم المنشآت السياحية بناءً على استدامتها.,السياح البيئيون ومحبو التخييم
258,تبيان المريض,الرعاية الصحية,يجد المرضى صعوبة في فهم المصطلحات الطبية المعقدة المكتوبة في تقارير الأشعة والتحاليل. يقوم التطبيق بتحليل وثيقة التقرير بالذكاء الاصطناعي وتبسيطها للمريض بلغة عربية مفهومة.,المرضى والمراجعون الطبيون
259,بناء مرن,قطاع الإنشاءات,تفتقر مواقع البناء إلى وسائل آلية للتحقق من التزام العمال بارتداء أدوات السلامة (الخوذة والسترة). يعتمد النظام على تحليل كاميرات الموقع برؤية الحاسوب لإرسال تنبيهات فورية للمشرف.,شركات المقاولات ومسؤولو السلامة
260,عقد ذكي,التقنية العقارية,تستغرق عمليات بيع العقارات وإجراءات الإفراغ وقتاً وتتطلب وسطاء متعددين لضمان الدفع والتوثيق. يوفر المشروع منصة لتبادل الملكية العقارية مباشرة عبر العقود الذكية لضمان الشفافية.,المشترون والملاك والمستثمرون
261,تذوق,قطاع المطاعم,تعاني المطاعم من ضعف دقة تقييمات الوجبات عبر منصات التوصيل لكونها تقييمات عامة للمتجر. يتيح التطبيق نظاماً لتحليل مشاعر العملاء وتقييماتهم التفصيلية لكل طبق على حدة لتطوير القائمة.,أصحاب المطاعم والطهاة
262,نبيه الهواة,الرياضة الرقمية,يواجه لاعبو التنس والباولينغ الهواة صعوبة في تطوير مهاراتهم دون مدرب شخصي مكلف. يستخدم التطبيق مستشعرات قابلة للارتداء أو تحليل الفيديو لمراقبة حركة المضرب وتقديم نصائح تصحيحية.,ممارسو رياضات الهواة
263,تواصل مرن,التعليم الشامل,يواجه الطلاب ذوو الإعاقة السمعية صعوبة في الاندماج داخل الفصول الدراسية الافتراضية. يوفر المشروع إضافة للمنصات التعليمية تقوم بترجمة كلام المعلم اللحظي إلى لغة إشارة متحركة (Avatar).,الطلاب الصم والمؤسسات التعليمية
264,إمداد مرن,سلاسل الإمداد,تواجه المصانع توقفاً مفاجئاً لخطوط الإنتاج بسبب تأخر وصول قطع الغيار من الموردين الدوليين. يقدم النظام حلاً للتنبؤ بمواعيد التأخير اللوجستي واقتراح موردين محليين بدلاء تلقائياً.,مدراء سلاسل الإمداد والمصانع
265,منصة مساهم,الاستثمار الجماعي,يصعب على صغار المستثمرين المشاركة في تمويل المشاريع الزراعية أو الصناعية الكبرى لارتفاع الحد الأدنى للتكلفة. تقدم المنصة نموذج تمويل جماعي مقسم الأصول لحصص رقمية صغيرة.,صغار المستثمرين ورواد الأعمال
266,مفتش التجزئة,مكافحة التستر,تواجه الجهات الرقابية صعوبة في الرصد الميداني للمحلات التي يشتبه بوجود تستر تجاري فيها. يعتمد المشروع على خوارزميات تحليل البيانات المالية وسلوك المبيعات لتحديد الأنشطة المشبوهة.,وزارة التجارة والجهات الرقابية
267,ميزان النقل,النقل التشاركي,يعاني الركاب في النقل التشاركي من تقلبات الأسعار المفاجئة وغير المبررة خلال أوقات الذروة. يقدم المشروع نموذجاً رياضياً للتسعير العادل يأخذ بالاعتبار حركة المرور الفعلية والطلب الفعلي.,ركاب وسائقو النقل التشاركي
268,عين النحال,النحل وإنتاج العسل,يتعرض النحالون لخسائر بسبب هجرة النحل المفاجئة أو إصابة الخلايا بالأمراض دون علمهم. يوفر المشروع خلية ذكية مزودة بمستشعرات صوت وحرارة لتحليل طنين النحل واكتشاف المخاطر مبكراً.,النحالون ومنتجو العسل المحليون
269,أرشيف ذكي,إدارة الوثائق,تواجه الجهات والشركات القديمة صعوبة بالغة في البحث داخل ألوف الوثائق الورقية الممسوحة ضوئياً (PDF). يوفر النظام محرك بحث متقدم يعتمد على التعرف الضوئي (OCR) وفهم سياق النصوص.,الأرشيفات والشركات والجهات الحكومية
270,رحلة آمنة,اللوجستيات المبردة,تلف الأدوية والأغذية الحساسة أثناء النقل بسبب تذبذب درجات حرارة الحاويات دون توثيق. يوفر النظام تتبعاً حياً ومحميًا بالبلوكشين لدرجات الحرارة طوال مسار الشحنة لضمان سلامتها.,شركات الأدوية ومستوردو الأغذية
271,تذاكر بلس,الفعاليات والترفيه,يعاني سوق الفعاليات من انتشار تذاكر السوق السوداء والتلاعب بالأسعار وإعادة البيع غير القانوني. يعتمد المشروع على إصدار تذاكر رقمية مشفرة كأصول رقمية فريدة ترتبط بهوية المشتري ولا تقبل النسخ.,منظمو الفعاليات وجمهور الترفيه
272,مستشار الاستدامة,العمارة الخضراء,يواجه المهندسون صعوبة في اختيار مواد بناء محلية تحقق كفاءة الطاقة وتطابق معايير الاستدامة الصارمة. يقدم المشروع منصة بيانات تحلل الخصائص الحرارية والمستدامة للمواد المحلية.,المكاتب الهندسية والمطورون العقاريون
273,صحة الفم,تقنيات طب الأسنان,يتأخر الكثير من الأشخاص في زيارة طبيب الأسنان حتى تفاقم المشكلة لعدم قدرتهم على الفحص المبكر. يتيح التطبيق فحصاً أولياً لتسوس الأسنان وصحة اللثة من خلال التقاط صورة واضحة بالفلاش.,الأفراد والعائلات
274,إدارة الهدر,التصنيع الذكي,تعاني خطوط إنتاج البلاستيك والحديد من هدر المواد الخام نتيجة أخطاء المعايرة اليدوية للآلات. يربط المشروع آلات التصنيع بنظام تعلم آلي يضبط المعايرة ذاتياً بناءً على مخرجات الجودة.,المصانع ومهندسو التشغيل
275,خط عربي,التقنيات الثقافية,تواجه خوارزميات التصميم صعوبة في توليد خطوط عربية وتراكيب فنية مضبوطة بدقة تحاكي الخطاطين المحترفين. يقدم المشروع نموذج ذكاء اصطناعي توليدي مخصص لابتكار لوحات بالخطوط الكلاسيكية.,"المصممون، دور النشر، والجهات الثقافية"
276,محاكي التعدين,التعدين والطاقة,تواجه شركات التنقيب مخاطر مالية عالية عند تحديد أماكن الحفر بالمناجم للاستكشاف المعدني. يقدم المشروع منصة محاكاة ثلاثية الأبعاد تعتمد على البيانات الجيولوجية للتنبؤ بأماكن وفرة المعادن.,شركات التعدين والمهندسون الجيولوجيون
277,تأهيل مرن,السجون والإصلاحيات,تواجه الحواضن الإصلاحية صعوبة في قياس مدى جاهزية النزلاء النفسية والمهنية لإعادة الاندماج في المجتمع. توفر المنصة مسارات تعليمية وتقييمية ذكية تقيس التطور السلوكي والمهني للنزيل.,الجهات الإصلاحية والمؤسسات الاجتماعية
278,راصد الأجواء,إدارة الأرصاد,تفتقر محطات الأرصاد في المدن الصغيرة إلى بيانات مناخية دقيقة وشديدة المحلية للتنبؤ بالسيول المفاجئة. يدمج المشروع بيانات محطات الهواة المنزلية عبر منصة موحدة لتحليل الطقس بدقة.,مراكز الأرصاد والبلديات المحلية
279,مسار الشفاء,إدارة المستشفيات,"يعاني المرضى من طول فترات الانتظار للتنقل بين العيادات، المختبر، والأشعة داخل المستشفيات الكبيرة. يوفر التطبيق نظام جدولة ديناميكي يوجه المريض للقسم الأقل ازدحاماً لحظياً.",المستشفيات الكبرى والمراكز الطبية
280,تقييم ذكي,التأمين الصحي,تواجه شركات التأمين الطبي مشكلة في الفرز اليدوي لآلاف طلبات الموافقة على العمليات مما يؤخر علاج المرضى. يعتمد النظام على الفرز الآلي للطلبات ومطابقتها بكتيب السياسات فوراً.,شركات التأمين والمستشفيات
281,تتبع الشحنة,التجارة الإلكترونية,يواجه العملاء صعوبة في استلام الشحنات الكبيرة (كالأثاث) لعدم تحديد موعد وصول دقيق من شركات التوصيل. يقدم المشروع نظام ملاحة ذكي يتيح تتبع الشاحنة وموقعها بدقة في آخر 5 كيلومترات.,متسوقو الإنترنت وشركات توصيل الأثاث
282,حامي الهوية,التزييف العميق,تزايدت مخاطر الاحتيال الرقمي باستخدام تقنيات التزييف العميق للأصوات والفيديوهات (Deepfakes) لسرقة الحسابات. يقدم المشروع برمجية أمنية تفحص المكالمات المرئية للتحقق من حيوية وموثوقية المتصل.,البنوك والمنشآت المالية والأفراد
283,وقاية المحصول,الزراعة الذكية,تنتشر الفطريات بأوراق أشجار النخيل وتسبب تلف المحصول قبل التمكن من معالجتها لعدم الرصد المبكر. يستخدم المشروع طائرات الدرونز لالتقاط صور للمزارع وتحليل صحة الأشجار عبر الطيف الضوئي.,أصحاب مزارع النخيل ومصدرو التمور
284,إرشاد المهني,التعليم الفني والمهني,يواجه طلاب المعاهد الفنية صعوبة في مواكبة المتطلبات التقنية المتسارعة للورش والمصانع الحديثة. يوفر التطبيق بيئة تدريب افتراضية (VR) تحاكي تشغيل وصيانة الآلات الصناعية المعقدة بأمان.,طلاب التعليم الفني والمعاهد الصناعية
285,دليلي الرقمي,خدمات المعارض,يضيع زوار المعارض والمؤتمرات الضخمة وقتاً في البحث عن أجنحة الشركات التي تهمهم. يوفر التطبيق نظام ملاحة داخلي (Indoor Navigation) عبر الـ Bluetooth Beacons يوجه الزائر لهدفه.,منظمو المعارض والزوار والمؤتمرون
286,منصة وعي,الصحة النفسية,تفتقر المنصات الحالية لأدوات ذاتية لمراقبة مستويات التوتر المهني ومساعدة الموظفين على تجنب الاحتراق الوظيفي. يقدم التطبيق تقييماً يومياً ذكياً مدعوماً بتمارين استرخاء مخصصة مبنية على البيانات.,الشركات والموظفون في البيئات عالية الضغط
287,تثمين ذكي,التقنية العقارية,"يعتمد تسعير العقارات المستعملة على تقديرات عشوائية تظلم البائع أو المشتري لغياب البيانات الدقيقة. يقدم المشروع محرك تثمين يحلل عمر العقار، جودة المواد، الصيانة، والصفقات المجاورة فعلياً.","المثمنون العقاريون، المشترون، والملاك"
288,رادار الأسعار,حماية المستهلك,يواجه المستهلك تفاوتًا كبيراً في أسعار السلع الغذائية الأساسية بين المتاجر والسوبرماركت في نفس الحي. يتيح التطبيق كشطاً يومياً ومقارنة حية لأسعار السلع وتوجيه المستخدم للمتجر الأوفر.,المستهلكون والأسر
289,ألياف ذكية,تقنيات المنسوجات,تعاني المصانع الحربية أو الأمنية من صعوبة مراقبة المؤشرات الحيوية لرجال الميدان أثناء أداء المهام الحساسة. يوفر المشروع منسوجات ذكية بـ ألياف موصلة تقيس نبضات القلب والجهد بدقة وتتحمل الظروف القاسية.,القطاعات الأمنية والصناعية الميدانية
290,توطين مرن,التوظيف المؤقت,تواجه مواسم الفعاليات (كمواسم الرياض أو جِدة) صعوبة في التوظيف السريع والمؤقت للكوادر الوطنية المؤهلة لإدارة الحشود. يربط التطبيق المنظمين بالشباب بناءً على الموقع الجغرافي والخبرات السابقة.,منظمو الفعاليات والشباب الباحث عن عمل مرن
291,بوابة شحن,السيارات الكهربائية,تعاني محطات شحن السيارات الكهربائية من تكدس السيارات في أوقات معينة وفراغها في أوقات أخرى. يقدم المشروع نظام حجز مسبق وجدولة ذكية تمنح خصومات للمستخدمين في أوقات الركود لتوزيع الحمل.,محطات الشحن وملاك السيارات الكهربائية
292,إيجاز قانوني,التقنية القانونية,تستغرق دراسة القضايا العمالية والتجارية المطولة وقتاً من المحامين لاستخراج الثغرات والتواريخ المحورية. يقدم التطبيق خطاً زمنياً آلياً وتحليلياً للقضية بمجرد رفع ملف الضبوط والمستندات.,المحامون والمستشارون القانونيون
293,ميزانية البلدية,إدارة المدن,تواجه الأمانات صعوبة في توزيع ميزانيات صيانة الطرق على الأحياء بناءً على الأولوية والحاجة الفعلية لتضرر الشوارع. يقوم النظام بتحليل بلاغات الحفر وكثافة الحركة المرورية لترتيب الأولويات برمجياً.,أمانات المدن ووزارة البلديات
294,إرث الموسيقى,الفنون والموسيقى,يفتقر الأكاديميون والمهتمون بالموسيقى إلى توثيق رقمي دقيق للمقامات والنوتات الموسيقية الفلكلورية السعودية لحمايتها من الاندثار. يقوم المشروع بتحليل وتدوين الأهازيج الشعبية رقمياً بالذكاء الاصطناعي.,"هيئة الموسيقى، الباحثون، والفنانون"
295,منصة سابك,تدوير النفخات,تواجه مصانع البلاستيك الصغيرة صعوبة في فحص جودة ونقاء البلاستيك المعاد تدويره قبل إدخاله في خطوط الإنتاج الجديدة. يعتمد المشروع على الفرز البصري الذكي للبوليمرات باستخدام الأشعة تحت الحمراء.,مصانع البلاستيك وشركات إعادة التدوير
296,إدارة الأصول,إدارة الشركات,تعاني الشركات المتوسطة من ضياع الأصول الثابتة (كأجهزة اللاب توب والشاشات) عند تنقل الموظفين أو العمل عن بعد. يوفر التطبيق نظام تتبع ذكي يربط الأصول برقم الهوية عبر وسم مدمج (NFC/RFID).,إدارات العمليات وتقنية المعلومات بالشركات
297,مرشد المعتمر,تقنيات الحج والعمرة,يواجه المعتمرون لأول مرة حيرة في ترتيب وتذكر أدعية الطواف والسعي حسب الشوط الحالي. يوفر التطبيق دليلاً صوتياً يعتمد على تحديد الموقع (GPS) لتحديث الأدعية تلقائياً مع انتقال المعتمر بين الأشواط.,المعتمرون والحجاج
298,وقود ذكي,النقل واللوجستيات,تستهلك شاحنات النقل الثقيل كميات وقود هائلة بسبب سوء اختيار مسارات الطرق الوعرة أو المزدحمة. يقدم المشروع محرك خرائط مخصصاً للشاحنات يحسب الارتفاعات والمنحنيات لاختيار المسار الأكثر توفيراً للوقود.,شركات النقل البري وسلاسل الإمداد
299,مسار النور,دعم المكفوفين,يواجه الطلاب المكفوفون صعوبة في قراءة وفهم الرسوم البيانية والجداول التوضيحية بالمناهج التعليمية الرقمية. يوفر التطبيق ميزة تحويل الرسم البياني إلى وصف تفصيلي وقراءة صوتية ذكية تشرح أبعاد الرسم.,الطلاب المكفوفون والمؤسسات التعليمية
300,فحص الغذاء,سلامة الأغذية,تواجه المطاعم ومحلات التجزئة صعوبة في التأكد اللحظي من خلو اللحوم والأسماك من بداية التلف البكتيري غير الظاهري. يقدم المشروع جهاز فحص محمولاً يعتمد على التحليل الطيفي للضوء للكشف عن السلامة فورياً.,"مفتشو البلدية، أصحاب المطاعم، والمستهلكون"
301,توجيه شحن,السيارات الكهربائية,تواجه المجمعات التجارية مشكلة استخدام مواقف شواحن السيارات الكهربائية من قِبل سيارات غير مشحونة أو تقليدية. يعتمد المشروع على رؤية الحاسوب (Computer Vision) والمستشعرات الأرضية لقفل الموقف آلياً وفتحه فقط للسيارات المستحقة.,المجمعات التجارية وملاك السيارات الكهربائية
302,طيف,الفنون والترفيه,يواجه المصممون الداخليون صعوبة في إقناع العملاء بتأثير الإضاءة الطبيعية والصناعية على الألوان داخل المنشآت قبل تنفيذها. يقدم المشروع محاكاة بصرية تفاعلية بالواقع الافتراضي (VR) تدرس توزيع الإشعاع الضوئي بدقة.,مهندسو الديكور والمصممون الداخليون
303,بناء واعد,قطاع المقاولات,تعاني شركات البناء من صعوبة تتبع إنتاجية وحركة الآلات الثقيلة (كالبلدوزرات والرافعات) داخل المواقع الشاسعة. يوفر التطبيق تتبعاً حياً مع لوحة تحكم تحلل ساعات التشغيل والوقود عبر مستشعرات متصلة (Telematics).,شركات المقاولات ومدراء المشاريع
304,توفيق,التوظيف الشامل,يواجه المتقاعدون من أصحاب الخبرات الطويلة صعوبة في العثور على فرص استشارية أو جزئية تناسب جداولهم المرنة. تقوم المنصة بقرائن ذكية تربط الشركات التي تحتاج لخبرات تخصصية نادرة بالمستشارين المتقاعدين.,المتقاعدون ذوو الخبرة والشركات
305,منصة أثر,السياحة الثقافية,يفتقر زوار المتاحف الوطنية لتجربة تفاعلية تروي القصص التاريخية للقطع الأثرية بشكل مخصص. يتيح التطبيق دليلاً سياحياً ذكياً بالذكاء الاصطناعي التوليدي والتعرف على الصور يتحدث بلغة الزائر ويجيب على أسئلته.,زوار المتاحف والسياح
306,إدارة العهد,العمليات الإدارية,تواجه الجهات الحكومية والشركات الكبرى تعقيدات في جرد وتوثيق الأختام الرسمية والوثائق السرية عند انتقالها بين الموظفين. يقدم النظام سجلاً غير قابل للتعديل بتقنية البلوكشين لتتبع حركة العهد الحساسة وتوثيقها.,إدارات العمليات والرقابة الداخلية
307,مرصد البيئة,الاستدامة والبيئة,تعاني الشواطئ والمحميات البحرية من صعوبة الرصد الفوري لبقع التلوث الزيتي أو المخلفات البلاستيكية الطافية. يستخدم المشروع طائرات درونز ذاتية القيادة مبرمجة بخوارزميات مسح بصري لرصد الملوثات وإرسال إحداثياتها.,هيئات حماية البيئة والبلديات الساحلية
308,تحصيل ذكي,التقنية المالية (FinTech),تواجه المنشآت الصغيرة والمتوسطة تعثراً ماليًا بسبب تأخر العملاء في سداد الفواتير الآجلة وصعوبة المتابعة اليدوية. يقدم التطبيق نظام متابعة مؤتمت يرسل تذكيرات مخصصة بناءً على سلوك العميل وبوابات دفع سريعة.,الشركات الصغيرة والمتوسطة
309,بصمة النحال,جودة الغذاء,يتعرض المستهلكون للاحتيال عند شراء العسل الفاخر لعدم وجود آلية موثوقة تضمن بلد المنشأ والمنحل المنتج. يتيح التطبيق تتبع عبوة العسل منذ قطفها من الخلية وحتى وصولها للمستهلك عبر رمز استجابة (QR) محمي بالبلوكشين.,مستهلكو العسل الفاخر والنحالون
310,عالمي الصغير,رعاية الأطفال,يواجه الآباء حيرة في اختيار الأنشطة التعليمية والترفيهية التي تتوافق مع مهارات طفلهم السلوكية والحركية المحددة. يقدم التطبيق محرك توصيات ذكي يحلل اهتمامات الطفل ويقترح خطة تجارب أسبوعية محلية.,الأمهات والآباء ومراكز الأطفال
311,تفتيش اللحوم,سلامة الأغذية,تستغرق الفحوصات المخبرية للتأكد من جودة وصلاحية اللحوم المستوردة في الموانئ أياماً مما يهدد بتلفها. يوفر المشروع نظام فحص أولي سريع يعتمد على الكاميرات فائقة الطيفية (Hyperspectral) للكشف عن البكتيريا.,الهيئات الرقابية ومستوردو الأغذية
312,إسناد الطبي,الرعاية الصحية,يعاني أطباء الطوارئ من ضيق الوقت للبحث في التاريخ المرضي الطويل للمريض والتعارضات الدوائية المحتملة في الحالات الحرجة. يقدم التطبيق ملخصاً فورياً مدعوماً بالذكاء الاصطناعي يستخرج الأمراض والتحذيرات الهامة في ثوانٍ.,أطباء الطوارئ والمنشآت الصحية
313,أمان النفق,البنية التحتية,تواجه الأنفاق المائية والأرضية خطورة حدوث انسدادات أو ارتفاع مفاجئ في منسوب المياه دون إنذار مبكر. يعتمد المشروع على منظومة مستشعرات ذكية لاسلكية تقيس الضغط ومستوى التدفق وترسل تحذيرات استباقية.,أمانات المدن وهيئات تطوير الطرق
314,إيجاز المرور,المدن الذكية,"تواجه غرف التحكم بالمرور صعوبة في رصد وتصنيف أسباب الازدحام المفاجئ (حادث، تعطل مركبة، أعمال طرق) يدوياً عبر مئات الكاميرات. يوفر النظام فرزاً آلياً للفيديو بالذكاء الاصطناعي لتحديد سبب ونوع الاختناق فوراً.",الإدارة العامة للمرور وغرف العمليات
315,منصة وتيرة,إدارة الفعاليات,يعاني منظمو المعارض المؤقتة من ارتباك في جدولة عمليات دخول الشاحنات لتفريغ المعدات وتجهيز المنصات (بوثات). يوفر التطبيق نظام حجز مواعيد ومسارات ذكي للشاحنات لضمان التدفق السلس بالموقع.,شركات تنظيم المعارض والمؤتمرات
316,توطين التقنية,البرمجيات المفتوحة,تواجه الشركات المحلية صعوبة في تعديل البرمجيات مفتوحة المصدر العالمية لتتوافق مع الأنظمة السعودية (كالفاتورة الإلكترونية). يقدم المشروع بيئة تطوير سحابية تحتوي على حزم برمجية جاهزة ومتوافقة محلياً.,المطورون والشركات الناشئة
317,مرشد التكييف,كفاءة الطاقة,تستهلك أنظمة التكييف في المساجد والمباني الحكومية طاقة هائلة لتركها تعمل بكامل طاقتها حتى في غياب الناس أو قلة العدد. يربط المشروع أجهزة التكييف بمستشعرات حرارية وبشرية لضبط التبريد ذاتياً حسب الكثافة.,وزارة الشؤون الإسلامية وإدارات المباني
318,تحكيم العقود,التقنية القانونية,"تقع خلافات بين الشركات حول تفسير بنود العقود المالية مما يعطل الأعمال ويدفعهم للقضاء الطويل. يوفر المشروع منصة لإنشاء ""عقود ذكية ذاتية التنفيذ"" تقوم بفض النزاع المالي وتحويل المبالغ تلقائياً بناءً على شروط رقمية.",الشركات والمؤسسات التجارية
319,مسار الصم,دعم ذوي الإعاقة,يواجه السائقون من فئة الصم والبكم خطورة عدم الانتباه لأصوات سيارات الإسعاف أو صفارات الإنذار المحيطة بهم. يقدم التطبيق حلاً يعتمد على الميكروفونات الخارجية للسيارة لتحليل الأصوات وتحويلها لتنبيهات بصرية على الشاشة.,السائقون من فئة الصم وضعاف السمع
320,سوق المواشي,الثروة الحيوانية,يعاني تجار ومربو المواشي من صعوبة تقدير الأوزان الحقيقية والمؤشرات الصحية للأغنام والإبل في الأسواق المفتوحة. يوفر المشروع نظام مسح بكاميرا الجوال والذكاء الاصطناعي لتقدير الوزن والحجم والصحة بناءً على الأبعاد.,مربو المواشي والمستهلكون
321,بوابة الشحن,النقل اللوجستي,تواجه متاجر التجزئة الصغيرة صعوبة في الحصول على أسعار شحن تنافسية للطرود لقلة كميات مبيعاتها مقارنة بالشركات الكبرى. يجمع التطبيق طلبات الشحن للمتاجر الصغيرة في شحنات موحدة للاستفادة من خصومات الكميات.,أصحاب المتاجر الإلكترونية الناشئة
322,حماية الحقل,الزراعة الذكية,تتعرض مزارع الخضروات لغزو الطيور والقوارض التي تفرز آفات وتدمر المحاصيل والمحميات. يقدم المشروع نظام طرد ذكي يعتمد على رؤية الحاسوب لاكتشاف الكائنات الضارة وإصدار موجات صوتية مخصصة لطردهم بدون أذى.,أصحاب المزارع والمستثمرون الزراعيون
323,تأهيل رياضي,الطب الرياضي,يواجه الرياضيون بعد العمليات الجراحية (كالرباط الصليبي) صعوبة في التقييم اليومي الدقيق لمدى استعادة قوة العضلات بالمستشفى. يوفر التطبيق رصدًا ديناميكيًا عبر حساسات مرنة تقيس مدى ثبات وتوازن المفصل من المنزل.,"الرياضيون، أطباء العظام، ومراكز التأهيل"
324,تواصل مدرسي,الخدمات التعليمية,يجد المعلمون صعوبة في رصد وتوثيق مهارات الطلاب اللامنهجية (كالإبداع والقيادة) ومشاركتها مع أولياء الأمور بانتظام. يوفر التطبيق محفظة رقمية (Portfolio) للتعلم القائم على المهارات وتوثيق الأنشطة بالصور والتقييم.,"المعلمون، الطلاب، وأولياء الأمور"
325,منصة تدوير,المسؤولية البيئية,تواجه الشركات صعوبة في التخلص الآمن والقانوني من الأجهزة الإلكترونية القديمة (كالحواسب والشاشات) مع ضمان مسح البيانات. تتيح المنصة ربط الشركات بمراكز إعادة تدوير معتمدة تصدر شهادات إتلاف رقمية موثوقة.,الشركات والمنشآت والمؤسسات البيئية
326,إرشاد المعتمر,تقنيات الضيافة,"يواجه المعتمرون القادمون من خارج المملكة صعوبة في تخطيط مسار رحلتهم الشاملة (قطار، فندق، مزارات، طيران) عبر منصة واحدة. يقدم التطبيق مساعداً ذكياً يبني برنامج الرحلة بالكامل ويحدثه بناءً على مواعيد الحجوزات.",المعتمرون الخارجيون ووكالات السفر
327,منجم البيانات,تقنيات الأعمال,تعاني المتاجر والشركات من صعوبة تتبع وتحليل الآراء السلبية المكتوبة عنها في منصات التواصل بسبب اختلاف اللهجات المحلية السعودية. يوفر النظام محركاً لتحليل المشاعر يدعم اللهجات الدارجة بدقة.,إدارات التسويق وخدمة العملاء
328,راصد التآكل,القطاع الصناعي,تواجه أنابيب النفط والمياه في المنشآت الصناعية خطورة التآكل الكيميائي غير المرئي الذي قد يؤدي لإنفجارات أو تسريبات ضخمة. يستخدم المشروع تكنولوجيا الموجات فوق الصوتية الذكية المتصلة بالشبكة للتنبؤ بنقاط الضعف.,شركات الغاز والنفط والمياه
329,مفتش البناء,السلامة المهنية,يواجه مهندسو الإشراف صعوبة في فحص مطابقة حديد التسليح للمخططات الهندسية قبل صب الخرسانة لضيق الوقت وكثافة التفاصيل. يوفر التطبيق ميزة المسح الذكي بالذكاء الاصطناعي لمطابقة المسافات والأقطار عبر كاميرا الهاتف.,المهندسون المشرفون ومكاتب الاستشارات والهندسة
330,تثمين الفن,الثقافة والفنون,"يواجه الفنانون والمشترون صعوبة في تقدير القيمة السوقية العادلة للوحات الفنية والمنحوتات لغياب الشفافية. يقدم المشروع منصة تثمين تحلل سجل الفنان، المعارض المشارك بها، والصفقات المماثلة لتحديد النطاق السعري.","الفنانون التشكيليون، قاعات العرض، والمشترون"
331,تتبع الأسطول,النقل واللوجستيات,تواجه شركات توصيل الطلبات مشكلة قيام بعض السائقين بسلوكيات قيادة متهورة (كالتسارع المفاجئ والتفحيط) مما يتلف البضائع ويعرضهم للحوادث. يحلل التطبيق بيانات حساسات الجوال لدى السائق لتقييم أمان قيادته.,شركات التوصيل وإدارة الأساطيل
332,منصة عهد,الخدمات الاجتماعية,تواجه الأسر الحاضنة للأيتام أو الجمعيات صعوبة في المتابعة المالية والتعليمية الموحدة لمتطلبات المستفيدين مع المتبرعين. توفر المنصة نظاماً شفافاً يعرض تحديثات الحالة والاحتياجات بشكل دوري ومحمي الخصوصية.,"الجمعيات الخيرية، الأسر الحاضنة، والكفلاء"
333,رادار العقار,الاستثمار العقاري,"يجد المستثمرون العقاريون صعوبة في التنبؤ بالأحياء السكنية القادمة ذات العائد الأعلى للاستثمار قبل ارتفاع أسعارها. يحلل النظام بيانات الرخص الإنشائية، المشروعات التنموية المعلنة، والطلب السكاني للتنبؤ بالمستقبل.",المستثمرون العقاريون والمطورون
334,إيجاز التقارير,الذكاء المؤسسي,يستهلك محللو البيانات وقتاً طويلاً في كتابة تقارير الأداء المالي للمدراء بصياغة نصية مفهومة ومبسطة. توفر الأداة تحويلاً آلياً وفورياً لجداول البيانات الضخمة (Excel/SQL) إلى ملخصات نصية تنفيذية ذكية وبليغة.,المدراء التنفيذيون ومحللو الأعمال
335,منصة حزم,الخدمات السيبرانية,تواجه الجهات الحساسة صعوبة في إدارة وفحص صلاحيات الوصول المؤقتة الممنوحة للمقاولين الخارجيين مما يسبب ثغرات أمنية. يوفر النظام إدارة مؤتمتة تلغي الصلاحيات ذاتياً بمجرد انتهاء المهمة أو وقت العمل المحدد.,مدراء أمن المعلومات بالمنشآت
336,إرشاد السياح,السياحة الجبلية,يواجه السياح في المناطق الجبلية (مثل عسير والباحة) خطورة الضياع أو تغير الأحوال الجوية السريع وسط المرتفعات. يقدم التطبيق نظام خرائط تفاعلياً يعمل بدون اتصال بالإنترنت ويعتمد على شبكات الاتصال المباشر (Mesh).,هواة المشي الجبلي (Hiking) والسياح
337,عدسة الدواء,الرعاية الطبية,"يواجه كبار السن وضعاف البصر صعوبة في قراءة وفهم جرعات الأدوية المكتوبة بخط صغير جداً على العبوات. يتيح التطبيق توجيه كاميرا الهاتف للعلبة ليقوم المساعد الصوتي بقراءة الاسم، الجرعة، والتحذيرات بوضوح.","كبار السن، المكفوفون، والصيادلة"
338,تحليلات النشر,الإعلام الرقمي,تفتقر دور النشر والمواقع الإخبارية العربية لأدوات ذكية تتنبأ بنوعية المقالات والمواضيع التي ستحظى بأعلى تفاعل وقراءة محلياً. يحلل التطبيق تريندات البحث والشبكات الاجتماعية لاقتراح عناوين ومحتويات واعدة.,"دور النشر، الصحف الرقمية، وصناع المحتوى"
339,بوابة المصانع,سلاسل الإمداد,تواجه المصانع المحلية صعوبة في تصريف فائض المواد الخام أو المنتجات التي بها عيوب تعبئة بسيطة تمنع بيعها بالتجزئة. يوفر التطبيق منصة تبادل تجاري (B2B) لبيع الفوائض لمصانع أخرى بأسعار مخفضة لاستغلالها.,أصحاب المصانع ومدراء المشتريات
340,راصد الأراضي,إدارة البيئة,"تعاني الأراضي المفتوحة من عمليات رمي مخلفات البناء العشوائية (الدمام) ليلاً، مما يشوه المظهر الحضري ويصعب تعقبه. يستخدم المشروع كاميرات حرارية ذكية وخوارزميات رصد الشاحنات لتوثيق المخالفات فورياً.",الأمانات والبلديات وهيئات الرقابة البيئية
341,تأجير مرن,التشارك الاقتصادي,يواجه أصحاب المعدات والآلات النادرة (كالطابعات ثلاثية الأبعاد الاحترافية أو الكاميرات السينمائية) صعوبة في تأجيرها بأمان. يقدم التطبيق منصة تأجير موثوقة تضمن فحص الهوية الرقمية وعقود تأمين تلقائية للمعدات.,"المصممون، المصورون، والمهندسون الهواة"
342,مسار الركاب,خدمات المطارات,تعاني المطارات من تكدس المسافرين عند بوابات الجوازات والتفتيش لعدم معرفة الركاب بأوقات الذروة الداخلية. يوفر التطبيق تنبؤات حية لأوقات الانتظار داخل المطار ويوجه المسافر للتوجه للبوابات في الوقت المثالي.,المسافرون وإدارات تشغيل المطارات
343,منصة سند,رعاية الأيتام,تواجه حواضن الأيتام صعوبة في تقديم توجيه مهني مستدام للشباب بعد خروجهم من دور الرعاية لمساعدتهم على الاعتماد على أنفسهم. تقدم المنصة مسارات تدريبية وربطاً مباشراً بشركات توفر فرص توظيف مبتدئة.,الشباب الخريجون من دور الرعاية والشركات
344,حارس الشبكة,تكنولوجيا المعلومات,تواجه المنشآت انقطاعاً مفاجئاً في خدمات الإنترنت البديلة لعدم فحص جاهزية خطوط الطوارئ (Failover) بانتظام. يقوم النظام بمحاكاة أعطال دورية مؤتمتة للتأكد من سلاسة تحول الشبكة دون تدخل بشري.,مهندسو الشبكات ومدراء التقنية بالشركات
345,تذاكر ذكية,قطاع الترفيه,يعاني منظمو المهرجانات الكبرى من طوابير الانتظار الطويلة عند منافذ الألعاب أو المطاعم الداخلية. يوفر المشروع نظام تذاكر ذكياً يعتمد على سوار معصم (RFID) مشحون مسبقاً يتيح الدفع والدخول بلمسة واحدة بدون كاش.,منظمو المهرجانات والفعاليات الترفيهية
346,دليل الحرف,الاقتصاد الثقافي,يجد السياح والمواطنون صعوبة في الوصول للحرفيين التقليديين (كصناع الفخار أو السدو) والشراء منهم مباشرة لغياب وجودهم الرقمي. يوفر التطبيق دليلاً جغرافياً ومتجراً إلكترونياً موحداً للحرفيين المحليين.,الحرفيون التقليديون والسياح ومحبو التراث
347,وزن شاحنتك,النقل البري,تواجه الشاحنات غرامات مالية عالية عند محطات الوزن على الطرق السريعة لعدم معرفة السائق بالوزن الدقيق بعد تحميل البضاعة ميدانياً. يوفر المشروع تطبيقاً يربط بحساسات هيدروليكية لحساب الوزن فورياً قبل الانطلاق.,سائقو الشاحنات وشركات النقل اللوجستي
348,تحليلات اللياقة,الرياضة المجتمعية,تفتقر المجموعات الرياضية للهواة (كمجموعات الجري أو الدراجات) لأدوات تجمع وتحلل أداء المجموعة ككل وتحفز المنافسة بينهم. يقدم التطبيق منصة موحدة لربط الساعات الذكية للأعضاء وتوليد تحديات ولوحات صدارة.,مجموعات الهواة وأندية الرياضة المجتمعية
349,أمن البيانات,الحوسبة السحابية,تخشى الشركات الناشئة من رفع بيانات عملائها الحساسة للسحابة خوفاً من تسريبها بواسطة مزودي الخدمة. يقدم المشروع حلول تشفير متطورة تتيح معالجة البيانات وتحليلها وهي مشفرة بالكامل (Homomorphic Encryption).,الشركات الناشئة والمنشآت المالية
350,فاحص التمور,الزراعة والأغذية,"يواجه مصدرو التمور صعوبة في فرز وتصنيف جودة التمور (ممتاز، جودة ثانية) يدوياً وبسرعة لمواكبة الطلب العالمي الضخم. يعتمد المشروع على الذكاء الاصطناعي ورؤية الحاسوب لفرز التمور حسب الحجم واللون والعيوب آلياً.",مصانع تعبئة التمور والمزارعون المصدرون
351,كود النقد,التقنية المالية,تواجه المتاجر الإلكترونية خسائر بسبب تراجع العملاء عن إتمام الشراء عند بوابات الدفع المعقدة. يوفر المشروع واجهة برمجية (API) تعتمد على تقنية البيومترية (بصمة الوجه أو الاصبع) لإتمام الشراء الآمن بلمسة واحدة.,المتاجر الإلكترونية والمستهلكون
352,إشراق,الطاقة المتجددة,تواجه محطات الطاقة الشمسية انخفاضاً في كفاءة التوليد بسبب تراكم الغبار على الألواح دون رصد مبكر لموقع الخلل. يقدم المشروع خوارزمية ذكية تحلل هبوط الجهد البرمجي لتحديد الخلايا المتسخة وتوجيه روبوتات التنظيف تلقائياً.,مشغلو محطات الطاقة الشمسية
353,راصد الفقد,البيئة والاستدامة,تعاني الفنادق والمنشآت السكنية الضخمة من تسريبات مياه غير مرئية تحت الجدران تسبب هدراً هائلاً وتلفاً إنشائياً. يستخدم المشروع خوارزميات رصد الشذوذ (Anomaly Detection) لتحليل نبضات تدفق المياه والتحذير قبل تفاقم التسريب.,إدارة المرافق والفنادق
354,إسناد العمل,الموارد البشرية,يواجه مسؤولو التوظيف صعوبة في التحقق من صحة شهادات الخبرة والمهارات المكتوبة في السير الذاتية للمتقدمين. يوفر النظام منصة توثيق مهنية مشفرة بتقنية البلوكشين تتيح للجهات السابقة تأكيد سجل الموظف رقمياً وبشكل موثوق.,إدارات الموارد البشرية والشركات
355,منصة وتد,التقنية القانونية,تجد المنشآت الصغيرة صعوبة وتكلفة عالية في صياغة اتفاقيات سرية البيانات وحقوق الملكية الفكرية مع الشركاء. تقدم المنصة مولداً ذكياً للعقود القياسية باللغة العربية متوافقاً تماماً مع الأنظمة المحدثة في المملكة وبناءً على المدخلات.,رواد الأعمال والمؤسسات الناشئة
356,إرواء ذكي,الزراعة الحديثة,تعاني مزارع الورد بالطائف والوجهات الزراعية الحساسة من تلف المحاصيل بسبب تقلبات رطوبة التربة غير المتابعة. يوفر المشروع شبكة مستشعرات لاسلكية منخفضة الطاقة (LoRaWAN) تقيس مغذيات التربة وتتحكم في الري ميكروياً.,مزارعو النباتات والورود الفاخرة
357,مرشد المغامرة,السياحة والترفيه,يواجه محبو رحلات السفاري والتخييم بالصحراء خطر الضياع عند انقطاع شبكة الجوال في الأماكن النائية. يقدم التطبيق نظام ملاحة وتوجيه جيو-مكاني يعتمد على تحديد الموقع ومشاركة الإحداثيات عبر موجات الراديو مع الفريق.,هواة الرحلات البرية والتخييم
358,بيان الطبي,الرعاية الصحية,يجد المرضى صعوبة في الالتزام بمواعيد الأدوية المتعددة وفهم تداخلاتها مع الأطعمة لركاكة الإرشادات الورقية. يقدم التطبيق مساعداً صوتياً تفاعلياً يذكر المريض بجرعته ويشرح له المحاذير بلهجة عربية مبسطة.,كبار السن ومرضى الأمراض المزمنة
359,بناء آمن,السلامة المهنية,تفتقر مواقع الإنشاءات لوسائل آلية لرصد دخول العمال إلى المناطق عالية الخطورة (مثل أسفل الرافعات أو الفتحات غير المسورة). يعتمد النظام على الكاميرات الميدانية ورؤية الحاسوب لإطلاق صفارات إنذار فورية عند الاختراق.,شركات المقاولات ومدراء السلامة
360,عقاري الرقمي,التقنية العقارية,تستغرق إجراءات الفحص النافي للجهالة قبل شراء العقارات (التأكد من رخص البناء والرهونات والنزاعات) وقتاً طويلاً. تجمع المنصة كافة البيانات الحكومية والتاريخية للعقار عبر سجل رقمي موحد وموثق لضمان الشفافية.,"المشترون، المستثمرون، والوسطاء العقاريون"
361,بصمة النحل,جودة الأغذية,"يتعرض المستهلكون للغش عند شراء العسل الفاخر لعدم وجود آلية تضمن نقاءه ومصدره الفعلي. يوفر التطبيق نظام تتبع عبر بطاقات مشفرة تلصق على العبوات من المنحل، توثق الفحوصات المخبرية والمصدر بتقنية البلوكشين.",النحالون ومستهلكو المنتجات العضوية
362,نبيه السائق,النقل والذكاء المدني,تحدث حوادث مرورية بسبب غفوة السائقين أو تشتتهم بالهاتف أثناء القيادة على الطرق السريعة الطويلة. يستخدم التطبيق كاميرا المركبة الأمامية والذكاء الاصطناعي لتحليل تعابير الوجه وحركة العين وإصدار تنبيهات صوتية حادة.,سائقو الشاحنات والمسافرون برّاً
363,تواصل بالإشارة,التعليم الشامل,يواجه المعلمون صعوبة في تقييم إجابات الطلاب الصم والبكم في الاختبارات الشفهية أو الفصول الافتراضية. يقدم المشروع برمجية تعتمد على رؤية الحاسوب لترجمة لغة الإشارة الخاصة بالطالب فورياً إلى نص مكتوب يظهر للمعلم.,الطلاب الصم والمؤسسات التعليمية
364,إمداد استباقي,سلاسل الإمداد,"تواجه المصانع توقفاً لخطوط الإنتاج بسبب نفاد مفاجئ لقطع الغيار الحيوية نتيجة تأخر الطلب التقليدي. يقدم النظام حلاً للتنبؤ بعمر القطع الافتراضي بناءً على ساعات التشغيل، ويقوم بأتمتة طلب الشراء قبل التلف.",مدراء التشغيل والمصانع
365,منصة شريك,الاستثمار الجماعي,يصعب على صغار المستثمرين دخول سوق تمويل المشاريع اللوجستية وتطوير المستودعات لارتفاع تكلفتها التأسيسية. تقدم المنصة نموذج تمويل جماعي لتقسيم الأصول اللوجستية إلى حصص رقمية صغيرة بأسعار ميسرة.,صغار المستثمرين ورواد الأعمال اللوجستيين
366,راصد التجارة,الاقتصاد الرقمي,تواجه الجهات الرقابية صعوبة في تتبع الأنشطة والمحلات التي تمارس التستر التجاري بناءً على الجولات اليدوية فقط. يعتمد المشروع على خوارزميات الذكاء الاصطناعي لتحليل الشذوذ في التدفقات النقدية ومقارنتها بحجم المتجر.,وزارة التجارة والجهات الرقابية
367,ميزان الشحن,اللوجستيات الذكية,تعاني شركات النقل من هدر مساحات الشحن داخل الشاحنات بسبب سوء توزيع الطرود عشوائياً من العمال. يوفر التطبيق محاكاة ثلاثية الأبعاد (3D Packing) تقترح الترتيب الهندسي الأمثل للطرود لرفع استيعاب الشاحنة.,شركات الشحن والخدمات اللوجستية
368,نبض الخلية,رعاية المناحل,يتعرض مربو النحل لخسائر بسبب إصابة الخلايا بالأمراض أو هجرة الملكة دون رصد استباقي. يوفر المشروع خلية ذكية مزودة بحساسات حرارة ورطوبة وصوت تحلل طنين النحل للكشف عن إجهاد الخلية وإرسال تنبيهات.,النحالون ومنتجو العسل المحليون
369,أرشيف مرن,إدارة الوثائق,تواجه الشركات والمنشآت الطبية صعوبة في البحث والوصول للمعلومات الحساسة داخل وثائق قديمة ممسوحة ضوئياً وغير منظمة. يوفر النظام محرك بحث متقدماً يعتمد على التعرف الضوئي (OCR) وفهم سياق النصوص والأسماء.,المستشفيات والشركات والجهات الإدارية
370,رحلة باردة,اللوجستيات الطبية,تتعرض الأدوية واللقاحات الحساسة للتلف نتيجة تغير درجات الحرارة أثناء شحنها دون وجود إثبات رقمي يحدد وقت الخلل. يقدم المشروع مستشعرات مدمجة بالصناديق تسجل تقلبات الحرارة لحظياً على سجل مشفر.,شركات الأدوية والمستشفيات
371,بطاقتي الذكية,تنظيم الفعاليات,يعاني منظمو المؤتمرات الكبرى من تكدس الزوار عند البوابات لطباعة البطاقات التعريفية (Badges) ورقياً. يوفر المشروع بطاقات رقمية تفاعلية تعتمد على الحبر الإلكتروني (E-ink) وتحدث البيانات آلياً عبر الجوال عند الدخول.,منظمو المعارض والمؤتمرات والزوار
372,مستشار البناء,العمارة المستدامة,يجد الملاك صعوبة في تحديد المواد العازلة الأنسب لخفض استهلاك الكهرباء وتطابق معايير كود البناء السعودي. يوفر التطبيق محرك محاكاة حرارية يحلل موقع الأرض والاتجاه الجغرافي لاقتراح أفضل العوازل والمواد.,المقبلون على البناء والمكاتب الهندسية
373,عدسة اللثة,تقنيات طب الأسنان,يتجاهل الكثيرون أعراض التهابات الفم واللثة المبكرة لعدم رغبتهم في زيارة الطبيب بشكل دوري كنوع من الفحص. يتيح التطبيق فحصاً أولياً وتحليلاً لدرجة الالتهاب عبر معالجة صورة مقربة ملتقطة بكاميرا الجوال.,الأفراد والعائلات
374,إدارة المعايرة,التصنيع الذكي,تعاني خطوط الإنتاج بالمصانع من ظهور عيوب تصنيعية متكررة بسبب اختلال توازن الآلات مع كثرة الاستخدام. يربط المشروع الآلات بنظام ذكاء اصطناعي يحلل الاهتزازات الميكانيكية ويتنبأ بحاجتها للمعايرة قبل حدوث الخطأ.,المصانع ومهندسو الصيانة
375,خطّاط الرقمي,الهوية والثقافة,تفتقر أدوات التصميم المعاصرة لنماذج تولد خطوطاً وتراكيب فنية مضبوطة بدقة تحاكي قواعد الخط العربي الأصيل (كالديواني والثلث). يقدم المشروع نموذج ذكاء اصطناعي توليدي مخصص لتوليد خطوط ومخطوطات عربية موزونة هندسياً.,"المصممون، دور النشر، والجهات الثقافية"
376,محاكي الحفر,التنقيب والتعدين,تواجه شركات التعدين مخاطر وتكاليف باهظة عند حفر آبار استكشافية عشوائية دون دراسة طبقات الأرض بدقة. يقدم المشروع منصة محاكاة جيولوجية ثلاثية الأبعاد تحلل بيانات المسح الزلزالي للتنبؤ بأماكن وجود المعادن.,شركات التعدين والمهندسون الجيولوجيون
377,تأهيل ذكي,الخدمات الإصلاحية,تواجه المؤسسات الرعوية صعوبة في تصميم مسارات تدريبية ونفسية مخصصة للنزلاء تضمن نجاح اندماجهم في سوق العمل بعد خروجهم. توفر المنصة نظاماً ذكياً يدرس مهارات النزيل ويقترح له مساراً تعليمياً ومهنياً متدرجاً.,إدارات التأهيل والمؤسسات الاجتماعية
378,شبكة الطقس,الأرصاد المدنية,تفتقر بلديات المدن الفرعية لبيانات مناخية بالغة الدقة (Hyper-local) لرصد وتوقع السيول المفاجئة في أحياء محددة. يدمج المشروع قراءات محطات الأرصاد المنزلية الصغيرة المصرحة عبر منصة موحدة لتحليل الطقس بلحظته.,مراكز الأرصاد والبلديات
379,مسار العيادات,إدارة المستشفيات,"يضيع المرضى وقتاً طويلاً في التنقل والانتظار العشوائي بين غرف القياسات الحيوية، الطبيب، والمختبر. يوفر التطبيق نظام توجيه ديناميكي يرسل للمريض عبر جواله الوجهة التالية الأقل ازدحاماً داخل المبنى.",المستشفيات الكبرى والمراكز الطبية
380,فرز المطالبات,التأمين الصحي,تواجه المستشفيات تأخراً في الموافقة على طلبات الإجراءات الطبية من شركات التأمين بسبب الفرز اليدوي الطويل. يعتمد النظام على الفرز والمطابقة الآلية للطلبات مع وثيقة التأمين عبر خوارزميات معالجة اللغة الطبيعية.,شركات التأمين والمستشفيات
381,تتبع المشتريات,التجارة الإلكترونية,يواجه العملاء حيرة في تنسيق أوقاتهم لاستلام الطلبات الكبيرة (كالأجهزة الكهربائية) لعدم توفر تتبع حي لموقع الشاحنة. يقدم المشروع نظام ملاحة يتيح للمشتري رؤية موقع السائق الفعلي ووقت الوصول المتوقع بدقة الدقائق.,متسوقو الإنترنت وشركات التوصيل
382,فاحص الحيوية,الأمن السيبراني,يتزايد خطر الاحتيال عبر استخدام صور أو فيديوهات مسجلة لتخطي أنظمة التعرف على الوجه في الحسابات البنكية. يوفر المشروع نظاماً لفحص الحيوية (Liveness Detection) يطلب حركات عشوائية لحظية لمنع التزييف.,البنوك والمؤسسات المالية
383,درون زراعي,الزراعة الذكية,يصعب على مزارعي المساحات الشاسعة اكتشاف إصابة أشجار النخيل بسوسة النخيل الحمراء في مراحلها الأولى بالعين المجردة. يستخدم المشروع طائرات درونز تلتقط صوراً حرارية وطيفية للأشجار لتحليل صحتها واكتشاف السوسة داخلياً.,أصحاب مزارع النخيل والجهات الزراعية
384,صيانة افتراضية,التعليم الفني والمهني,يواجه متدربو صيانة الطائرات أو المحركات الضخمة خطورة وصعوبة في التدرب الميداني المباشر قبل تمكنهم من المهارات. يوفر التطبيق بيئة تدريب بالواقع الافتراضي (VR) تحاكي تفكيك وصيانة المحركات بأمان وبشكل تفاعلي.,كليات الهندسة والمعاهد الفنية والمهنية
385,ملاحة المعرض,قطاع الفعاليات,يستغرق زوار المعارض التجارية الدولية وقتاً في البحث والوصول لأجنحة الشركات (Booths) وسط مئات الأجنحة. يوفر التطبيق نظام خرائط داخلي يعتمد على مستشعرات بلوتوث منخفضة الطاقة لتوجيه الزائر خطوة بخطوة.,منظمو المعارض والزوار والمؤتمرون
386,مؤشر التوتر,إدارة بيئة العمل,تعاني الشركات من انخفاض إنتاجية الموظفين نتيجة ضغوط العمل المستمرة والاحتراق الوظيفي غير المرصود. يقدم التطبيق استبيانات نبضية قصيرة وتحليلاً مجهول الهوية لمستويات الرضا والتوتر لتقديم توصيات للإدارة.,الشركات وإدارات الموارد البشرية
387,تثمين الأراضي,التقنية العقارية,"يعتمد تقييم الأراضي البيضاء أو العقارات على معايير شخصية وتخمينات تفتقر للبيانات الدقيقة عن السوق. يقدم المشروع محرك تثمين يحلل الصفقات الفعلية المسجلة جغرافياً، ومخططات التطوير المحيطة لتقدير السعر العادل.",المثمنون العقاريون والمستثمرون
388,رادار المستهلك,حماية المستهلك,يواجه المتسوق تفاوت ميزانيات السلع التموينية بين المتاجر الكبرى والهايبرماركت في نفس المنطقة. يتيح التطبيق مقارنة حية وتلقائية لأسعار السلع ومجموع السلة الشرائية لتوجيه المستخدم للمتجر الأقل تكلفة.,المستهلكون والأسر
389,ملابس ذكية,تقنيات المنسوجات,"يواجه رجال الإطفاء أو العمليات الميدانية خطورة التعرض للإجهاد الحراري أو الدوار دون علم غرف التحكم. يوفر المشروع ملابس ميدانية مزودة بألياف ذكية تقيس النبض، الحرارة الداخلية، والتنفس لبثها لحظياً للمشرفين.","القطاعات الأمنية، الدفاع المدني، والمصانع"
390,موسم مرن,إدارة الحشود,"تواجه مواسم الفعاليات السياحية ضغطاً كبيراً وصعوبة في التوظيف السريع والمؤقت للكفاءات الوطنية لإدارة الحشود ميكروياً. يربط التطبيق المنظمين بالشباب بناءً على الموقع الجغرافي، المهارات، والخبرات السابقة.",منظمو الفعاليات والشباب الباحث عن عمل مرن
391,شحن ذكي,السيارات الكهربائية,تعاني محطات الشحن العامة من تكدس السيارات وتوقفها طويلاً بعد انتهاء الشحن مما يمنع مستخدمين آخرين من الاستفادة. يقدم المشروع نظام جدولة يفرض رسوماً ديناميكية إضافية بعد امتلاء البطارية لتحفيز إخلاء الموقف.,مشغلو محطات الشحن وملاك السيارات
392,تلخيص القضية,التقنية القانونية,يستغرق المحامون فترات طويلة في مراجعة وثائق القضايا المعقدة المكونة من مئات الصفحات لاستخراج التواريخ والأحداث المفصلة. يقدم التطبيق خطاً زمنياً تفاعلياً آلياً يستخرج الأسماء والاتفاقيات بمجرد رفع الملفات.,المحامون والمستشارون القانونيون
393,أولوية الطرق,صيانة المدن,تواجه الأمانات صعوبة في توزيع ميزانيات إعادة سفلتة الطرق بناءً على معايير الأولوية القصوى وحجم الضرر الفعلي. يقوم النظام بتحليل آلي لبلاغات الحفر وتداخلها مع كثافة الحركة المرورية لترتيب مهام الصيانة.,أمانات المدن ووزارة البلديات
394,تدوين الفلكلور,الثقافة والفنون,يفتقر الباحثون في التراث الموسيقي إلى توثيق رقمي دقيق للنوتات والإيقاعات الشعبية السعودية لحمايتها من التحريف. يقوم المشروع بتحليل التسجيلات الصوتية القديمة وتدوينها موسيقياً ونوتياً بالذكاء الاصطناعي.,"هيئة الموسيقى، الباحثون، والفنانون"
395,فرز البوليمرات,إعادة التدوير,"تواجه مصانع تدوير البلاستيك صعوبة في فرز الأنواع المختلفة من المواد (PET, HDPE) بدقة وسرعة يدوية عالية. يعتمد المشروع على الفرز البصري الذكي باستخدام كاميرات الأشعة تحت الحمراء القريبة لتصنيف البلاستيك آلياً.",مصانع البلاستيك وشركات التدوير
396,وسم الأصول,إدارة الشركات,"تعاني المنشآت المتوسطة من فقدان أو صعوبة جرد الأصول الثابتة (كأجهزة اللاب توب، الخوادم، والأثاث) عند جردها السنوي اليدوي. يوفر التطبيق نظام جرد رقمي يربط الأصول بأوسمة (NFC) ذكية للمسح والتحقق الفوري.",إدارات العمليات وتقنية المعلومات بالشركات
397,طوافي,تقنيات الحج والعمرة,"يواجه المعتمرون صعوبة في التركيز وحساب عدد أشواط الطواف والسعي لشدة الزحام، مما يسبب لهم الحيرة في إتمام العبادة. يوفر التطبيق تتبعاً جغرافياً دقيقاً داخل صحن الطواف لتنبيه المعتمر برقم الشوط والدعاء المناسب له.",الحجاج والمعتمرين
398,مسار الشاحنة,النقل واللوجستيات,تستهلك شاحنات النقل الثقيل كميات وقود إضافية بسبب اضطرارها للمرور بطرق ذات مرتفعات حادة أو زوايا ضيقة غير مهيأة لأوزانها. يقدم المشروع خرائط ذكية مخصصة للشاحنات تحسب الارتفاعات لتوفير الوقود والأمان.,شركات النقل البري وسلاسل الإمداد
399,بصيرة الرسوم,دعم المكفوفين,يواجه الطلاب المكفوفون حجزاً تعليمياً عند محاولة فهم الرسوم البيانية والجداول الإحصائية المتواجدة في الكتب المدرسية الرقمية. يوفر التطبيق محركاً يحلل محاور الرسم البياني ويحولها إلى وصف صوتي دقيق يشرح العلاقة بين الأرقام.,الطلاب المكفوفون والمؤسسات التعليمية
400,أمان الغذاء,سلامة الأغذية,تواجه سلاسل المطاعم ومحلات اللحوم صعوبة في التأكد من خلو الشحنات الواردة من التلوث البكتيري الأولي الذي لا يظهر بالعين. يقدم المشروع جهاز فحص محمولاً يعتمد على التحليل الطيفي الفوري للكشف عن مؤشرات التلف.,"مفتشو البلدية، أصحاب المطاعم، والمستهلكون"
401,مرشد التعدين,قطاع التعدين,يواجه العاملون في المناجم السطحية خطورة التعرض للانهيارات الصخرية المفاجئة بسبب التغيرات الفيزيائية غير المرئية. يستخدم المشروع أجهزة استشعار ليزرية (LiDAR) لرصد التحركات الدقيقة للتربة والتنبؤ بالخطر استباقياً.,شركات التنقيب ومهندسو المناجم
402,إسناد الرياضي,الإدارة الرياضية,تعاني الأندية الرياضية للهواة من عشوائية تتبع السجلات الطبية والبدنية للاعبين وتطور مهاراتهم عبر المواسم. يوفر التطبيق منصة موحدة لأرشفة وتحليل أداء اللاعبين وإصاباتهم لمساعدة المدربين في اتخاذ القرارات.,الأندية الرياضية والأكاديميات
403,بوابة النخيل,الصادرات الزراعية,يواجه مصدرو التمور صعوبة في إثبات التزام مزارعهم بمعايير الجودة العضوية العالمية للمستوردين الأجانب. يقدم المشروع سجل تتبع رقمي غير قابل للتلاعب (Blockchain) يوثق رحلة الثمار من السقاية حتى التغليف والشحن.,مزارعو ومصدرو التمور السعودية
404,تفتيش المباني,السلامة الإنشائية,تستغرق عمليات فحص الأبراج والمباني الشاهقة بعد الزلازل أو العواصف وقتاً طويلاً ومخاطرة بشرية للمهندسين. يعتمد المشروع على طائرات درونز ذاتية القيادة تلتقط صوراً عالية الدقة وتحللها برمجياً لرصد الشروخ الهيكلية.,المكاتب الاستشارية وشركات التأمين
405,منصة وتيرة,التقنية اللوجستية,تواجه مستودعات التبريد مشكلة تكدس الشاحنات عند بوابات الشحن والتفريغ مما يهدد بفساد الأغذية الحساسة. يوفر التطبيق نظاماً ذكياً لجدولة وصول الشاحنات بناءً على السعة الاستيعابية اللحظية للمستودع.,مدراء المستودعات وشركات النقل
406,توجيه الطاقة,الشبكات الذكية,تعاني المنشآت الصناعية من صعوبة التبديل الآلي والآمن بين مصادر الطاقة التقليدية والمتجددة (كالألواح الشمسية) بناءً على التكلفة اللحظية. يقدم المشروع نظام تحكم برمجياً يحلل التعرفة ويوجه الاستهلاك ذاتياً.,المصانع والمجمعات الصناعية
407,توطين الفن,الثقافة والفنون,يواجه مصممو الرسوم المتحركة والألعاب صعوبة في العثور على أصول ونماذج ثلاثية الأبعاد (3D Models) تعكس الهوية المعمارية والثقافية السعودية بدقة. يوفر المشروع مكتبة رقمية ذكية للأصول التراثية الموثقة.,مطورو الألعاب ومصممو الرسوم
408,راصد الامتثال,التقنية القانونية,تجد الشركات المالية صعوبة بالغة في مراجعة آلاف المكالمات والرسائل لخدمة العملاء للتأكد من مطابقتها لتشريعات البنك المركزي. يعتمد النظام على معالجة اللغة الطبيعية (NLP) لفرز ورصد أي مخالفات لفظية فوراً.,إدارات الالتزام في البنوك والشركات
409,بصمة العطر,قطاع التجزئة,يتعرض المستهلكون للغش بشراء عطور مقلدة ومعبأة بتركيبات كيميائية ضارة تشبه الروائح الأصلية تماماً. يوفر المشروع نظام فحص طيفي محمول يرتبط بالجوال لتحليل المكونات الكيميائية للعطر ومطابقتها بالبصمة الأصلية.,مصانع العطور والمستهلكون
410,عالمي الرقمي,رعاية الطفولة,يواجه أخصائيو النطق صعوبة في استمرار تدريب الأطفال المصابين بالتأتأة من المنازل بشكل تفاعلي ومقاس بدون إشراف مباشر. يقدم التطبيق ألعاباً صوتية تفاعلية تعتمد على تحليل النطق وتصحيح مخارج الحروف آلياً.,الأطفال ذوو اضطرابات النطق والأخصائيون
411,فاحص المياه,الأمن المائي,تستغرق مراقبة جودة مياه المسابح العامة والحدائق المائية وقتاً طويلاً بالفحص اليدوي مما يهدد بانتشار العدوى البكتيرية. يقدم المشروع مستشعرات عائمة متصلة بالإنترنت تقيس نسبة الكلور والحموضة وتبثها بلحظتها.,مشغلو المجمعات المائية والبلديات
412,إسناد الطوارئ,العمليات الطبية,تواجه مسعفي الهلال الأحمر صعوبة في التعرف على التاريخ الطبي للمصابين الفاقدين للوعي في موقع الحادث. يوفر النظام قراءة سريعة ومصرحة لبيانات المريض الطبية الطارئة عبر مسح ملصق ذكي (NFC) يرتديه الشخص.,فرق الإسعاف والطوارئ الطبية
413,أمان المصعد,إدارة المرافق,تعاني الأبراج السكنية من توقف المصاعد المفاجئ واحتجاز السكان لغياب أنظمة التنبؤ بالأعطال الميكانيكية قبل حدوثها. يربط المشروع الحبال والمحركات بمستشعرات اهتزاز (Accelerometers) لتحليل تآكل القطع برمجياً.,شركات الصيانة وإدارة المرافق
414,إيجاز البلاغات,العمليات البلدية,تواجه مراكز الاتصال بـ (940) تكدساً في البلاغات المتشابهة عن نفس العطل (مثل انقطاع إنارة شارع) مما يشتت فرق الصيانة. يقوم النظام بدمج البلاغات الجغرافية المتطابقة آلياً في أمر عمل واحد.,الأمانات والبلديات
415,منصة تدوير,الاستدامة البيئية,تواجه المطابع ودور النشر صعوبة في التخلص من فوائض الورق والكتب التالفة بطرق تدعم الاقتصاد الدائري. تتيح المنصة ربط المطابع بمصانع الكرتون والتغليف لإعادة شراء الورق وإصدار شهادات بيئية.,"المطابع، دور النشر، ومصانع التدوير"
416,تحكيم الفواتير,التقنية المالية,تقع خلافات مستمرة بين المنشآت اللوجستية وعملائها حول مبررات رسوم الشحن الإضافية (كأوقات الانتظار). يوفر المشروع نظام عقود ذكية تسجل أوقات دخول وخروج الشاحنات جغرافياً وتحسب التكلفة النهائية بدون تدخل بشري.,شركات الشحن والتجارة الإلكترونية
417,مسار الرؤية,دعم ذوي الإعاقة,يواجه الصم وضعاف السمع خطورة عند السير في الشوارع لعدم قدرتهم على سماع منبهات المركبات أو أعمال الحفر خلفهم. يقدم التطبيق نظارة ذكية تحلل الأصوات المحيطة وتحولها إلى إشارات بصرية تحذيرية على الزجاج.,الصم وضعاف السمع
418,سوق الصقور,الثروة الحيوانية,يواجه مهتمو ومشتري الصقور صعوبة في التحقق من السجل الصحي والوراثي للصقر والبطولات التي حققها سابقاً. يوفر المشروع جواز سفر رقمياً فريداً مشفراً يربط بشريحة مدمجة تحت جلد الصقر لتوثيق تاريخه.,"ملاك الصقور، النوادي، والمشترون"
419,بوابة التخليص,اللوجستيات الدولية,تستغرق مراجعة مستندات الشحن البحري ومطابقتها ببيانات الجمارك وقتاً طويلاً يتسبب في فرض غرامات أرضية بالموانئ. يقدم المشروع نظام فحص ومطابقة آلي للمستندات بالذكاء الاصطناعي لتسريع التخليص.,شركات الاستيراد والتصدير والمخلصون
420,حماية المحصول,الزراعة الذكية,تتعرض بيوت زراعة الفراولة والمنتجات الحساسة لانتشار الفطريات بسبب عدم ضبط مستويات الرطوبة ومعدل تجدد الهواء. يقدم المشروع نظام تهوية مؤتمت يعتمد على التنبؤ برطوبة الأوراق عبر التعلم الآلي.,أصحاب البيوت المحمية والمستثمرون
421,تأهيل السمع,الرعاية التأهيلية,يواجه الأطفال زارعي القوقعة صعوبة في ممارسة تمارين التمييز السمعي بالمنزل لغياب البيئات التفاعلية الجاذبة. يوفر التطبيق ألعاباً تعليمية تفاعلية تتدرج في حدة الأصوات وتقيس مدى استجابة الطفل برمجياً.,الأطفال زارعو القوقعة ومراكز التأهيل
422,تواصل الموظف,إدارة بيئة العمل,تجد الشركات الكبرى صعوبة في قياس مدى وصول وفهم التعاميم الإدارية الداخلية للموظفين الميدانيين الذين لا يملكون مكاتب ثابته. يوفر التطبيق منصة تعاميم تفاعلية تدعم الاستطلاعات السريعة والإشعارات الذكية.,الموظفون الميدانيون وإدارات الشركات
423,منصة سند,الاستدامة الغذائية,تواجه الجمعيات الخيرية صعوبة في التنسيق اللحظي لاستلام فائض الأطعمة الصالحة من الفنادق قبل تلفها لغياب التوجيه اللوجستي السريع. يربط التطبيق الفنادق بأقرب مندوب جمعية بناءً على الموقع والمساحة المتوفرة.,"الفنادق، قاعات الأفراح، وجمعيات حفظ النعمة"
424,راصد التآكل,الخدمات الصناعية,تواجه خزانات الوقود والمواد الكيميائية بالمصانع خطورة التآكل الداخلي الذي قد يسبب تسريباً كارثياً تحت الأرض. يستخدم المشروع تكنولوجيا الفحص بالتيارات الدوامية (Eddy Current) المتصلة لإرسال تقارير سلامة دورية.,"شركات النفط، الغاز، والمصانع الكيميائية"
425,مفتش الأسواق,العمليات الرقابية,يستغرق مفتشو وزارة التجارة وقتاً طويل في التحقق من التزام المحلات بوضع بطاقة السعر الموحدة ومطابقتها بنظام الكاشير. يوفر التطبيق مسحاً بصرياً سريعاً للملصقات بالذكاء الاصطناعي لرصد المخالفات فورياً.,المفتشون الميدانيون والجهات الرقابية
426,تثمين المعادن,قطاع التعدين,يواجه المستثمرون صعوبة في تقدير القيمة السوقية الفورية لسبائك المعادن الثمينة المستخرجة محلياً بناءً على درجة نقائها. يقدم المشروع منصة تثمين تربط نتائج الفحص المخبري بأسعار البورصة العالمية لحظة بلحظة.,"شركات التعدين، الورش، والمستثمرون"
427,تتبع الأمتعة,قطاع الطيران,يعاني المسافرون من القلق وفقدان الوقت عند الوقوف الطويل أمام سير الحقائب بالمطارات دون معرفة موعد خروج حقائبهم بالتحديد. يوفر النظام تتبعاً داخلياً للحقيبة منذ خروجها من الطائرة عبر موجات الراديو (RFID).,المسافرون وإدارات تشغيل المطارات
428,منصة أثر,رعاية الأيتام,"تواجه حواضن الأيتام صعوبة في إدارة وتوزيع أموال الكفالات بشكل مخصص يلبي الاحتياجات المتغيرة لكل طفل (تعليم، صحة، ترفيه). توفر المنصة محفظة رقمية ذكية تتيح إدارة الميزانيات وتوثيق المصاريف للكفلاء.","الجمعيات الخيرية، دور الرعاية، والكفلاء"
429,حارس الشبكة,تقنية المعلومات,تتعرض خوادم الشركات الناشئة لبطء مفاجئ بسبب هجمات حجب الخدمة (DDoS) غير المرصودة في دقائقها الأولى. يوفر المشروع نظام حماية سحابياً يعتمد على تعلم الآلة لتحليل الشذوذ في تدفق البيانات وحجبها تلقائياً.,الشركات التقنية ومسؤولو الشبكات
430,إرشاد السياح,السياحة البيئية,يواجه زوار المحميات الطبيعية (مثل محمية الملك سلمان) حيرة في العثور على مسارات المشي الآمنة وأماكن رصد الحيوانات المصرحة. يقدم التطبيق نظام خرائط تفاعلياً يعتمد على مستشعرات جغرافية لتنبيه الزائر بالحدود والتعليمات.,"السياح، هواة الطبيعة، وإدارات المحميات"
431,عدسة الدواء,السلامة الطبية,يواجه الصيادلة بالمستشفيات خطورة صرف أدوية متشابهة في الشكل الخارجي والعلبة ولكنها مختلفة تماماً في المادة الفعالة (Look-Alike Drugs). يوفر النظام فحصاً بصرياً عند التعبئة للتأكد من الرمز الشريطي والمحتوى.,الصيادلة والمستشفيات
432,تحليلات النشر,الإعلام الرقمي,تفتقر المواقع الثقافية والتعليمية السعودية لأدوات تقيس بدقة مدى ملاءمة صياغة مقالاتها لمستويات القراءة لدى الفئات العمرية المختلفة. يقدم المشروع أداة تحليل لغوي تحسب مؤشر صعوبة النص واقتراح البدائل.,"دور النشر، كتاب المحتوى، والمؤسسات التعليمية"
433,بوابة المصانع,سلاسل الإمداد,تواجه المصانع الصغيرة صعوبة في شراء المواد الخام بأسعار تنافسية لقلة كميات طلباتها مقارنة بالمصانع الضخمة. تجمع المنصة طلبات المشتريات للمصانع الصغيرة في صفقة موحدة للحصول على خصومات الكمية من الموردين.,أصحاب المصانع الصغيرة ومدراء المشتريات
434,راصد الأراضي,حماية البيئة,تعاني الأراضي البيضاء والمخططات الناشئة من الرمي العشوائي لمخلفات البناء والهدم ليلاً مما يشوه المظهر الحضري. يستخدم المشروع كاميرات حرارية متصلة بخوارزمية رصد الشاحنات لتوثيق المخالفات وإرسالها للبلدية.,"الأمانات، البلديات، وهيئات الرقابة"
435,تأجير مرن,التشارك الاقتصادي,يواجه المهندسون والمصممون الهواة صعوبة وتكلفة باهظة في استئجار المعدات النادرة والثقيلة (كماسحات الليزر ثلاثية الأبعاد) لأيام معدودة بأمان. يقدم التطبيق منصة تأجير موثوقة تضمن فحص الهوية وعقود التأمين.,"المهندسون، المصممون، وشركات المعدات"
436,مسار الركاب,النقل الذكي,يعاني مستخدمو حافلات النقل العام من الازدحام وصعوبة معرفة عدد المقاعد الشاغرة في الحافلة القادمة للتخطيط لرحلتهم. يوفر التطبيق تنبؤات حية تعتمد على كاميرات الحافلة الداخلية ومستشعرات الوزن الأرضية.,ركاب حافلات النقل العام وإدارات النقل
437,وزن شاحنتك,اللوجستيات والنقل,تواجه الشاحنات غرامات مالية عالية عند نقاط الوزن على الطرق لعدم علم السائق بالحمل الدقيق بعد تحميل البضاعة ميدانياً. يوفر المشروع تطبيقاً يربط بحساسات ضغط هيدروليكية بالمركبة لحساب الوزن فورياً.,سائقو الشاحنات وشركات النقل البري
438,تحليلات اللياقة,الرياضة المجتمعية,تفتقر مجموعات الدراجات الهوائية والجري للهواة لأدوات تجمع بيانات الأعضاء وتحللها لتقديم تحديات جماعية مخصصة ترفع اللياقة. يتيح التطبيق ربط الساعات الذكية للأعضاء وتوليد لوحات صدارة تفاعلية للمجموعة.,مجموعات الهواة وأندية الرياضة المجتمعية
439,أمن البيانات,الحوسبة السحابية,تتخوف المنشآت الطبية من رفع السجلات الصحية الحساسة للسحابة خوفاً من تسريبها أو اختراقها من مزودي الخدمة الخارجيين. يقدم المشروع حلول تشفير متطورة تتيح معالجة البيانات والبحث فيها وهي مشفرة بالكامل.,المستشفيات والشركات الناشئة في القطاع الصحي
440,فاحص التمور,فرز الأغذية آلياً,"يستغرق فرز وتصنيف جودة التمور (ممتاز، جودة ثانية) يدوياً في مصانع التعبئة وقتاً طويلاً ومجهوداً بشرياً ضخماً. يعتمد المشروع على رؤية الحاسوب والذكاء الاصطناعي لفرز التمور حسب الحجم، اللون، والعيوب آلياً.",مصانع تعبئة التمور والمزارعون
441,مرشد الطهاة,قطاع الضيافة,تواجه الفنادق والمطاعم الكبرى هدراً في المكونات الغذائية بسبب عدم دقة تعديل مقادير الوصفات يدوياً عند تغير عدد الضيوف فجأة. يقدم المشروع نظام مطبخ ذكياً يضبط المقادير ويرتبط بالمخزون والمشتريات آلياً.,"الفنادق، قاعات الفعاليات، والطهاة المحترفون"
442,بصمة العقار,التقنية العقارية,تقع عمليات احتيال عبر تزوير مستندات ملكية العقارات أو تحديث صكوك قديمة بدون علم الملاك الفعليين. يوفر النظام منصة لتوثيق الهوية الرقمية للعقار وسجل الملكية التاريخي بالكامل عبر تقنية البلوكشين.,"كتابات العدل، الوسطاء العقاريون، والملاك"
443,راصد المخلفات,الصحة البيئية,تواجه المستشفيات والمراكز الطبية تعقيدات في تتبع وضمان التخلص الآمن من النفايات الطبية الخطرة وفقاً للاشتراطات البيئية. يوفر النظام تتبعاً للحاويات الطبية عبر الباركود الذكي ومستشعرات الوزن والحرارة.,المستشفيات وشركات التخلص من النفايات الطبية
444,تذاكر الهوية,الترفيه والفعاليات,يعاني منظمو الفعاليات الرياضية الكبرى من تزوير التذاكر المطبوعة أو بيعها بأسعار فلكية في السوق السوداء. يعتمد المشروع على تذاكر رقمية مشفرة كأصول رقمية (NFT) ترتبط بالهوية الوطنية للمشتري ولا تقبل النقل إلا بضوابط المنظم.,منظمو الفعاليات الرياضية والجمهور
445,دليل المعالم,السياحة الافتراضية,يفتقر السياح من داخل وخارج المملكة لدليل تفاعلي يستعرض التفاصيل التاريخية والمعمارية للمعالم القديمة (مثل منطقة جدة التاريخية). يوفر التطبيق جولات سياحية تفاعلية بالواقع المعزز (AR) والقصص الصوتية.,"السياح، الزوار، والمهتمون بالتراث"
446,منصة وعي,التدريب والتوظيف,يواجه الخريجون الجدد من تخصصات الذكاء الاصطناعي فجوة بين المهارات الأكاديمية والمتطلبات الفعلية لمشاريع الشركات التقنية بالسوق. توفر المنصة محاكاة لمشاريع تقنية حقيقية وتحديات برمجية لتقييم وجاهزية المتقدم.,الخريجون الجدد والشركات التقنية الناشئة
447,نبض المصنع,التصنيع الذكي,تواجه مصانع تعليب الأغذية توقفاً في خطوط الإنتاج بسبب اختلال معايرة درجات حرارة آلات التعقيم دون إنذار مسبق. يربط المشروع الآلات بنظام تعلم آلي يحلل البيانات الحرارية لحظياً للتنبؤ بالأعطال قبل حدوثها.,المصانع ومهندسو صيانة خطوط الإنتاج
448,راصد الشحن,اللوجستيات المبردة,تتعرض شحنات الأدوية الحساسة (كالإنسولين) للتلف أثناء نقلها للمستودعات الفرعية نتيجة فتح أبواب الشاحنات المتكرر دون توثيق. يوفر المشروع مستشعرات ذكية تسجل فتح الأبواب وتقلبات الحرارة على سجل مشفر.,شركات الأدوية والموزعون اللوجستيون
449,بصيرة الجداول,التعليم الشامل,يواجه الطلاب المكفوفون صعوبة في قراءة وفهم الجداول الإحصائية المعقدة المتواجدة في المناهج التعليمية الرقمية. يوفر التطبيق أداة برمجية تحلل محاور الجدول وتحولها إلى وصف صوتي ذكي يشرح العلاقات والأرقام بوضوح.,الطلاب المكفوفون والمؤسسات التعليمية
450,فاحص الوقود,النقل والمحروقات,تواجه شركات النقل وأصحاب المركبات خطورة تعرض محركات شاحناتهم للتلف نتيجة خلط الوقود بالماء أو الشوائب في المحطات غير الملتزمة. يقدم المشروع جهاز فحص محمولاً يعتمد على الاستشعار البصري للكشف عن نقاء الوقود.,"شركات النقل، محطات الوقود، والمستهلكون"
451,كود النزاهة,الحوكمة والامتثال,تواجه الشركات الكبرى تعقيدات في الفحص اليدوي لطلبات الشراء والتعاقدات للتأكد من خلوها من شبهات تعارض المصالح. يقدم المشروع خوارزمية ذكية تحلل شبكات العلاقات والملكيات وتربطها بسجل الموردين آلياً.,إدارات المراجعة الداخلية والحوكمة
452,إيفاء,التقنية القانونية,يعاني الأفراد والمؤسسات من تعقد وتأخر مسارات تسوية المنازعات التجارية الصغيرة ودياً خارج المحاكم. توفر المنصة غرف تحكيم ووساطة رقمية بالكامل مدعومة بمساعد ذكي يحلل المستندات ويقترح حلولاً تسوية عادلة.,"المنشآت الصغيرة، الأفراد، والقانونيون"
453,راصد الفولت,الطاقة والذكاء المدني,تواجه شبكات الإنارة في الطرق السريعة فترات انقطاع غير مكتشفة فوراً بسبب غياب أدوات الرصد اللحظي للأعطال في المحولات الفرعية. يربط المشروع المحولات بحساسات إنترنت أشياء (IoT) تبث حالة الجهد والتحميل لحظياً.,إدارات تشغيل الطرق ووزارة النقل
454,مرشد التنوع,الموارد البشرية,تفتقر المنشآت لأدوات مؤتمتة تقيس مدى عدالة وتنوع بيئة العمل داخلياً (كالتوازن بين الجنسين أو الفئات العمرية) في الترقيات والتوظيف. يوفر النظام تحليلات بيانية حيادية ومجردة من الهويات لتقديم مؤشرات دقيقة.,المدراء التنفيذيون وإدارات الموارد البشرية
455,منصة أريب,التعليم الذكي,يواجه المعلمون صعوبة في صياغة اختبارات مخصصة تدرس نقاط الضعف الدقيقة لكل طالب بناءً على مستواه الفعلي. يقدم المشروع منصة تعليم تكيفي (Adaptive Learning) تولد أسئلة ومهام ديناميكية تتغير حسب استجابة الطالب.,"المدارس، المعلمون، والطلاب"
456,حصاد المطر,الاستدامة المائية,تفتقر المباني الحديثة لأنظمة ذكية تعيد توجيه وتخزين مياه الأمطار والسيول للاستخدامات غير الآدمية آلياً بناءً على الطاقة الاستيعابية للخزانات. يوفر المشروع شبكة محابس وصمامات رقمية تدار برمجياً حسب الطقس.,المجمعات السكنية والمباني الخضراء
457,مرشد الميناء,اللوجستيات البحرية,تواجه السفن التجارية فترات انتظار طويلة في الموانئ لعدم التنسيق الدقيق بين موعد وصول السفينة وجاهزية قوارب القطر والإرشاد. يقدم المشروع نظام جدولة ديناميكي يتنبأ بأوقات الوصول والتحرك بدقة البيانات الحية.,إدارات الموانئ والشركات الملاحية
458,تحليلات النحل,الثروة الزراعية,يصعب على مربي النحل تحديد أفضل المواقع الجغرافية لنقل المناحل حسب مواسم تفتح الأزهار وتوفر الغطاء النباتي محلياً. يحلل التطبيق بيانات الأقمار الصناعية والطقس لاقتراح المواقع المثالية لإنتاج العسل.,النحالون ومربو النحل
459,بناء واثق,المقاولات والإنشاءات,تقع خلافات بين المقاولين والملاك حول دقة نسب الإنجاز الفعلي للمباني قبل صرف الدفعات المالية. يوفر التطبيق ميزة المسح باستخدام الليزر (LiDAR) عبر الجوال لمطابقة البناء الفعلي بالمخطط الهندسي (BIM) واحتساب النسبة.,"الملاك، المقاولون، والمكاتب الاستشارية"
460,عقاري الآمن,التقنية العقارية,يواجه المستأجرون الجدد مخاوف من التعرض للاحتيال عبر دفع عربون لعقارات وهمية أو غير مصرحة في وسائل التواصل. توفر المنصة نظام حجز وسيطاً يربط الهوية الرقمية للمؤجر بالصك الفعلي للعقار عبر تكامل حكومي.,المستأجرون والوسطاء العقاريون
461,تذوق ذكي,قطاع الأغذية,"تعاني مصانع تصنيع الأغذية والتمور من تفاوت جودة وفرز نكهات دفعات الإنتاج نتيجة الاعتماد على التذوق البشري التقليدي. يقدم المشروع حل ""اللسان الإلكتروني"" (Electronic Tongue) لتحليل المكونات الكيميائية للمذاق برمجياً.",مصانع الأغذية ومختبرات الجودة
462,نبيه الحركة,الرعاية الرياضية,يواجه ممارسو رياضة رفع الأثقال خطورة التعرض لإصابات بليغة بالظهر (كالديسك) نتيجة أداء التمارين بوضعية هندسية خاطئة. يستخدم التطبيق رؤية الحاسوب عبر كاميرا الهاتف لتحليل زوايا الجسم وتصحيح الوضعية فوراً.,ممارسو الرياضة ورواد الأندية الصحية
463,تواصل ناطق,دعم ذوي الإعاقة,"يواجه الصم والبكم صعوبة في إجراء المكالمات الهاتفية الصوتية مع الطوارئ أو القطاعات الخدمية لغياب وسيط فوري. يقدم المشروع تطبيقاً يحول لغة الإشارة الملتقطة بالكاميرا إلى صوت ناطق في المكالمة، ويحول الصوت المقابل إلى نص.",فئة الصم والبكم والجهات الخدمية
464,إمداد مرن,إدارة المخازن,تواجه شركات التجزئة مشكلة تجميد السيولة المالية في مستودعاتها بسبب الإفراط في تخزين بضائع منخفضة الطلب لغياب التنبؤ الذكي. يقدم النظام خوارزمية ذكية تحلل التاريخ البيعي وتتنبأ بالحد الأدنى الآمن للمخزون.,مدراء المشتريات والمستودعات
465,منصة صكوك,التقنية المالية,يصعب على المستثمرين الأفراد الوصول لفرص الاستثمار في الصكوك الحكومية أو التجارية لارتفاع الحد الأدنى للتكلفة وصعوبة الإجراءات. تقدم المنصة حلاً لتجزئة الصكوك الرقمية إلى حصص متناهية الصغر تتيح الاستثمار بمبالغ بسيطة.,صغار المستثمرين ورواد الأعمال
466,راصد التستر,الذكاء الاقتصادي,تواجه الجهات الرقابية صعوبة في فرز وتحديد المنشآت والمحلات التجارية التي يرتفع فيها مؤشر الاحتمالية للتستر التجاري يدوياً. يعتمد النظام على معالجة البيانات الضخمة للمبيعات والنقاط البنكية لاكتشاف الشذوذ المالي.,وزارة التجارة والجهات الرقابية
467,ميزان النقل,اللوجستيات الذكية,تعاني شركات النقل التشاركي من صعوبة التوزيع العادل لطلبات التوصيل بين السائقين في المطارات والمراكز المزدحمة مما يسبب تذمراً. يقدم المشروع نظاماً لإدارة الطوابير الافتراضية يعتمد على الموازنة بين وقت الانتظار وتقييم السائق.,شركات النقل وسائقو الأساطيل
468,عين المحمية,حماية البيئة,تتعرض المحميات الطبيعية لعمليات الصيد الجائر أو الاحتطاب العشوائي في المناطق الشاسعة التي يصعب تغطيتها أمنياً بالبشر. يوفر المشروع منظومة ميكروفونات ذكية أرضية تحلل الترددات الصوتية لاكتشاف أصوات الرصاص أو المناشير فوراً.,القوات الخاصة للأمن البيئي وإدارات المحميات
469,أرشيف ذكي,إدارة الشركات,تستغرق مراجعة وتصنيف ملفات الفواتير والمستندات الورقية القديمة الممسوحة ضوئياً ساعات طوال لاستخراج الأرقام الضريبية والمبالغ. يوفر النظام نموذجاً ذكياً يقوم بالتعرف الضوئي (OCR) وفرز البيانات في جداول منظمة تلقائياً.,المحاسبون وإدارات العمليات بالشركات
470,رحلة اللقاح,الرعاية الصحية,تفتقر المستشفيات لأدوات تضمن سلامة وموثوقية سلسلة تبريد اللقاحات الحساسة أثناء نقلها داخلياً بين الأقسام والعيادات. يقدم المشروع حافظة طبية ذكية متصلة ببلوتوث منخفض الطاقة تسجل درجات الحرارة والارتجاجات لحظياً.,المستشفيات والمراكز الطبية
471,تذاكر آمنة,الفعاليات والترفيه,يواجه جمهور الفعاليات الرياضية الكبرى عمليات احتيال متكررة عبر شراء تذاكر مكررة أو مزورة من منصات غير رسمية. يعتمد المشروع على نظام تذاكر رقمية مشفرة كأصول غير قابلة للاستبدال (NFT) ترتبط بمحفظة المشتري الرسمية.,منظمو الفعاليات الرياضية والجمهور
472,مستشار العزل,كفاءة الطاقة,يواجه المقبلون على البناء صعوبة في اختيار الأنظمة والمواد العازلة التي تحقق أعلى كفاءة للطاقة وتخفض فاتورة الكهرباء طوال العام. يقدم التطبيق محرك محاكاة حرارية يحلل زاوية سقوط الشمس الجغرافية على الأرض واقتراح الحل الأمثل.,المقبلون على بناء المنازل والمكاتب الهندسية
473,عدسة الفم,تقنيات طب الأسنان,يتأخر الكثير من الأفراد في علاج تسوس الأسنان والتهابات اللثة المبكرة لعدم قدرتهم على التقييم الذاتي المبدئي قبل تفاقم الألم. يتيح التطبيق فحصاً أولياً وتحليلاً لدرجة التسوس عبر التقاط صورة مقربة واضحة بكاميرا الجوال.,العائلات والأفراد
474,إدارة الاهتزاز,التصنيع الذكي,تعاني آلات التعبئة والتغليف بالمصانع من التوقف المفاجئ والخروج عن المعايرة الميكانيكية نتيجة تآكل المحامل غير المرصود. يربط المشروع الآلات بمستشعرات اهتزاز دقيقة تقيس الانحرافات وتتنبأ بالصيانة الوقائية.,المصانع ومهندسو التشغيل
475,خطوط التراث,الثقافة والفنون,تفتقر أدوات التصميم المعاصرة لنماذج تولد خطوطاً وتراكيب فنية مضبوطة بدقة تحاكي قواعد الخط العربي الأصيل بكافة مدارسه. يقدم المشروع نموذج ذكاء اصطناعي توليدي هندسي مخصص لتوليد مخطوطات عربية كلاسيكية وموزونة.,"المصممون، دور النشر، والجهات الثقافية"
476,محاكي الرواسب,التعدين والطاقة,تواجه شركات الاستكشاف التعديني مخاطر مالية عالية عند حفر آبار عشوائية للبحث عن رواسب المعادن دون دراسة دقيقة لطبقات الأرض. يقدم المشروع منصة محاكاة ثلاثية الأبعاد تحلل بيانات المسح الجيوفيزيائي للتنبؤ بوفرة المعادن.,شركات التعدين والمهندسون الجيولوجيون
477,تأهيل مرن,الخدمات الاجتماعية,تواجه المؤسسات الرعوية صعوبة في تصميم مسارات تدريبية ونفسية مخصصة للنزلاء تضمن نجاح اندماجهم في سوق العمل بعد خروجهم. توفر المنصة نظاماً ذكياً يدرس مهارات النزيل ويقترح له مساراً تعليمياً متدرجاً.,إدارات التأهيل والمؤسسات الاجتماعية
478,راصد السيول,إدارة الأرصاد,تفتقر بلديات المدن الفرعية لبيانات مناخية بالغة الدقة (Hyper-local) لرصد وتوقع السيول المفاجئة في أحياء محددة. يدمج المشروع قراءات محطات الأرصاد المنزلية الصغيرة المصرحة عبر منصة موحدة لتحليل الطقس بلحظته.,مراكز الأرصاد والبلديات
479,مسار الطوارئ,إدارة المستشفيات,يعاني المرضى في أقسام الطوارئ من طول فترات الانتظار العشوائي لعدم توفر نظام فرز رقمي ذكي يحدد الأولوية حسب خطورة الحالة الحرجة لحظياً. يوفر المشروع نظام تصنيف آلي للمؤشرات الحيوية لترتيب دخول المرضى للأطباء.,المستشفيات وأطباء الطوارئ
480,فرز المطالبات,التأمين الصحي,تواجه المستشفيات تأخراً في الموافقة على طلبات الإجراءات الطبية من شركات التأمين بسبب الفرز اليدوي الطويل. يعتمد النظام على الفرز والمطابقة الآلية للطلبات مع وثيقة التأمين عبر خوارزميات معالجة اللغة الطبيعية.,شركات التأمين والمستشفيات
481,تتبع المشتريات,التجارة الإلكترونية,يواجه العملاء حيرة في تنسيق أوقاتهم لاستلاف الطلبات الكبيرة (كالأجهزة الكهربائية) لعدم توفر تتبع حي لموقع الشاحنة. يقدم المشروع نظام ملاحة يتيح للمشتري رؤية موقع السائق الفعلي ووقت الوصول المتوقع بدقة الدقائق.,متسوقو الإنترنت وشركات التوصيل
482,فاحص الحيوية,الأمن السيبراني,يتزايد خطر الاحتيال عبر استخدام صور أو فيديوهات مسجلة لتخطي أنظمة التعرف على الوجه في الحسابات البنكية. يوفر المشروع نظاماً لفحص الحيوية (Liveness Detection) يطلب حركات عشوائية لحظية لمنع التزييف.,البنوك والمؤسسات المالية
483,درون زراعي,الزراعة الذكية,يصعب على مزارعي المساحات الشاسعة اكتشاف إصابة أشجار النخيل بسوسة النخيل الحمراء في مراحلها الأولى بالعين المجردة. يستخدم المشروع طائرات درونز تلتقط صوراً حرارية وطيفية للأشجار لتحليل صحتها واكتشاف السوسة داخلياً.,أصحاب مزارع النخيل والجهات الزراعية
484,صيانة افتراضية,التعليم الفني والمهني,يواجه متدربو صيانة الطائرات أو المحركات الضخمة خطورة وصعوبة في التدرب الميداني المباشر قبل تمكنهم من المهارات. يوفر التطبيق بيئة تدريب بالواقع الافتراضي (VR) تحاكي تفكيك وصيانة المحركات بأمان وبشكل تفاعلي.,كليات الهندسة والمعاهد الفنية والمهنية
485,ملاحة المعرض,قطاع الفعاليات,يستغرق زوار المعارض التجارية الدولية وقتاً في البحث والوصول لأجنحة الشركات (Booths) وسط مئات الأجنحة. يوفر التطبيق نظام خرائط داخلي يعتمد على مستشعرات بلوتوث منخفضة الطاقة لتوجيه الزائر خطوة بخطوة.,منظمو المعارض والزوار والمؤتمرون
486,مؤشر التوتر,إدارة بيئة العمل,تعاني الشركات من انخفاض إنتاجية الموظفين نتيجة ضغوط العمل المستمرة والاحتراق الوظيفي غير المرصود. يقدم التطبيق استبيانات نبضية قصيرة وتحليلاً مجهول الهوية لمستويات الرضا والتوتر لتقديم توصيات للإدارة.,الشركات وإدارات الموارد البشرية
487,تثمين الأراضي,التقنية العقارية,"يعتمد تقييم الأراضي البيضاء أو العقارات على معايير شخصية وتخمينات تفتقر للبيانات الدقيقة عن السوق. يقدم المشروع محرك تثمين يحلل الصفقات الفعلية المسجلة جغرافياً، ومخططات التطوير المحيطة لتقدير السعر العادل.",المثمنون العقاريون والمستثمرون
488,رادار المستهلك,حماية المستهلك,يواجه المتسوق تفاوت ميزانيات السلع التموينية بين المتاجر الكبرى والهايبرماركت في نفس المنطقة. يتيح التطبيق مقارنة حية وتلقائية لأسعار السلع ومجموع السلة الشرائية لتوجيه المستخدم للمتجر الأقل تكلفة.,المستهلكون والأسر
489,ملابس ذكية,تقنيات المنسوجات,"يواجه رجال الإطفاء أو العمليات الميدانية خطورة التعرض للإجهاد الحراري أو الدوار دون علم غرف التحكم. يوفر المشروع ملابس ميدانية مزودة بألياف ذكية تقيس النبض، الحرارة الداخلية، والتنفس لبثها لحظياً للمشرفين.","القطاعات الأمنية، الدفاع المدني، والمصانع"
490,موسم مرن,إدارة الحشود,"تواجه مواسم الفعاليات السياحية ضغطاً كبيراً وصعوبة في التوظيف السريع والمؤقت للكفاءات الوطنية لإدارة الحشود ميكروياً. يربط التطبيق المنظمين بالشباب بناءً على الموقع الجغرافي، المهارات، والخبرات السابقة.",منظمو الفعاليات والشباب الباحث عن عمل مرن
491,شحن ذكي,السيارات الكهربائية,تعاني محطات الشحن العامة من تكدس السيارات وتوقفها طويلاً بعد انتهاء الشحن مما يمنع مستخدمين آخرين من الاستفادة. يقدم المشروع نظام جدولة يفرض رسوماً ديناميكية إضافية بعد امتلاء البطارية لتحفيز إخلاء الموقف.,مشغلو محطات الشحن وملاك السيارات
492,تلخيص القضية,التقنية القانونية,يستغرق المحامون فترات طويلة في مراجعة وثائق القضايا المعقدة المكونة من مئات الصفحات لاستخراج التواريخ والأحداث المفصلة. يقدم التطبيق خطاً زمنياً تفاعلياً آلياً يستخرج الأسماء والاتفاقيات بمجرد رفع الملفات.,المحامون والمستشارون القانونيون
493,أولوية الطرق,صيانة المدن,تواجه الأمانات صعوبة في توزيع ميزانيات إعادة سفلتة الطرق بناءً على معايير الأولوية القصوى وحجم الضرر الفعلي. يقوم النظام بتحليل آلي لبلاغات الحفر وتداخلها مع كثافة الحركة المرورية لترتيب مهام الصيانة.,أمانات المدن ووزارة البلديات
494,تدوين الفلكلور,الثقافة والفنون,يفتقر الباحثون في التراث الموسيقي إلى توثيق رقمي دقيق للنوتات والإيقاعات الشعبية السعودية لحمايتها من التحريف. يقوم المشروع بتحليل التسجيلات الصوتية القديمة وتدوينها موسيقياً ونوتياً بالذكاء الاصطناعي.,"هيئة الموسيقى، الباحثون، والفنانون"
495,فرز البوليمرات,إعادة التدوير,"تواجه مصانع تدوير البلاستيك صعوبة في فرز الأنواع المختلفة من المواد (PET, HDPE) بدقة وسرعة يدوية عالية. يعتمد المشروع على الفرز البصري الذكي باستخدام كاميرات الأشعة تحت الحمراء القريبة لتصنيف البلاستيك آلياً.",مصانع البلاستيك وشركات التدوير
496,وسم الأصول,إدارة الشركات,"تعاني المنشآت المتوسطة من فقدان أو صعوبة جرد الأصول الثابتة (كأجهزة اللاب توب، الخوادم، والأثاث) عند جردها السنوي اليدوي. يوفر التطبيق نظام جرد رقمي يربط الأصول بأوسمة (NFC) ذكية للمسح والتحقق الفوري.",إدارات العمليات وتقنية المعلومات بالشركات
497,طوافي,تقنيات الحج والعمرة,"يواجه المعتمرون صعوبة في التركيز وحساب عدد أشواط الطواف والسعي لشدة الزحام، مما يسبب لهم الحيرة في إتمام العبادة. يوفر التطبيق تتبعاً جغرافياً دقيقاً داخل صحن الطواف لتنبيه المعتمر برقم الشوط والدعاء المناسب له.",الحجاج والمعتمرين
498,مسار الشاحنة,النقل واللوجستيات,تستهلك شاحنات النقل الثقيل كميات وقود إضافية بسبب اضطرارها للمرور بطرق ذات مرتفعات حادة أو زوايا ضيقة غير مهيأة لأوزانها. يقدم المشروع خرائط ذكية مخصصة للشاحنات تحسب الارتفاعات لتوفير الوقود والأمان.,شركات النقل البري وسلاسل الإمداد
499,بصيرة الرسوم,دعم المكفوفين,يواجه الطلاب المكفوفون حجزاً تعليمياً عند محاولة فهم الرسوم البيانية والجداول الإحصائية المتواجدة في الكتب المدرسية الرقمية. يوفر التطبيق محركاً يحلل محاور الرسم البياني ويحولها إلى وصف صوتي دقيق يشرح العلاقة بين الأرقام.,الطلاب المكفوفون والمؤسسات التعليمية
500,أمان الغذاء,سلامة الأغذية,تواجه سلاسل المطاعم ومحلات اللحوم صعوبة في التأكد من خلو الشحنات الواردة من التلوث البكتيري الأولي الذي لا يظهر بالعين. يقدم المشروع جهاز فحص محمولاً يعتمد على التحليل الطيفي الفوري للكشف عن مؤشرات التلف.,"مفتشو البلدية، أصحاب المطاعم، والمستهلكون"
501,كود النقاء,جودة الغذاء والتموين,تواجه المطاعم صعوبة في تتبع موثوقية سلاسل تبريد اللحوم الطازجة من الموردين وضمان عدم كسر التبريد جزئياً أثناء النقل. تطبيق يعتمد على ملصقات كيميائية ذكية تغير لونها عند تغير الحرارة مدمجة برمز QR للتسجيل الرقمي.,المطاعم والفنادق وموردو الأغذية
502,منصة سياج,الأمن السيبراني,تواجه المنشآت الصغيرة والمتوسطة صعوبة في اكتشاف الأجهزة الغريبة المتصلة بشبكاتها الداخلية والتي قد تسبب ثغرات أمنية خطيرة. يوفر المشروع نظام مسح ذكي يحظر تلقائياً أي جهاز غير مصرح ويحلل سلوكه.,الشركات الصغيرة والمتوسطة
503,مسار النمو,إدارة ريادة الأعمال,تعاني حاضنات ومسرعات الأعمال من عشوائية تتبع مؤشرات أداء الشركات الناشئة المنضمة إليها يدوياً وبشكل متباعد. يقدم المشروع لوحة تحكم ذكية ترتبط ببيانات مبيعات ونمو مستخدمي الشركات الناشئة لحظياً.,حاضنات ومسرعات الأعمال والمنشآت الناشئة
504,تدوير النسيج,الاستدامة والبيئة,تواجه مصانع ومتاجر الملابس هدر الأقمشة والملابس التالفة أو غير المباعة وصعوبة فرزها لإعادة التدوير بطرق تجارية مربحة. منصة لوجستية تربط المتاجر بمصانع إعادة تدوير الألياف لإنتاج مواد خام جديدة.,متاجر التجزئة للملابس ومصانع التدوير
505,بصمة الفنان,الاقتصاد الإبداعي,يتعرض الرسامون والمصممون المحليون لسرقة حقوق لوحاتهم الرقمية وإعادة بيعها بدون إذنهم في المنصات لغياب التوثيق. منصة توثق اللوحات الفنية كأصول رقمية فريدة (NFT) وتضمن عقود الملكية الفكرية.,الرسامون والمصممون الرقميون ومشترو الفنون
506,راصد الأحمال,الطاقة النظيفة,تعاني محطات شحن الحافلات الكهربائية العامة من اختلالات جهد الشبكة وتأخر الشحن عند توصيل حافلات متعددة في نفس الوقت. يقدم المشروع خوارزمية ذكية توزع الأحمال الكهربائية بناءً على جدول الرحلات المجدول.,مشغلو أساطيل النقل العام الكهربائية
507,إشراف مرن,قطاع المقاولات,يصعب على المكاتب الاستشارية تتبع التزام العمال بنسب خلط الأسمنت والمواد الإنشائية بدقة في المواقع الإنشائية لغياب الرقابة اللحظية. يقدم المشروع كاميرا مراقبة ذكية تحلل أحجام المواد المضافة برؤية الحاسوب.,المكاتب الاستشارية ومهندسو الموقع
508,بيان العقار,التقنية العقارية,"يواجه مشتري الأراضي صعوبة في معرفة مدى توفر الخدمات البنية التحتية والمرافق المستقبلية (مدارس، حدائق، طرق) حول أرض معينة قبل الشراء. تطبيق يحلل المخططات المعتمدة للأمانات ويسقطها جغرافياً.",المشترون والمستثمرون العقاريون
509,نبيه المصنع,التصنيع الذكي,تواجه مصانع الزجاج تعطل خطوط الإنتاج بسبب شروخ ميكروية غير مرئية في قوالب التشكيل لغياب الرصد الاستباقي. نظام يعتمد على مستشعرات الموجات الصوتية الكهرومغناطيسية للتنبؤ بتآكل القوالب قبل الكسر.,مصانع الزجاج ومهندسو الإنتاج
510,مرشد النطق,دعم ذوي الإعاقة,يواجه الأطفال المصابون بالتوحد صعوبة في التعبير عن احتياجاتهم الأساسية بالكلمات مما يسبب إحباطاً لهم وللأهل. تطبيق يعتمد على واجهة رسومية ذكية وتفاعلية تحول الصور المختارة إلى جمل صوتية واضحة مخصصة.,الأطفال المصابون بالتوحد وأولياء الأمور
511,بوابة المناحل,الثروة الحيوانية,يواجه مربو النحل صعوبة في التحقق من نقاء وجودة حبوب اللقاح التي يجمعها النحل لضمان إنتاج عسل علاجي بمواصفات قياسية. يستخدم المشروع مصائد ذكية مدمجة برؤية حاسوبية لتصنيف وفحص حبوب اللقاح آلياً.,النحالون ومختبرات جودة العسل
512,راصد التآكل,الخدمات اللوجستية,تعاني شركات الشحن البحري من تعرض حاويات البضائع الحديدية للتآكل والصدأ بسبب الرطوبة العالية دون علم الإدارة مما يتلف الشحنات. يقدم المشروع مستشعرات رطوبة وكهرباء كيميائية ترصد تآكل الحاوية بلحظته.,شركات الملاحة والشحن الدولي
513,بناء واعد,تكنولوجيا التعليم,يواجه طلاب الهندسة المعمارية فجوة في تصور ومحاكاة كيفية تأثر تصاميمهم الإنشائية بالرياح والعوامل الجوية ميدانياً. يوفر المشروع منصة محاكاة تفاعلية بالواقع الافتراضي (VR) تدرس ديناميكيات الرياح على المباني.,كليات الهندسة والطلاب والمصممون المعماريون
514,إسناد اللوجستي,إدارة سلاسل الإمداد,تواجه شركات الاستيراد تعقيدات في إدارة وفحص مستندات بوالص الشحن المتعددة لضمان مطابقتها لشروط الاعتمادات المستندية البنكية. يوفر النظام فحصاً ومطابقة آلية للمستندات بالذكاء الاصطناعي لتفادي الغرامات.,شركات الاستيراد والتصدير وإدارات المشتريات
515,منصة تدوير,الاستدامة المائية,تعاني المغاسل المركزية (للملابس والفنادق) من هدر كميات ضخمة من المياه ومواد التنظيف الكيميائية دون إعادة تدوير للاستخدامات الثانوية. يقدم المشروع وحدة فلترة ذكية تراقب نقاء المياه برمجياً لإعادة تدويرها.,المغاسل المركزية والفنادق الكبرى
516,توجيه الشحن,قطاع التجزئة,تفتقر متاجر الأثاث والسلع الكبيرة لآلية ذكية تضمن تحميل المنتجات في الشاحنات بترتيب يتوافق مع المسار الجغرافي للتوصيل مما يسبب بعثرة للمخزون. يوفر التطبيق خوارزمية ترتيب التحميل حسب مسار الملاحة.,متاجر الأثاث والتجزئة وشركات التوصيل
517,منصة أثر,المسؤولية الاجتماعية,تجد الجمعيات الأهلية صعوبة في توثيق ونشر نتائج مبادراتها المجتمعية بالصور والبيانات بطريقة جاذبة وموثوقة للمتبرعين والشركات الداعمة. تقدم المنصة سجلات رقمية مشفرة لتوثيق مراحل إنجاز المبادرات.,الجمعيات الخيرية والشركات الداعمة
518,تحصيل بلس,التقنية المالية,تواجه المدارس الأهلية تعثراً في تحصيل الأقساط الدراسية وصعوبة في تقديم خطط سداد مرنة تتناسب مع تغير ميزانيات أولياء الأمور شهرياً. يقدم التطبيق حلول جدولة ذكية وسداداً مرناً مؤتمتاً يرتبط ببوابات الدفع.,المدارس الأهلية وأولياء الأمور
519,مرشد الأثر,السياحة الجبلية,يفتقر هواة تسلق الجبال والمشي الجبلي (Hiking) لمعلومات موثوقة ومحدثة عن مستويات خطورة المسارات الجبلية السعودية وتغير صخورها. يقدم التطبيق خرائط جيو-مكانية ثلاثية الأبعاد تعتمد على مسح الأقمار الصناعية.,هواة الرياضات الجبلية والسياح
520,تفتيش ذكي,السلامة البيئية,تواجه الجهات الرقابية صعوبة في تتبع التزام المصانع بالحدود المسموحة لانبعاثات الغازات السامة من المدخن يدوياً وعلى مدار الساعة. يوفر المشروع نظام فحص بصري وحراري يحلل أدخنة المصانع عبر كاميرات ذكية.,هيئات الرقابة البيئية والوزارات
521,عالمي الصغير,رعاية الطفولة,يواجه الأطفال المصابون بعسر القراءة (Dyslexia) صعوبة في الاندماج بالتعليم التقليدي لغياب المناهج البصرية التفاعلية المناسبة لقدراتهم. يقدم التطبيق منصة ألعاب تعليمية تحول النصوص إلى أشكال ومجسمات متحركة.,الأطفال المصابون بعسر القراءة والمدارس
522,فاحص المياه,الزراعة الذكية,تواجه مزارع الاستزراع السمكي خطورة نفوق الأسماك المفاجئ نتيجة تغير نسبة الأكسجين المذاب أو حموضة المياه دون رصد استباقي سريع. يقدم المشروع منظومة عوامات ذكية تقيس جودة المياه وتبث البيانات لحظياً.,مشاريع الاستزراع السمكي والثروة السمكية
523,إسناد الطبي,الخدمات الطبية,يعاني أطباء الأشعة من ضغط العمل وطول الوقت المستغرق في كتابة التقارير التفصيلية لآلاف صور الأشعة السينية يومياً. يوفر النظام مساعداً ذكياً يفرز صور الأشعة ويحدد مواضع الاشتباه بالكسور أو الأورام بدقة عالية.,أطباء الأشعة والمستشفيات
524,أمان المصعد,إدارة المرافق,تعاني المنشآت والأبراج من التوقف المفاجئ للمصاعد واحتجاز الزوار لضعف الصيانة التنبؤية المعتمدة على البيانات الحية للمحركات. يربط المشروع المصاعد بحساسات اهتزاز وحرارة تتنبأ بتلف قطع الغيار قبل حدوثه.,شركات الصيانة وإدارات المرافق والأبراج
525,إيجاز البلاغات,العمليات البلدية,تواجه مراكز التحكم (940) تكدساً وتكراراً في بلاغات التشوه البصري (مثل حفرة في شارع محدد) من مواطنين متعددين مما يشتت فرق العمل. يقوم النظام بربط البلاغات جغرافياً ودمجها تلقائياً في أمر عمل موحد.,الأمانات والبلديات وفرق الصيانة
526,تحكيم الفواتير,التقنية المالية,تقع نزاعات متكررة بين المتاجر الإلكترونية وشركات التوصيل حول احتساب رسوم الشحن الإضافية الناتجة عن إلغاء الطلبات أو تعديل الموقع. يوفر المشروع نظام عقود ذكية تفصل في الرسوم تلقائياً بناءً على بيانات التتبع الحية.,المتاجر الإلكترونية وشركات التوصيل
527,مسار الرؤية,دعم ذوي الإعاقة,يواجه الصم وضعاف السمع خطورة عند السير في الشوارع أو مواقع العمل لعدم قدرتهم على سماع أبواق السيارات أو تنبيهات الآلات خلفهم. يقدم التطبيق سواراً ذكياً يحلل الأصوات المحيطة ويتحول لاهتزازات مشفرة تنبه المستخدم.,الصم وضعاف السمع والعاملون في الميدان
528,سوق الصقور,الثروة الحيوانية,يواجه مشترو الصقور الفاخرة صعوبة في التثبت من سجل الصقر الطبي والبطولات التي شارك فيها لغياب التوثيق الرقمي المعتمد. يوفر المشروع جواز سفر رقمياً فريداً مشفراً (Blockchain) يربط بشريحة مدمجة تحت جلد الصقر.,"نوادي الصقور، الملاك، والمشترون"
529,بوابة التخليص,اللوجستيات الدولية,تستغرق مراجعة مستندات الشحن البحري ومطابقتها ببيانات الجمارك وفحص التراخيص وقتاً طويلاً يتسبب في غرامات أرضية بالموانئ. يقدم المشروع منصة فحص ومطابقة آلية للمستندات بالذكاء الاصطناعي لتسريع التخليص.,شركات الاستيراد والتصدير والمخلصون
530,حماية المحصول,الزراعة المحمية,تتعرض بيوت زراعة الطماطم والمنتجات الحساسة لانتشار الفطريات بسبب عدم ضبط رطوبة الأوراق ومعدل تجدد الهواء بدقة داخل المحمية. يقدم المشروع نظام تهوية مؤتمت يعتمد على خوارزمية التنبؤ برطوبة الأسطح النباتية.,أصحاب البيوت المحمية والمستثمرون الزراعيون
531,تأهيل السمع,الرعاية التأهيلية,يواجه الأطفال زارعي القوقعة الطبية صعوبة في الاستمرار في تمارين التمييز السمعي وتطوير النطق بالمنزل لغياب الوسائل التفاعلية. يوفر التطبيق ألعاباً تعليمية تتدرج في حدة الأصوات وتقيس استجابة الطفل ونطقه برمجياً.,الأطفال زارعو القوقعة ومراكز التأهيل الطبي
532,تواصل الموظف,إدارة بيئة العمل,تجد الشركات التي تملك موظفين ميدانيين وسائقين (بلا مكاتب ثابته) صعوبة في قياس مدى وصول وفهم التعاميم الإدارية وأنظمة السلامة الجديدة لهم. يوفر التطبيق منصة تعاميم تفاعلية تدعم الاستبيانات السريعة والإشعارات.,الشركات الكبرى وإدارات الموارد البشرية
533,منصة سند,الاستدامة الغذائية,تواجه الجمعيات الخيرية صعوبة في التنسيق اللحظي لاستلام فائض الأطعمة الصالحة من الفنادق والمناسبات قبل تلفها لغياب التوجيه اللوجستي. يربط التطبيق الفنادق بأقرب مندوب جمعية بناءً على الموقع والمخطط اللحظي.,"الفنادق، قاعات الأفراح، وجمعيات حفظ النعمة"
534,راصد التآكل,الخدمات الصناعية,تواجه أنابيب النفط والمياه في المنشآت الصناعية خطورة التآكل الكيميائي غير المرئي الذي قد يؤدي لتسريبات ضخمة أو انفجارات كارثية. يستخدم المشروع تكنولوجيا الأمواج فوق الصوتية المتصلة للتنبؤ بنقاط الضعف بالأنبوب.,شركات الغاز والنفط والمصانع الكبرى
535,مفتش الأسواق,العمليات الرقابية,يستغرق مفتشو الجهات الرقابية وقتاً طويلاً في فحص مطابقة بطاقات الأسعار على الرفوف للأسعار الحقيقية المسجلة بنظام الكاشير بالمحلات. يوفر التطبيق ميزة المسح البصري السريع للملصقات بالذكاء الاصطناعي لرصد المخالفات.,المفتشون الميدانيون والجهات الرقابية
536,تثمين المعادن,قطاع التعدين,يواجه المستثمرون في قطاع التعدين صعوبة في تقدير القيمة السوقية العادلة والفورية لسبائك المعادن المستخرجة محلياً بناءً على درجة نقائها. يقدم المشروع منصة تثمين تربط نتائج الفحص المخبري بأسعار البورصة العالمية.,"شركات التعدين، الورش، والمستثمرون"
537,تتبع الأمتعة,قطاع الطيران,يعاني المسافرون من القلق والوقوف الطويل غير المنظم أمام سير الحقائب بالمطارات دون معرفة موعد خروج حقائبهم بالتحديد. يوفر النظام تتبعاً داخلياً حياً للحقيبة منذ خروجها من الطائرة عبر موجات الراديو (RFID).,المسافرون وإدارات تشغيل المطارات
538,منصة أثر,الرعاية الاجتماعية,"تواجه حواضن الأيتام صعوبة في إدارة وتوزيع أموال الكفالات بشكل مرن يلبي الاحتياجات المتغيرة للطفل (تعليم، صحة، ترفيه) وتوثيقها للكفلاء. توفر المنصة محفظة رقمية ذكية تتيح إدارة الميزانيات وتوثيق المصاريف.","الجمعيات الخيرية، دور الرعاية، والكفلاء"
539,حارس الشبكة,تقنية المعلومات,تتعرض خوادم المنشآت الناشئة لبطء مفاجئ أو توقف تام بسبب هجمات حجب الخدمة (DDoS) غير المرصودة في دقائقها الأولى. يوفر المشروع نظام حماية سحابياً يعتمد على تعلم الآلة لتحليل الشذوذ في تدفق البيانات وحجبها تلقائياً.,الشركات التقنية ومسؤولو الشبكات
540,إرشاد السياح,السياحة البيئية,يواجه زوار المحميات الطبيعية حيرة في العثور على مسارات المشي الآمنة وأماكن رصد الحيوانات المصرحة دون الإضرار بالبيئة الفطرية. يقدم التطبيق نظام خرائط تفاعلياً يعتمد على مستشعرات جغرافية لتنبيه الزائر بالحدود.,"السياح، هواة الطبيعة، وإدارات المحميات"
541,عدسة الدواء,السلامة الطبية,يواجه الصيادلة بالمستشفيات خطورة صرف أدوية متشابهة جداً في الشكل الخارجي والعلبة ولكنها مختلفة تماماً في المادة الفعالة والجرعة. يوفر النظام فحصاً بصرياً ذكياً عند التعبئة للتأكد من الرمز الشريطي والمحتوى الكيميائي.,الصيادلة والمستشفيات والمراكز الطبية
542,تحليلات النشر,الإعلام الرقمي,تفتقر المواقع الثقافية والتعليمية السعودية لأدوات تقيس بدقة مدى ملاءمة صياغة مقالاتها لمستويات القراءة لدى الفئات العمرية المختلفة بالسوق. يقدم المشروع أداة تحليل لغوي تحسب مؤشر صعوبة النص واقتراح البدائل.,"دور النشر، كتاب المحتوى، والمؤسسات التعليمية"
543,بوابة المصانع,سلاسل الإمداد,تواجه المصانع الصغيرة صعوبة في شراء المواد الخام بأسعار تنافسية لقلة كميات طلباتها مقارنة بالمصانع الضخمة. تجمع المنصة طلبات المشتريات للمصانع الصغيرة في صفقة موحدة للحصول على خصومات الكمية من الموردين.,أصحاب المصانع الصغيرة ومدراء المشتريات
544,راصد الأراضي,حماية البيئة,تعاني الأراضي البيضاء والمخططات الناشئة من الرمي العشوائي لمخلفات البناء والهدم ليلاً مما يشوه المظهر الحضري ويصعب تعقبه بالبشر. يستخدم المشروع كاميرات حرارية متصلة بخوارزمية رصد الشاحنات لتوثيق المخالفات.,"الأمانات، البلديات، وهيئات الرقابة البيئية"
545,تأجير مرن,التشارك الاقتصادي,يواجه المهندسون والمصممون الهواة صعوبة وتكلفة باهظة في استئجار المعدات النادرة والثقيلة (كماسحات الليزر ثلاثية الأبعاد) لأيام معدودة بأمان. يقدم التطبيق منصة تأجير موثوقة تضمن فحص الهوية وعقود التأمين.,"المهندسون، المصممون، وشركات المعدات"
546,مسار الركاب,النقل الذكي,يعاني مستخدمو حافلات النقل العام من الازدحام وصعوبة معرفة عدد المقاعد الشاغرة في الحافلة القادمة للتخطيط لرحلتهم بكفاءة. يوفر التطبيق تنبؤات حية تعتمد على كاميرات الحافلة الداخلية ومستشعرات الوزن الأرضية.,ركاب حافلات النقل العام وإدارات النقل
547,وزن شاحنتك,اللوجستيات والنقل,تواجه الشاحنات غرامات مالية عالية عند نقاط الوزن على الطرق لعدم علم السائق بالحمل الدقيق بعد تحميل البضاعة ميدانياً. يوفر المشروع تطبيقاً يربط بحساسات ضغط هيدروليكية بالمركبة لحساب الوزن فورياً قبل الانطلاق.,سائقو الشاحنات وشركات النقل البري
548,تحليلات اللياقة,الرياضة المجتمعية,تفتقر مجموعات الدراجات الهوائية والجري للهواة لأدوات تجمع بيانات الأعضاء وتحللها لتقديم تحديات جماعية مخصصة ترفع اللياقة البدنية. يتيح التطبيق ربط الساعات الذكية للأعضاء وتوليد لوحات صدارة تفاعلية.,مجموعات الهواة وأندية الرياضة المجتمعية
549,أمن البيانات,الحوسبة السحابية,تتخوف المنشآت الطبية من رفع السجلات الصحية الحساسة للسحابة خوفاً من تسريبها أو اختراقها من مزودي الخدمة الخارجيين. يقدم المشروع حلول تشفير متطورة تتيح معالجة البيانات والبحث فيها وهي مشفرة بالكامل.,المستشفيات والشركات الناشئة في القطاع الصحي
550,فاحص التمور,فرز الأغذية آلياً,"يستغرق فرز وتصنيف جودة التمور (ممتاز، جودة ثانية) يدوياً في مصانع التعبئة وقتاً طويلاً ومجهوداً بشرياً ضخماً لتلبية الطلب. يعتمد المشروع على رؤية الحاسوب والذكاء الاصطناعي لفرز التمور حسب الحجم واللون والعيوب.",مصانع تعبئة التمور والمزارعون والمصدرون
551,منصة مهير,التقنيات المهنية والتدريب,تواجه شركات الصيانة صعوبة في تقييم المهارات اليدوية والفنية للفنيين بشكل موثوق قبل توظيفهم. يوفر المشروع منصة تقييم تعتمد على الواقع الممتد (XR) لمحاكاة أعطال معقدة واختبار جودة إصلاحها.,شركات الصيانة المنزلية والفنيون
552,منصة سديد,التقنية القانونية,تواجه الشركات المساهمة تعقيدات وتأخيراً في مراجعة وتعديل لوائح الحوكمة الداخلية للتأكد من مطابقتها لتحديثات هيئة السوق المالية. يوفر النظام فحصاً آلياً ومطابقة فورية للوائح بالذكاء الاصطناعي.,الشركات المساهمة والمكاتب الاستشارية
553,منظومة ومضة,إدارة الطاقة كفاءة,تعاني مستودعات التبريد الضخمة من هدر طاقة التكييف نتيجة توزيع التبريد بشكل متساوٍ حتى في المناطق الخالية من البضائع. يقدم النظام حلاً يربط التبريد بحساسات الوزن والحرارة لتوجيهه للمناطق الممتلئة فقط.,شركات اللوجستيات المبردة ومستودعات الأغذية
554,مشروع نبراس,الفضاء والبيئة,يؤثر التلوث الضوئي في المدن الكبرى سلباً على كفاءة الطاقة والمراقبة الفلكية والبيئة الفطرية المحيطة. يحلل المشروع صور الأقمار الصناعية لتحديد بؤر الهدر الضوئي وتقديم خطط توجيه ذكية للبلديات.,البلديات وهيئات تطوير المدن
555,منصة جود,العمل الإنساني والخيري,يواجه الأفراد صعوبة في التبرع بالأجهزة الطبية المستعملة (كالكراسي المتحركة أو أسرة المرضى) لغياب منصة تضمن فحصها وإعادة تأهيلها. يربط التطبيق المتبرعين بالجمعيات الصحية بعد صيانة الأجهزة وتجهيزها.,الجمعيات الصحية الأهلية والمحتاجون
556,مسار دافئ,الخدمات اللوجستية والإعاشة,تعاني شركات التموين من انخفاض جودة الوجبات الساخنة وتغير حرارتها أثناء نقلها للمواقع البعيدة (كالمشاريع الإنشائية الكبرى). يقدم المشروع حاويات ذكية مزودة بحساسات حرارة وعزل نشط مرتبط بلوحة تحكم.,شركات الإعاشة والتموين والمشاريع الكبرى
557,بصمة اللياقة,الرياضة والصحة الرقمية,يتعرض الرياضيون المحترفون للإصابات العضلية المفاجئة نتيجة الإفراط في التدريب دون رصد دقيق لمؤشرات الإجهاد الحيوية. يحلل التطبيق بيانات الساعات الذكية للتنبؤ بالإصابة واقتراح فترات استشفاء مخصصة.,الرياضيون المحترفون والأندية الرياضية
558,إبحار ذكي,النقل البحري والسياحة,تواجه الوجهات الجزرية السياحية (كمشاريع البحر الأحمر) خطورة التكدس البشري والقوارب غير المنظم مما يضر بالمرجان. يوفر التطبيق نظام حجز وإدارة للمسارات البحرية لضمان عدم تجاوز السعة البيئية.,"حرس الحدود، شركات السياحة البحرية، والسياح"
559,عدسة البناء,قطاع المقاولات والبلديات,يستغرق فحص مطابقة واجهات المباني الحديثة لكود البناء السعودي الجديد والتشوه البصري وقتاً طويلاً بالفرق الميدانية. يعتمد النظام على طائرات مسيرة ورؤية الحاسوب لمسح الواجهات ورصد المخالفات آلياً.,"الأمانات، البلديات، والمطورون العقاريون"
560,تداول الرقمي,التقنية المالية,تواجه المنشآت الصغيرة مشكلة تأخر السيولة النقدية بسبب فترات سداد الفواتير الطويلة من الشركات الكبرى. تقدم المنصة نموذجاً لتمويل الفواتير عبر تجزئتها لفرص استثمارية قصيرة الأجل متاحة للأفراد والشركات.,الشركات الصغيرة والمتوسطة والمستثمرون
561,تطبيق بيئتنا,تدوير النفايات والتعليم,تفتقر المدارس لأدوات تفاعلية تشجع الطلاب على الفرز الصحيح للنفايات من المصدر لحماية البيئة. يربط المشروع صناديق الفرز المدرسية الذكية بتطبيق يمنح الطلاب نقاطاً ومكافآت عند الفرز الصحيح.,المدارس والطلاب وأولياء الأمور
562,طيف الصحة,الرعاية الطبية الطارئة,يواجه مرضى القلب والربو خطورة النوبات المفاجئة أثناء تواجدهم بمفردهم دون القدرة على طلب المساعدة. يوفر النظام خوارزمية تحليل لنبرة الصوت ومعدل التنفس عبر الهاتف للتنبؤ بالأزمة وبث استغاثة فورية.,مرضى القلب والربو وكبار السن
563,سوق النفع,الزراعة والثروة السمكية,يعاني الصيادون المحليون من ضعف سلاسل التوزيع وتدني هوامش الربح بسبب تعدد الوسطاء التقليديين بالأسواق. يربط التطبيق الصيادين مباشرة بأسواق النفع العام والمطاعم لضمان تسعير عادل وسرعة توصيل.,"الصيادون، محلات الأسماك، والمطاعم"
564,أمان الأصول,تقنية المعلومات والأمن,تتعرض النسخ الاحتياطية للبيانات الحساسة بالشركات لخطر التشفير أو الحذف الكامل أثناء هجمات برامج الفدية (Ransomware). يوفر المشروع نظاماً لتخزين النسخ الاحتياطية في كتل بلوكشين غير قابلة للتعديل.,المنشآت الحيوية والشركات التقنية
565,تراثنا الحي,الثقافة والسياحة الرقمية,تفتقر المواقع الأثرية القديمة تحت الترميم لوسائل تتيح للسياح استكشافها دون التأثير على أعمال الصيانة. يقدم المشروع توائم رقمية وجولات افتراضية ثلاثية الأبعاد (3D) تفاعلية للمواقع المغلقة.,"السياح، الأكاديميون، والجهات الثقافية"
566,منصة رصين,التقنية العقارية والاستثمار,"يواجه المستثمرون صعوبة في تقدير تكاليف الصيانة المستقبلية والمخاطر الإنشائية للمباني التجارية قبل الشراء. يقدم المشروع محركاً يحلل التاريخ الإنشائي وكفاءة الأنظمة لتقديم مؤشر ""مخاطر الاستثمار الإيجاري"".",الصناديق العقارية والمستثمرون والملاك
567,خطوة بمسار,دعم ذوي الإعاقة الحركية,يواجه مستخدمو الكراسي المتحركة صعوبة في الملاحة داخل الجامعات والمجمعات الكبرى لغياب تحديد المسارات الخالية من الدرج. يوفر التطبيق نظام خرائط داخلي يوجه المستخدم للمسارات والمنحدرات المهيأة.,ذوو الإعاقة الحركية وإدارات المرافق
568,راصد الآفات,الزراعة الذكية والمحميات,تنتشر الحشرات والآفات في البيوت المحمية بسرعة قبل ظهور أعراض التلف البصري على الأوراق. يستخدم المشروع مستشعرات غازية وكاميرات دقيقة لاكتشاف المركبات العضوية التي تفرزها النباتات عند بداية الهجوم.,المزارعون والمستثمرون في الزراعة الحديثة
569,إيجاز إداري,تقنيات حوكمة الشركات,يضيع الوقت في كتابة ومراجعة محاضر الاجتماعات الرسمية يدوياً وضمان صياغتها القانونية وتوزيع التكليفات الإدارية. أداة تعتمد على الذكاء الاصطناعي لتسجيل الصوت وتوليد المحضر والقرارات موثقة رقمياً.,"الشركات، المنظمات، ومجالس الإدارة"
570,فاحص التآكل,الطاقة والصناعة,تواجه المصانع خطورة تسرب المواد الكيميائية السامة من أنابيب الصرف الصناعي تحت الأرض دون اكتشاف مبكر. روبوت صغير ذكي يتنقل داخل الأنابيب يعتمد على المسح الكهرومغناطيسي لرصد تشققات الهيكل الإنشائي.,المصانع والشركات الجيولوجية والبيئية
571,رحلة النور,رعاية ودعم المكفوفين,يواجه المكفوفون صعوبة في التسوق المستقل بالهايبرماركت لعدم قدرتهم على قراءة أسعار السلع ومواقع الرفوف. يوفر التطبيق توجيهاً صوتياً جغرافياً دقيقاً داخل المتجر يعتمد على الباركود وتحديد المواقع الداخلي.,المكفوفون وضعاف البصر ومتاجر التجزئة
572,ميزان الشحن,الخدمات اللوجستية والطيران,يتسبب سوء توزيع أوزان البضائع داخل مستودعات الشحن الجوي في تأخير شحن الطائرات واختلال توازن أساطيل النقل. يوفر النظام خوارزمية ذكية تقترح التوزيع الهندسي والأوزان المثالية لرفع كفاءة الشحن.,شركات الطيران والخدمات اللوجستية الجوية
573,منصة وثيقة,التقنية القانونية والتوظيف,تواجه الشركات مخاطر التعاقد مع ممارسي المهن الحرة (Freelancers) الذين يحملون شهادات أو تراخيص مهنية منتهية أو مزورة. تتيح المنصة التحقق الفوري والآلي من نظامية وصحة التراخيص عبر الربط الرقمي.,"الشركات، رواد الأعمال، وأصحاب المهن الحرة"
574,نبض الإطفائي,السلامة المهنية والطوارئ,يواجه رجال الإطفاء خطورة الاختناق بالغازات السامة أو الانهيارات المفاجئة دون قدرة غرفة العمليات على رصد وضعهم اللحظي. يربط المشروع خوذة الإطفائي بحساسات غاز وحرارة لبث البيانات والموقع لحظياً.,الدفاع المدني ورجال الإطفاء في الميدان
575,وقود المستقبل,الاستدامة والبيئة,تعاني المدن من التخلص غير القانوني لزيوت المحركات المستعملة من ورش السيارات مما يلوث التربة والمياه الجوفية. تطبيق ينظم عملية طلب وجمع الزيوت اللوجستية وتتبعها حتى وصولها لمصانع إعادة المعالجة.,ورش صيانة السيارات وشركات تدوير الزيوت
576,نظام ميعاد,المدن الذكية وإدارة الحشود,تزدحم الطرق المحيطة بالملاعب والمراكز الترفيهية بشكل خانق فور انتهاء الفعاليات الكبرى لغياب التنسيق المروري الديناميكي. يقدم المشروع نظاماً يضبط توقيت الإشارات المرورية تلقائياً بناءً على تدفق الجماهير.,الإدارة العامة للمرور والبلديات
577,دليل الحرف,الاقتصاد الثقافي والسياحة,يفتقر الحرفيون المحليون (كصناع الفخار أو السدو) لأدوات رقمية تساعدهم على تسعير وشحن قطعهم الفنية النادرة للسياح بأمان. منصة تجمع الحرفيين وتقدم حلول دفع وشحن وتأمين متكاملة للقطع.,الحرفيون التقليديون والسياح ومحبو التراث
578,فحص المحاصيل,سلامة الأغذية والزراعة,يواجه المستهلكون ومفتشو الأسواق صعوبة في الكشف السريع عن متبقيات المبيدات الحشرية الزائدة في الخضروات والفواكه يدوياً. جهاز محمول يعتمد على الأشعة تحت الحمراء للكشف عن النسبة الكيميائية فوراً.,"مفتشو البلدية، أسواق النفع، والمستهلكون"
579,أمان الشحنة,اللوجستيات الحساسة الثمينة,"تتعرض شحنات الذهب والأجهزة الثمينة لمخاطر السرقة أو استبدال المحتوى أثناء النقل البري بين المدن. قفل ذكي للحاويات اللوجستية يربط بالـ GPS، ولا يسمح بالفتح إلا عند مطابقة الإحداثيات الدقيقة للموقع المستهدف.",شركات المعادن الثمينة ومزودو الخدمات اللوجستية
580,معلّم ذكي,التقنيات التعليمية,يفتقر طلاب المدارس لبيئات تفاعلية آمنة تتيح لهم إجراء التجارب الكيميائية والفيزيائية الخطيرة أو المعقدة من المنازل. تطبيق يستخدم الواقع المعزز (AR) لمحاكاة التفاعلات الكيميائية ونتائجها بأمان بصري كامل.,"الطلاب، المعلمون، والمؤسسات التعليمية"
581,منصة عون,الرعاية الاجتماعية والصحية,"تواجه الأسر التي تملك أفراداً من ذوي الاحتياجات الخاصة صعوبة في العثور على مقدمي رعاية مؤهلين وموثوقين بالساعات. يربط التطبيق الأسر بالمقدمين المصرحين بناءً على الموقع، التخصص، والتقييمات السابقة.",الأسر ومقدمو رعاية ذوي الاحتياجات الخاصة
582,مؤشر المياه,كفاءة الاستهلاك والاستدامة,تعاني المباني والمجمعات من خسائر مالية وهدر مائي ضخم نتيجة التسريبات الداخلية المستمرة دون علم الملاك. عداد مياه ذكي يحلل أنماط الاستهلاك ويرسل تنبيهاً للجوال في حال استمرار التدفق لأكثر من 30 دقيقة.,ملاك المنازل وإدارة المجمعات السكنية
583,تثمين الذكاء,قطاع الأعمال والابتكار,يواجه المخترعون صعوبة في تقدير القيمة المالية والأثر التجاري لبراءات اختراعاتهم لتسهيل الحصول على تمويل بضمانها. أداة تحلل حجم السوق المستهدف والصفقات المماثلة لتقدير القيمة السوقية للملكية الفكرية.,"المخترعون، رواد الأعمال، والمنشآت المالية"
584,مسار النقل,النقل المستدام وبيئة العمل,تزدحم مواقف الشركات الكبرى بالسيارات لغياب ثقافة النقل التشاركي بين الموظفين الذين يقطنون في نفس الأحياء السكنية. منصة تنظم النقل التشاركي الآمن للموظفين وتمنحهم حوافز ومكافآت لتقليل الانبعاثات والازدحام.,الشركات الكبرى والموظفون
585,تفتيش الجودة,حوكمة المنشآت والأغذية,تواجه سلاسل المطاعم صعوبة في توثيق وضمان معالجة الملاحظات الصحية المرصودة من المفتشين الداخليين لمنع التلاعب. تطبيق يرصد الملاحظات بالصور والصوت ويرفعها في سجل غير قابل للتعديل (Blockchain).,إدارات الجودة والسلامة بالسلاسل الغذائية
586,تتبع المواشي,الثروة الحيوانية وأمن الطرق,تتسبب الإبل والمواشي السائبة في حوادث مرورية مميتة عند اقترابها من الطرق السريعة في المراعي المفتوحة. شرائح إلكترونية منخفضة الطاقة (LoRaWAN) تركب في رقاب الماشية وتطلق تنبيهاً إذا اقتربت من نطاق الطريق.,مربو الماشية وأمن الطرق والبلديات
587,بوابة المخلص,الجمارك واللوجستيات,تقع أخطاء وتأخيرات في التخليص الجمركي للبضائع المستوردة بسبب الصعوبة اليدوية في تصنيف وترجمة البنود الجمركية المعقدة. منصة تعتمد على معالجة اللغات الطبيعية لتصنيف البنود وتحديد الرسوم بدقة.,المخلصون الجمركيون وشركات الاستيراد
588,رادار الهدر,كفاءة الفنادق والضيافة,تعاني بوفيهات الفنادق الكبرى من هدر كميات ضخمة من الأطعمة لغياب البيانات الدقيقة حول الأصناف الأكثر والاقل استهلاكاً. نظام موازين ذكية متصلة بالبوفيه تحلل الفقد وتصدر تقارير دورية للطهاة لضبط الكميات.,إدارة الفنادق والمطاعم الكبرى
589,تحليلات الالتزام,التقنية الطبية ورعاية المرضى,يواجه مرضى الأمراض المزمنة (كالضغط والقلب) خطورة إهمال تناول جرعات الأدوية في مواعيدها المحددة لغياب المتابعة. علبة أدوية ذكية مدمجة بحساسات ترسل تذكيراً للمريض وتنبيهاً لهاتف العائلة في حال النسيان.,"مرضى الأمراض المزمنة، كبار السن، والعوائل"
590,إسناد الإعلام,التسويق الرقمي والإعلام,تستغرق صياغة الحملات الإعلانية ومراجعتها وقتاً طويلاً للتأكد من موافقتها للأنظمة الرقابية والذوق الثقافي المحلي بالسعودية. أداة ذكاء اصطناعي توليدي مدربة على التشريعات الإعلامية لصياغة المحتوى بأمان.,"وكالات الإعلانات، المسوقون، وصناع المحتوى"
591,راصد التشققات,البنية التحتية للمدن,تواجه الأمانات صعوبة في رصد وتصنيف حفر الشوارع وتشققات الإسفلت جغرافياً بسرعة لمواكبة أعمال الصيانة الدورية. نظام يركب على سيارات الأمانة يمسح الطرق برؤية الحاسوب لتحديد الحفر وتصنيف خطورتها تلقائياً.,"الأمانات، البلديات، وشركات صيانة الطرق"
592,تأهيل الحركة,الرعاية التأهيلية والطبية,يتكاسل مرضى الجلطات عن أداء تمارين العلاج الطبيعي المنزلي لغياب التوجيه والدقة التفاعلية المقاسة بدون الطبيب. تطبيق ألعاب تفاعلي يستخدم كاميرا الجوال لمتابعة زوايا الحركة وتقديم نقاط تقييم فوري للتمارين.,مرضى إعادة التأهيل وأطباء العلاج الطبيعي
593,بوابة العقود,تقنيات الشركات والحوكمة,تقع نزاعات بين الشركات والموردين حول تعديل بنود عقود التوريد أو تواريخ التسليم يدوياً مما يخل بالالتزامات. نظام يعتمد على البلوكشين لتوقيع وتوثيق عقود التوريد لضمان الشفافية والسرية ومنع التلاعب بالصيغ.,"الشركات الكبرى، الموردون، والمستشارون"
594,محاكاة الفضاء,التعليم والتطوير العلمي,يفتقر الطلاب الشغوفون ببيئات تدريبية عملية تحاكي تشغيل مركبات ومحطات الفضاء لتأهيلهم للقطاع تماشياً مع الحراك الوطني. بيئة افتراضية (VR) تحاكي العمل في مختبرات الفضاء وإجراء الأبحاث العلمية.,"الطلاب، الباحثون، والمهتمون بقطاع الفضاء"
595,فرز الخردة,تدوير النفايات والصناعة,تواجه مصانع إعادة تدوير المعادن بطءاً وهدراً بشرياً في فرز النحاس والألمنيوم والحديد يدوياً من تجمعات السكراب الكبيرة. نظام يعتمد على التعرف البصري وحساسات الحث المغناطيسي لفرز المعادن آلياً بسرعة عالية.,مصانع إعادة التدوير وتجار الخردة والمعادن
596,ملابس السلامة,الأمن الصناعي والمهني,يتعرض عمال البناء في المواقع الشاسعة لخطر الإغماء أو السقوط من مرتفعات دون علم مشرف الموقع فوراً لإنقاذه. سترة ميدانية مزودة بحساسات حرارة ورطوبة وتنبيه بالسقوط تبث استغاثة فورية لغرفة العمليات.,شركات المقاولات والمنشآت الصناعية الكبرى
597,طوافي الذكي,تقنيات الحج والعمرة,يواجه الحجاج صعوبة في التزام مواعيد مسارات التفويج المحددة لحملاتهم بالمشاعر المقدسة لعدم توفر تنبيهات ذكية لحظية. سوار ذكي يعتمد على البلوتوث يوجه الحاج ويرسل تنبيهات الجدول الزمني للحملة آلياً.,"الحجاج، شركات الطوافة، ووزارة الحج"
598,مسار الملاحة,النقل واللوجستيات الخطرة,تشكل شاحنات نقل المواد الخطرة (كالوقود والغاز) خطورة عند مرورها بالطرق المزدحمة أو الأنفاق غير المهيأة. محرك خرائط ذكي مخصص يحسب مسارات آمنة تتجنب الكثافة السكانية والأنفاق للشاحنات الخطرة.,"شركات النفط والغاز، المرور، واللوجستيات"
599,منصة بصير,التعليم الشامل والدمج,يواجه الطلاب المكفوفون حجزاً تعليمياً عند محاولة فهم الرسوم البيانية والجداول الإحصائية المعقدة المتواجدة في الكتب المدرسية. تطبيق يحول الرسوم إلى ملفات هندسية قابلة للطباعة ثلاثية الأبعاد كمجسمات بارزة.,الطلاب المكفوفون والمؤسسات التعليمية
600,فاحص الوقود,المركبات والنقل المستدام,تواجه شركات النقل خطورة تعرض محركات أساطيلها للتلف نتيجة تعبئة وقود مخلوط بالماء أو الشوائب في محطات غير ملتزمة. جهاز صغير يركب بالخزان يراقب نقاء البنزين ويحذر السائق لحظياً قبل وصوله للمحرك.,"أصحاب السيارات، شركات النقل، ومحطات الوقود"
601,مرصد البناء,سلامة المباني,تواجه شركات التطوير العقاري خطورة حدوث هبوط تدريجي في أساسات المباني تحت الإنشاء دون ملاحظة بشرية مبكرة. منظومة مستشعرات دقيقة تقيس الضغط والميول الهيكلي وتبث القراءات لحظياً للربط الهندسي.,شركات المقاولات والمطورون العقاريون
602,إسناد الطبي,الخدمات الطبية,يواجه أطباء الأسنان صعوبة وتأخيراً في التخطيط اليدوي الدقيق لزراعة التقويم وتوقع حركة الفك المستقبلية للمريض. يوفر التطبيق محاكاة ثلاثية الأبعاد تعتمد على رؤية الحاسوب للتنبؤ بشكل الفك بعد العلاج.,أطباء وتقويم الأسنان
603,بوابة النخيل,الصادرات الزراعية,يواجه مصدرو التمور السعودية صعوبة في توثيق جودة المحاصيل ومطابقتها للمعايير البيئية الأوروبية لإقناع المستوردين الدوليين. سجل تتبع رقمي مشفر (Blockchain) يوثق رحلة الثمار من السقاية حتى الشحن.,مزارعو ومصدرو التمور السعودية
604,تفتيش المباني,السلامة الإنشائية,تستغرق عمليات فحص الأبراج والمباني الشاهقة بعد الزلازل أو الهزات الارتدادية وقتاً طويلاً ومخاطرة بشرية للمهندسين. يعتمد المشروع على طائرات درونز ذاتية القيادة تلتقط صوراً عالية الدقة وتحللها برمجياً لرصد الشروخ الهيكلية.,المكاتب الاستشارية وشركات التأمين
605,منصة وتيرة,التقنية اللوجستية,تواجه مستودعات التبريد مشكلة تكدس الشاحنات عند بوابات الشحن والتفريغ مما يهدد بفساد الأغذية الحساسة. يوفر التطبيق نظاماً ذكياً لجدولة وصول الشاحنات بناءً على السعة الاستيعابية اللحظية للمستودع.,مدراء المستودعات وشركات النقل
606,توجيه الطاقة,الشبكات الذكية,تعاني المنشآت الصناعية من صعوبة التبديل الآلي والآمن بين مصادر الطاقة التقليدية والمتجددة (كالألواح الشمسية) بناءً على التكلفة اللحظية. يقدم المشروع نظام تحكم برمجياً يحلل التعرفة ويوجه الاستهلاك ذاتياً.,المصانع والمجمعات الصناعية
607,توطين الفن,الثقافة والفنون,يواجه مصممو الرسوم المتحركة والألعاب صعوبة في العثور على أصول ونماذج ثلاثية الأبعاد (3D Models) تعكس الهوية المعمارية والثقافية السعودية بدقة. يوفر المشروع مكتبة رقمية ذكية للأصول التراثية الموثقة.,مطورو الألعاب ومصممو الرسوم
608,راصد الامتثال,التقنية القانونية,تجد الشركات المالية صعوبة بالغة في مراجعة آلاف المكالمات والرسائل لخدمة العملاء للتأكد من مطابقتها لتشريعات البنك المركزي. يعتمد النظام على معالجة اللغة الطبيعية (NLP) لفرز ورصد أي مخالفات لفظية فوراً.,إدارات الالتزام في البنوك والشركات
609,بصمة العطر,قطاع التجزئة,يتعرض المستهلكون للغش بشراء عطور مقلدة ومعبأة بتركيبات كيميائية ضارة تشبه الروائح الأصلية تماماً. يوفر المشروع نظام فحص طيفي محمول يرتبط بالجوال لتحليل المكونات الكيميائية للعطر ومطابقتها بالبصمة الأصلية.,مصانع العطور والمستهلكون
610,عالمي الرقمي,رعاية الطفولة,يواجه أخصائيو النطق صعوبة في استمرار تدريب الأطفال المصابين بالتأتأة من المنازل بشكل تفاعلي ومقاس بدون إشراف مباشر. يقدم التطبيق ألعاباً صوتية تفاعلية تعتمد على تحليل النطق وتصحيح مخارج الحروف آلياً.,الأطفال ذوو اضطرابات النطق والأخصائيون
611,فاحص المياه,الأمن المائي,تستغرق مراقبة جودة مياه المسابح العامة والحدائق المائية وقتاً طويلاً بالفحص اليدوي مما يهدد بانتشار العدوى البكتيرية. يقدم المشروع مستشعرات عائمة متصلة بالإنترنت تقيس نسبة الكلور والحموضة وتبثها بلحظتها.,مشغلو المجمعات المائية والبلديات
612,إسناد الطوارئ,العمليات الطبية,تواجه مسعفي الهلال الأحمر صعوبة في التعرف على التاريخ الطبي للمصابين الفاقدين للوعي في موقع الحادث. يوفر النظام قراءة سريعة ومصرحة لبيانات المريض الطبية الطارئة عبر مسح ملصق ذكي (NFC) يرتديه الشخص.,فرق الإسعاف والطوارئ الطبية
613,أمان المصعد,إدارة المرافق,تعاني الأبراج السكنية من توقف المصاعد المفاجئ واحتجاز السكان لغياب أنظمة التنبؤ بالأعطال الميكانيكية قبل حدوثها. يربط المشروع الحبال والمحركات بمستشعرات اهتزاز (Accelerometers) لتحليل تآكل القطع برمجياً.,شركات الصيانة وإدارة المرافق
614,إيجاز البلاغات,العمليات البلدية,تواجه مراكز الاتصال بـ (940) تكدساً في البلاغات المتشابهة عن نفس العطل (مثل انقطاع إنارة شارع) مما يشتت فرق الصيانة. يقوم النظام بدمج البلاغات الجغرافية المتطابقة آلياً في أمر عمل واحد.,الأمانات والبلديات
615,منصة تدوير,الاستدامة البيئية,تواجه المطابع ودور النشر صعوبة في التخلص من فوائض الورق والكتب التالفة بطرق تدعم الاقتصاد الدائري. تتيح المنصة ربط المطابع بمصانع الكرتون والتغليف لإعادة شراء الورق وإصدار شهادات بيئية.,"المطابع، دور النشر، ومصانع التدوير"
616,تحكيم الفواتير,التقنية المالية,تقع خلافات مستمرة بين المنشآت اللوجستية وعملائها حول مبررات رسوم الشحن الإضافية (كأوقات الانتظار). يوفر المشروع نظام عقود ذكية تسجل أوقات دخول وخروج الشاحنات جغرافياً وتحسب التكلفة النهائية بدون تدخل بشري.,شركات الشحن والتجارة الإلكترونية
617,مسار الرؤية,دعم ذوي الإعاقة,يواجه الصم وضعاف السمع خطورة عند السير في الشوارع أو مواقع العمل لعدم قدرتهم على سماع أبواق السيارات أو تنبيهات الآلات خلفهم. يقدم التطبيق سواراً ذكياً يحلل الأصوات المحيطة ويتحول لاهتزازات مشفرة تنبه المستخدم.,الصم وضعاف السمع والعاملون في الميدان
618,سوق الصقور,الثروة الحيوانية,يواجه مشترو الصقور الفاخرة صعوبة في التثبت من سجل الصقر الطبي والبطولات التي شارك فيها لغياب التوثيق الرقمي المعتمد. يوفر المشروع جواز سفر رقمياً فريداً مشفراً (Blockchain) يربط بشريحة مدمجة تحت جلد الصقر.,"نوادي الصقور، الملاك، والمشترون"
619,بوابة التخليص,اللوجستيات الدولية,تستغرق مراجعة مستندات الشحن البحري ومطابقتها ببيانات الجمارك وفحص التراخيص وقتاً طويلاً يتسبب في غرامات أرضية بالموانئ. يقدم المشروع منصة فحص ومطابقة آلية للمستندات بالذكاء الاصطناعي لتسريع التخليص.,شركات الاستيراد والتصدير والمخلصون
620,حماية المحصول,الزراعة المحمية,تتعرض بيوت زراعة الطماطم والمنتجات الحساسة لانتشار الفطريات بسبب عدم ضبط رطوبة الأوراق ومعدل تجدد الهواء بدقة داخل المحمية. يقدم المشروع نظام تهوية مؤتمت يعتمد على خوارزمية التنبؤ برطوبة الأسطح النباتية.,أصحاب البيوت المحمية والمستثمرون الزراعيون
621,تأهل ذكي,التدريب والتوظيف,يواجه حديثو التخرج صعوبة في اجتياز المقابلات الشخصية لشركات الاستشارات العالمية لغياب التدريب التفاعلي الواقعي. منصة توفر مقابلات تجريبية بالذكاء الاصطناعي التوليدي تحاكي دراسات الحالة الفعلية وتقدم تقييماً فورياً.,الخريجون الجدد والباحثون عن عمل
622,نبض البنية,صيانة الطرق والمدن,تواجه الأمانات صعوبة في رصد التشققات المبكرة في جسور المشاة والأنفاق الخرسانية قبل تحولها لمخاطر إنشائية. نظام يعتمد على المسح الحراري والموجات الرادارية الأرضية (GPR) لرصد الفراغات الداخلية بالخرسانة.,الأمانات ووزارة الشؤون البلدية والقروية
623,حصاد الموانئ,البيئة البحرية,تعاني الموانئ التجارية من تراكم المخلفات الخشبية والبلاستيكية العائمة التي تعوق حركة القوارب الصغيرة وتلوث البيئة البحرية. قارب ذاتي القيادة (Drone Boat) مبرمج بمسارات مسح بصري لجمع النفايات الطافية تلقائياً.,إدارات الموانئ والجمعيات البيئية
624,إمداد التجزئة,سلاسل الإمداد,تواجه بقالات الأحياء الصغيرة (التجزئة التقليدية) صعوبة في التنبؤ بحجم الطلب الأسبوعي على الألبان والمخبوزات مما يسبب هدراً تلفياً. تطبيق يحلل المبيعات اليومية ويربطها بذكاء اصطناعي لأتمتة طلبات التوريد بدقة.,أصحاب البقالات وموردو الأغذية
625,منصة صون,الأمن السيبراني,تتعرض كاميرات المراقبة المنزلية وأجهزة التوجيه (Routers) للاختراق نتيجة إبقاء كلمات المرور الافتراضية دون تغيير من المستهلكين. نظام فحص سحابي يكتشف الأجهزة الضعيفة أمنياً في الشبكة المنزلية ويحذر المستخدم.,أصحاب المنازل والمنشآت الذكية
626,وثيقة التأمين,تقنيات التأمين,تستغرق تسوية مطالبات تأمين الشحن اللوجستي ضد التلف وقتاً طويلاً بسبب صعوبة إثبات اللحظة الدقيقة لتعرض الشحنة للصدمة. يقدم المشروع أوسمة ذكية تلصق بالطرد تسجل الاهتزازات القوية على سجل مشفر فوراً.,شركات التأمين والمنشآت اللوجستية
627,مرشد الطواف,تقنيات الحج والعمرة,يواجه المعتمرون كبار السن صعوبة في تذكر خطوات وأدعية الطواف وسط الازدحام الشديد بصحن الطواف. تطبيق يعتمد على الواقع المعزز (AR) يعرض الأدعية المناسبة للشوط الحالي مباشرة عند توجيه شاشة الهاتف للكعبة.,الحجاج والمعتمرين
628,تحليلات النشر,الثقافة والإعلام,تفتقر دور النشر العربية لأدوات تقيس الاهتمامات الحقيقية ومعدلات القراءة لدى فئة الشباب لتوجيه ترجمة وتأليف الكتب بدقة. تطبيق يحلل أنماط القراءة وتظليل النصوص داخل الكتب الرقمية لتوليد تقارير ناشرين ذكية.,دور النشر والمؤلفون والمنصات الثقافية
629,راصد الأنابيب,الطاقة والخدمات الصناعية,تعاني شبكات نقل الغاز من صعوبة رصد التسريبات المتناهية الصغر في الصمامات الميدانية الشاسعة قبل تصاعد خطورتها. يستخدم المشروع كاميرات تصوير غازي (OGI) مدمجة بخوارزميات ذكاء اصطناعي لرصد سحب الغاز غير المرئية.,شركات الغاز والنفط والمجمعات الصناعية
630,ميزان الشاحنات,النقل واللوجستيات,تتسبب الشاحنات ذات الحمولات الزائدة عن الحد النظامي في تلف إسفلت الطرق السريعة وصعوبة رصدها بدون التوقف بمحطات الوزن. نظام مسح ذكي يدمج حساسات الوزن أثناء الحركة (WIM) أسفل إسفلت بوابات المدن للرصد الآلي.,وزارة النقل وأمن الطرق
631,تأهيل مرن,الصحة الرقمية,يتكاسل مرضى الشلل الرعاش (Parkinson's) عن أداء التمارين الحركية المنزلية لضعف المتابعة الطبية اليومية. تطبيق ألعاب تفاعلي يربط بحساسات قابلة للارتداء لتقييم دقة واستمرارية الحركات وإرسال تقارير للطبيب.,مرضى الشلل الرعاش وأطباء الأعصاب
632,سوق النفع,الأمن الغذائي والزراعة,يواجه مربو المواشي صعوبة في تسويق منتجات اللحوم الطازجة مباشرة للمستهلكين لضعف سلاسل الإمداد اللوجستية المبردة الموثوقة. منصة تربط المزارع بالمستهلكين مع توفير أساطيل توصيل مبردة ومتبعة رقمياً.,مربو المواشي والمستهلكون والمطاعم
633,بوابة المخلص,الجمارك واللوجستيات,تقع أخطاء وتأخيرات في التخليص الجمركي للبضائع المستوردة بسبب الصعوبة اليدوية في تصنيف وترجمة البنود الجمركية المعقدة. منصة تعتمد على معالجة اللغات الطبيعية لتصنيف البنود وتحديد الرسوم بدقة.,المخلصون الجمركيون وشركات الاستيراد
634,رادار الهدر,كفاءة الفنادق والضيافة,تعاني بوفيهات الفنادق الكبرى من هدر كميات ضخمة من الأطعمة لغياب البيانات الدقيقة حول الأصناف الأكثر والاقل استهلاكاً. نظام موازين ذكية متصلة بالبوفيه تحلل الفقد وتصدر تقارير دورية للطهاة لضبط الكميات.,إدارة الفنادق والمطاعم الكبرى
635,تحليلات الالتزام,التقنية الطبية ورعاية المرضى,يواجه مرضى الأمراض المزمنة (كالضغط والقلب) خطورة إهمال تناول جرعات الأدوية في مواعيدها المحددة لغياب المتابعة. علبة أدوية ذكية مدمجة بحساسات ترسل تذكيراً للمريض وتنبيهاً لهاتف العائلة في حال النسيان.,"مرضى الأمراض المزمنة، كبار السن، والعوائل"
636,إسناد الإعلام,التسويق الرقمي والإعلام,تستغرق صياغة الحملات الإعلانية ومراجعتها وقتاً طويلاً للتأكد من موافقتها للأنظمة الرقابية والذوق الثقافي المحلي بالسعودية. أداة ذكاء اصطناعي توليدي مدربة على التشريعات الإعلامية لصياغة المحتوى بأمان.,"وكالات الإعلانات، المسوقون، وصناع المحتوى"
637,راصد التشققات,البنية التحتية للمدن,تواجه الأمانات صعوبة في رصد وتصنيف حفر الشوارع وتتشققات الإسفلت جغرافياً بسرعة لمواكبة أعمال الصيانة الدورية. نظام يركب على سيارات الأمانة يمسح الطرق برؤية الحاسوب لتحديد الحفر وتصنيف خطورتها تلقائياً.,"الأمانات، البلديات، وشركات صيانة الطرق"
638,تأهيل الحركة,الرعاية التأهيلية والطبية,يتكاسل مرضى الجلطات عن أداء تمارين العلاج الطبيعي المنزلي لغياب التوجيه والدقة التفاعلية المقاسة بدون الطبيب. تطبيق ألعاب تفاعلي يستخدم كاميرا الجوال لمتابعة زوايا الحركة وتقديم نقاط تقييم فوري للتمارين.,مرضى إعادة التأهيل وأطباء العلاج الطبيعي
639,بوابة العقود,تقنيات الشركات والحوكمة,تقع نزاعات بين الشركات والموردين حول تعديل بنود عقود التوريد أو تواريخ التسليم يدوياً مما يخل بالالتزامات. نظام يعتمد على البلوكشين لتوقيع وتوثيق عقود التوريد لضمان الشفافية والسرية ومنع التلاعب بالصيغ.,"الشركات الكبرى، الموردون، والمستشارون"
640,محاكاة الفضاء,التعليم والتطوير العلمي,يفتقر الطلاب الشغوفون ببيئات تدريبية عملية تحاكي تشغيل مركبات ومحطات الفضاء لتأهيلهم للقطاع تماشياً مع الحراك الوطني. بيئة افتراضية (VR) تحاكي العمل في مختبرات الفضاء وإجراء الأبحاث العلمية.,"الطلاب، الباحثون، والمهتمون بقطاع الفضاء"
641,فرز الخردة,تدوير النفايات والصناعة,تواجه مصانع إعادة تدوير المعادن بطءاً وهدراً بشرياً في فرز النحاس والألمنيوم والحديد يدوياً من تجمعات السكراب الكبيرة. نظام يعتمد على التعرف البصري وحساسات الحث المغناطيسي لفرز المعادن آلياً بسرعة عالية.,مصانع إعادة التدوير وتجار الخردة والمعادن
642,ملابس السلامة,الأمن الصناعي والمهني,يتعرض عمال البناء في المواقع الشاسعة لخطر الإغماء أو السقوط من مرتفعات دون علم مشرف الموقع فوراً لإنقاذه. سترة ميدانية مزودة بحساسات حرارة ورطوبة وتنبيه بالسقوط تبث استغاثة فورية لغرفة العمليات.,شركات المقاولات والمنشآت الصناعية الكبرى
643,طوافي الذكي,تقنيات الحج والعمرة,يواجه الحجاج صعوبة في التزام مواعيد مسارات التفويج المحددة لحملاتهم بالمشاعر المقدسة لعدم توفر تنبيهات ذكية لحظية. سوار ذكي يعتمد على البلوتوث يوجه الحاج ويرسل تنبيهات الجدول الزمني للحملة آلياً.,"الحجاج، شركات الطوافة، ووزارة الحج"
644,مسار الملاحة,النقل واللوجستيات الخطرة,تشكل شاحنات نقل المواد الخطرة (كالوقود والغاز) خطورة عند مرورها بالطرق المزدحمة أو الأنفاق غير المهيأة. محرك خرائط ذكي مخصص يحسب مسارات آمنة تتجنب الكثافة السكانية والأنفاق للشاحنات الخطرة.,"شركات النفط والغاز، المرور، واللوجستيات"
645,منصة بصير,التعليم الشامل والدمج,يواجه الطلاب المكفوفون حجزاً تعليمياً عند محاولة فهم الرسوم البيانية والجداول الإحصائية المعقدة المتواجدة في الكتب المدرسية. تطبيق يحول الرسوم إلى ملفات هندسية قابلة للطباعة ثلاثية الأبعاد كمجسمات بارزة.,الطلاب المكفوفون والمؤسسات التعليمية
646,فاحص الوقود,المركبات والنقل المستدام,تواجه شركات النقل خطورة تعرض محركات أساطيلها للتلف نتيجة تعبئة وقود مخلوط بالماء أو الشوائب في محطات غير ملتزمة. جهاز صغير يركب بالخزان يراقب نقاء البنزين ويحذر السائق لحظياً قبل وصوله للمحرك.,"أصحاب السيارات، شركات النقل، ومحطات الوقود"
647,مرشد الطهاة,قطاع الضيافة,تواجه الفنادق والمطاعم الكبرى هدراً في المكونات الغذائية بسبب عدم دقة تعديل مقادير الوصفات يدوياً عند تغير عدد الضيوف فجأة. يقدم المشروع نظام مطبخ ذكياً يضبط المقادير ويرتبط بالمخزون والمشتريات آلياً.,"الفنادق، قاعات الفعاليات، والطهاة المحترفون"
648,بصمة العقار,التقنية العقارية,تقع عمليات احتيال عبر تزوير مستندات ملكية العقارات أو تحديث صكوك قديمة بدون علم الملاك الفعليين. يوفر النظام منصة لتوثيق الهوية الرقمية للعقار وسجل الملكية التاريخي بالكامل عبر تقنية البلوكشين.,"كتابات العدل، الوسطاء العقاريون، والملاك"
649,راصد المخلفات,الصحة البيئية,تواجه المستشفيات والمراكز الطبية تعقيدات في تتبع وضمان التخلص الآمن من النفايات الطبية الخطرة وفقاً للاشتراطات البيئية. يوفر النظام تتبعاً للحاويات الطبية عبر الباركود الذكي ومستشعرات الوزن والحرارة.,المستشفيات وشركات التخلص من النفايات الطبية
650,تذاكر الهوية,الترفيه والفعاليات,يعاني منظمو الفعاليات الرياضية الكبرى من تزوير التذاكر المطبوعة أو بيعها بأسعار فلكية في السوق السوداء. يعتمد المشروع على تذاكر رقمية مشفرة كأصول رقمية (NFT) ترتبط بالهوية الوطنية للمشتري ولا تقبل النقل إلا بضوابط المنظم.,منظمو الفعاليات الرياضية والجمهور
651,بصمة الدفاع,التقنية الرياضية,يواجه مدربو رياضات الدفاع عن النفس صعوبة في تقييم زوايا وسرعة ضربات اللاعبين بدقة يدوية أثناء القتال الحر. يقدم المشروع ملابس مزودة بحساسات حركة دقيقة (IMU) تحلل الأداء حركياً بالذكاء الاصطناعي وتحدد نقاط الضعف.,الأندية الرياضية وممارسو الفنون القتالية
652,منصة استئناف,التقنية القانونية,يستغرق المحامون وقتاً طويلاً في صياغة لوائح الاعتراض والالتماس القضائي ومراجعة السوابق القانونية المتطابقة مع القضية الحالية. يوفر النظام مساعداً ذكياً يحلل صك الحكم ويقترح الأسانيد والثغرات القانونية للاعتراض وفق الأنظمة المحدثة.,المحامون والمكاتب الاستشارية القانونية
653,راصد الليثيوم,تدوير النفايات والاستدامة,تواجه الجهات البيئية خطورة التخلص العشوائي من بطاريات الليثيوم التالفة (للهواتف والسيارات) مما يسبب حرائق وتلوثاً كيميائياً. منصة لوجستية تنظم جمع البطاريات وتتبع تدويرها آلياً واستخلاص المعادن النادرة بأمان.,"شركات التقنية، ورش السيارات، والجهات البيئية"
654,منقذ الصرع,الصحة الرقمية,"يعاني مرضى الصرع من خطورة التعرض لنوبات مفاجئة دون تحذير مسبق يتيح لهم أو لعوائلهم اتخاذ تدابير السلامة. نظام يحلل أنماط النوم، ضربات القلب، وتذبذب كهرباء الدماغ عبر ساعات ذكية للتنبؤ بالنوبة قبل حدوثها بدقائق.",مرضى الصرع ومقدمو الرعاية الصحية والعوائل
655,إعاشة ميسرة,تقنيات الحج والعمرة,تواجه شركات الطوافة تعقيدات في إدارة وتوزيع وجبات التموين الغذائي اليومي بمشعر منى لشدة الازدحام وصعوبة الرصد اللحظي للاستهلاك. يقدم المشروع حاويات ذكية متصلة بالشبكة ترصد السعة وتأتمت طلبات الإمداد لتقليل الهدر.,"شركات الطوافة، وزارة الحج، وشركات التموين"
656,كود الويب 3,الأمن السيبراني,تتعرض عقود البلوكشين الذكية (Web3) في المنصات الناشئة للاختراق لسرقة الأصول الرقمية لغياب أدوات فحص الثغرات قبل النشر. يوفر المشروع نظام فحص آلياً للأكواد يبرز الثغرات الأمنية المخفية ويقترح حلولاً برمجية لتصحيحها.,مطورو البلوكشين والشركات التقنية الناشئة
657,حصاد الريف,سلاسل الإمداد والزراعة,يعاني صغار المزارعين في المناطق الريفية من ارتفاع تكاليف استئجار شاحنات مبردة مخصصة لنقل كميات محاصيلهم الصغيرة للأسواق الكبرى. منصة تشارك لوجستي تجمع المزارعين في شحنات مبردة موحدة لتقليل التكلفة الهدر.,صغار المزارعين وشركات النقل اللوجستي
658,نقاء الأنفاق,المدن الذكية والبيئة,تعاني أنفاق المترو والسيارات المغلقة من تراكم غازات العادم الضارة والجسيمات الدقيقة دون نظام تحكم ديناميكي يربط التهوية بالكثافة. منظومة مستشعرات تقيس جودة الهواء وتتحكم بآليات المروحة والفلترة ذاتياً حسب الحاجة الحية.,إدارات تشغيل المترو ووزارات النقل والبلديات
659,صوت الكهف,السياحة والمغامرات,يواجه هواة سياحة الكهوف والمغارات خطورة الضياع أو الجهل بالتفاصيل الجيولوجية والتاريخية للمعلم لغياب المرشدين الميدانيين. يقدم التطبيق دليلاً صوتياً جيو-مكانياً يعمل بدون إنترنت يوجه السائح بناءً على موقعه الدقيق بالداخل.,"سياح المغامرات، الهايكنج، وهيئة السياحة"
660,منصة جمعيتنا,التقنية المالية,"تفتقر ""الجمعيات المالية الشهرية التقليدية"" بين الأقارب لأدوات تضمن التزام الأعضاء بالسداد وتوثق الحقوق قانونياً لتفادي النزاعات. توفر المنصة إدارة رقمية للجمعية مع ربط بنكي مباشر يخصم المبالغ ويحولها للمستحق شهرياً بأمان.","الأفراد، الموظفون، والعوائل"
661,عين المانجو,الزراعة الذكية وفرز الأغذية,يستغرق فرز وتصنيف جودة محصول المانجو (حسب النضج والحجم والعيوب) يدوياً وقتاً طويلاً في مزارع جازان مما يسبب تلف بعضها. يعتمد المشروع على رؤية الحاسوب لفرز وتصنيف المانجو آلياً على خطوط الإنتاج وسرعة التعبئة.,مزارعو المانجو ومصانع التعبئة والتغليف
662,راصد الملوحة,سلامة المنشآت والإنشاءات,تتعرض الخرسانة وحديد التسليح في المباني والجسور الساحلية للتآكل السريع بسبب الرطوبة والملوحة دون رصد داخلي مبكر. مستشعرات كهرومغناطيسية تزرع داخل الخرسانة تقيس درجة نفاذ الأملاح وتتنبأ بعمر الهيكل الإنشائي.,"شركات المقاولات، أمانات المدن الساحلية، والملاك"
663,مسعف الغد,التقنيات التعليمية,يفتقر طلاب المدارس لبيئات تطبيقية تفاعلية لتعلم مهارات الإسعاف الأولية (كالإنعاش القلبي الرئوي) لخطورة التطبيق العملي الخاطئ. يوفر التطبيق محاكاة بالواقع المعزز (AR) تقيم دقة حركات الطالب وتصححها فورياً.,المدارس والطلاب ومؤسسات التدريب الصحي
664,حامي الطرق,حماية البيئة والنقل,تتسبب الكثبان الرملية وزحف الرمال على الطرق السريعة بين المدن في حوادث مرورية مميتة لغياب الإنذار الاستباقي قبل وصول الفرق. يحلل النظام صور الأقمار الصناعية والتعلم الآلي للتنبؤ بحركة الرمال وتنبيه الصيانة.,"وزارة النقل، أمن الطرق، والبلديات"
665,توظيف حيادي,الموارد البشرية,تقع بعض الشركات في فخ التحيز غير الواعي أثناء فرز السير الذاتية والمقابلات الأولية للمتقدمين بناءً على الجنس أو الخلفية. أداة تعتمد على الذكاء الاصطناعي تخفي البيانات الشخصية وتحلل مهارات وإجابات المتقدم بتجرد كامل.,إدارات الموارد البشرية والشركات الكبرى
666,مقاسي الرقمي,التجارة الإلكترونية,تعاني متاجر الأحذية الإلكترونية من ارتفاع نسب مرتجعات المنتجات بسبب عدم مطابقة المقاسات الفعلية لقصات العلامات التجارية المختلفة. يتيح التطبيق مسحاً ثلاثي الأبعاد للقدم بكاميرا الجوال لتحديد المقاس الأمثل لكل موديل بدقة.,المتسوقون عبر الإنترنت ومتاجر الأحذية
667,حركتنا الشعبية,الثقافة والفنون,يواجه المهتمون بالتراث صعوبة في توثيق الحركات الدقيقة للرقصات الفلكلورية السعودية (كالعرضة والسامري) لحمايتها من الاندثار. يستخدم المشروع تقنية التقاط الحركة (Motion Capture) لأرشفة الرقصات وتجسيدها رقمياً.,"وزارة الثقافة، الباحثون، ومطورو الألعاب"
668,تنبؤ المطبخ,قطاع المطاعم والضيافة,"تعاني مطاعم الوجبات السريعة من هدر كميات ضخمة من الأطعمة والمواد الخام المحضرة مسبقاً لعدم دقة التنبؤ بالطلب اليومي وساعات الذروة. خوارزمية ذكية تحلل الطقس، الإجازات، والتريندات لتحديد كمية التحضير الأمثل بدقة.",أصحاب المطاعم ومدراء التشغيل
669,درون طبي,اللوجستيات الطبية,تستغرق عملية نقل عينات الدم والأنسجة المستعجلة بين المستشفيات والمختبرات المركزية وقتاً طويلاً وسط الازدحام المروري مما يهدد حياة المرضى. طائرات درونز ذاتية القيادة مخصصة مبرمجة بمسارات جوية لنقل العينات بأمان وسرعة.,"المستشفيات، بنوك الدم، والمختبرات الطبية"
670,رادار العوائد,التقنية العقارية,"يواجه المستثمرون العقاريون حيرة في اختيار وتثمين العقارات السكنية الأنسب لتحويلها لوحدات تأجير يومي (كـ جاذر إن) لغياب تحليل العوائد الموسمية. محرك يحلل بيانات الإشغال، الأسعار، والمواسم السياحية لتقدير الربح.","المستثمرون، المطورون العقاريون، والملاك"
671,بصيرة العين,دعم ذوي الإعاقة,يواجه المصابون بالشلل الرباعي التام صعوبة في الحركة المستقلة لعدم قدرتهم على التحكم بالكراسي المتحركة التقليدية يدوياً. كرسي متحرك ذكي يعتمد على تتبع حركة بؤبؤ العين والموجات الدماغية البسيطة لتوجيه الحركة والسرعة.,"المصابون بالشلل التام، مراكز التأهيل والمستشفيات"
672,نبض التبريد,إدارة المرافق,تعاني الأبراج التجارية من التوقف المفاجئ لأنظمة التكييف المركزي (Chillers) مما يعطل الأعمال ويتطلب صيانة مكلفة وطويلة. نظام يحلل تدفق وضغط سائل التبريد عبر مستشعرات مدمجة للتنبؤ بالأعطال قبل حدوثها بأسابيع.,شركات الصيانة وإدارات تشغيل الأبراج
673,راصد السقوط,رعاية كبار السن,"يخشى كبار السن من السقوط المفاجئ بالمنزل عند تواجدهم بمفردهم، مع رفضهم لتركيب كاميرات مراقبة تنتهك خصوصيتهم بال غرف. نظام يعتمد على تكنولوجيا استشعار الواي فاي (WiFi Sensing) لرصد السقوط برمجياً بدون تصوير.","كبار السن، العوائل، ومراكز الرعاية"
674,حذوة ذكية,الثروة الحيوانية والرياضة,يتعرض الخيل العربي الأصيل لإصابات خفية في الحوافر أو المفاصل يصعب رصدها مبكراً وتؤدي لاستبعاده من السباقات. يقدم المشروع حذوة خيل ذكية مزودة بمستشعرات ضغط واتزان تحلل نمط جري الخيل واكتشاف العرج الأولي.,"ملاك الخيل، الإسطبلات، والأطباء البيطريون"
675,ملصق الطزاجة,سلامة الأغذية,"يعتمد المستهلكون على تاريخ الصلاحية المكتوب على عبوات الحليب، رغم إمكانية تلفه قبل التاريخ بسبب سوء التبريد في المتجر. ملصقات كيميائية ذكية تلصق بالعلبة يتغير لونها تدريجياً بناءً على نمو البكتيريا الفعلي بالداخل.","مصانع الألبان، متاجر التجزئة، والمستهلكون"
676,تصوير الغاز,الأمن الصناعي والطاقة,تشكل تسريبات الغازات غير المرئية والسامة (مثل H2S) في الحقول والمصانع خطورة بالغة على حياة العمال وتستغرق الكواشف التقليدية وقتاً لرصدها. كاميرات حرارية طيفية تحلل سحب الغاز فوراً وترسل إنذاراً مرئياً وموقعياً.,شركات النفط والغاز والمصانع البتروكيماوية
677,محاكي المدار,الفضاء والطيران,يواجه مطورو الأقمار الصناعية الصغيرة (CubeSats) مخاطر الفشل لعدم قدرتهم الاقتصادية على محاكاة الإجهاد الحراري المداري المعقد بدقة. منصة برمجية تحلل الخصائص الهندسية وتتنبأ بسلوك الهيكل تحت ظروف الفضاء القاسية.,"الباحثون، المهندسون، ومراكز أبحاث الفضاء"
678,مسار الشاحنات,النقل المستدام,تسير آلاف شاحنات النقل الثقيل فارغة في رحلات العودة بعد تفريغ شحناتها مما يسبب هدراً للوقود وازدحاماً بلا عائد اقتصادي. تطبيق يربط الشركات التي تحتاج لنقل بضائع عاجلة بالشاحنات الفارغة المتواجدة في نفس طريق العودة.,شركات النقل اللوجستي والمصانع والموردون
679,مؤشر الأمان,حماية المستهلك والتجارة,"يقع المستهلكون ضحية للاحتيال عند الشراء من متاجر إلكترونية ناشئة أو حسابات مبيعات غير موثقة في شبكات التواصل. أداة فحص ذكية تكشط البيانات وتحلل سجل التراخيص، الشكاوى، وموثوقية الدفع لمنح المتجر تقييماً أمنياً.",المستهلكون والمتسوقون عبر الإنترنت
680,امتثال العمل,التقنية القانونية وإدارة الشركات,تواجه الشركات صعوبة وتكلفة في مراجعة وتحديث لوائح العمل والجزاءات الداخلية لتتوافق تماماً مع التعديلات المستمرة لنظام العمل السعودي. نظام ذكي يطابق نصوص اللوائح الداخلية بالأنظمة الرسمية ويبرز الثغرات تلقائياً.,إدارات الالتزام والموارد البشرية بالشركات
681,مفتش المنجم,قطاع التعدين,يستغرق إرسال عينات الصخور المستخرجة من المناجم للمختبرات المركزية لمعرفة نسبة تركيز المعادن الثمينة (كالذهب) أياماً تعطّل خطط الحفر. جهاز محمول يعتمد على فحص الأشعة السينية (XRF) يحلل النسبة فورياً في الميدان.,"شركات التنقيب، الجيولوجيون، ومصانع التعدين"
682,راصد التزييف,الإعلام الرقمي والتقنية,ينتشر التضليل الإعلامي بسبب صعوبة التفريق الفوري بين المقالات المكتوبة بأيدي بشرية وتلك المولدة آلياً بالذكاء الاصطناعي التوليدي باللغة العربية. خوارزمية لغوية تفحص التراكيب والنماذج لكشف وفلترة النصوص المولدة آلياً.,"الصحف الرقمية، المؤسسات الإعلامية، والباحثون"
683,توازن المزرعة,الزراعة المائية (الأكوا بونيكس),تواجه مزارع الأكوا بونيكس (دمج تربية الأسماك بالنبات) خطر موت المحصول أو الأسماك عند اختلال التوازن بين فضلات الأسماك ومغذيات النبات. نظام أتمتة يحلل المركبات النيتروجينية ويتحكم بضخ المياه والمغذيات ذاتياً.,مستثمرو الزراعة الحديثة والأمن الغذائي
684,حافظة الأعضاء,اللوجستيات الطبية الحساسة,تتأثر سلامة الأعضاء البشرية المنقولة لزراعتها للمرضى بأي تذبذب في حرارة أو رطوبة الحافظة دون علم الطاقم الطبي المستبيل بلحظته. حافظة ذكية متبعة بالأقمار الصناعية تبث المؤشرات الحيوية للعضو وظروف التخزين فوراً.,"المستشفيات، المراكز الطبية، وبنوك الأعضاء"
685,أمان الغواص,السياحة البحرية,يواجه الغواصون في البحر الأحمر مخاطر التيارات البحرية المفاجئة أو تجاوز الأعماق الآمنة دون وسيلة اتصال فورية مع قارب الدعم. سوار غوص ذكي يقيس المؤشرات الحيوية والعمق ويبث تحذيرات جيو-مكانية عبر الأمواج الصوتية تحت الماء.,"مراكز الغوص السياحية، الهواة، وفرق الإنقاذ"
686,منصة مجلسنا,حوكمة الشركات,تخشى مجالس إدارات الشركات المساهمة من تسريب محاضر الاجتماعات السرية أو التلاعب بنتائج التصويت على القرارات الاستراتيجية يدوياً. منصة مشفرة بالكامل تعتمد على البلوكشين لإدارة الاجتماعات وتوثيق التصويت بهوية رقمية.,"الشركات المساهمة، البنوك، ومجالس الإدارة"
687,بصمة الوجه,النقل العام والمدن الذكية,يستغرق شراء التذاكر أو مسح البطاقات الرقمية عند بوابات المترو والحافلات وقتاً يسبب طوابير انتظار في أوقات الذروة. نظام دفع لا تلامسي يعتمد على التعرف البيومتري على الوجه (Face Pay) يفتح البوابات ويخصم الرصيد آلياً في ثوانٍ.,ركاب النقل العام وإدارات المترو والحافلات
688,سقيا المسجد,الاستدامة المائية والبيئة,تستهلك المساجد كميات ضخمة من مياه الوضوء التي تذهب للصرف الصحي مباشرة دون استغلالها في ري المساحات الخضراء أو صناديق الطرد. نظام ذكي يفلتر المياه الرمادية داخل الموقع ويراقب نقاءها الكيميائي لإعادة استخدامها آلياً.,وزارة الشؤون الإسلامية والبلديات والاستدامة
689,ترجمان النقوش,الثقافة والتراث,يجد سياح المواقع الأثرية (مثل العلا وحائل) صعوبة في فهم المعاني التاريخية خلف النقوش الثمودية واللحيانية القديمة على الصخور. تطبيق يحلل صورة النقش بالذكاء الاصطناعي وبصرياً ليترجمه فوراً إلى العربية والإنجليزية مع سرد قصته.,السياح والزوار وهيئات تطوير التراث والثقافة
690,ميزان الحصاد,التجارة والتموين الزراعي,يتعرض المزارعون لخسائر مالية بسبب حصد وبيع محاصيلهم في أوقات تتدنى فيها الأسعار بأسواق الجملة لزيادة المعروض فجأة. محرك بيانات يتنبأ بأسعار الخضار والفواكه الموسمية بناءً على حجم المساحات المزروعة والطقس.,"المزارعون، تجار الجملة، ووزارة الزراعة"
691,فصيلة النادرة,الخدمات الإنسانية والصحية,يواجه أهالي المرضى صعوبة بالغة وضيق وقت في البحث عن متبرعين بالدم للفصائل النادرة جداً (مثل الفصيلة الكولومبية أو سالب النادر) بالطرق التقليدية. تطبيق يربط المتبرعين المسجلين بالمرضى لحظياً بناءً على الموقع الجغرافي.,"المستشفيات، بنوك الدم، والمرضى ومحتاجو التبرع"
692,راصد الأموال,التقنية المالية والأمن,تستغرق مراجعة الحسابات البنكية لكشف شبكات غسيل الأموال المعقدة وقتاً طويلاً لمرور الأموال عبر حسابات متعددة مموهة يدوياً. نظام يعتمد على الشبكات العصبية الرسومية (GNN) لتحليل روابط التدفقات المالية واكتشاف الحسابات المشبوهة.,"البنوك، المنشآت المالية، والجهات الرقابية"
693,نبض الرضيع,رعاية الطفولة والصحة,"تواجه الأمهات الجدد صعوبة في فهم أسباب بكاء الأطفال الرضع المستمر (جوع، مغص، نعاس، رغبة في النوم) مما يسبب لهن القلق. تطبيق يحلل الترددات الصوتية لبكاء الطفل بالذكاء الاصطناعي لتحديد السبب بدقة ومقترحات للتعامل.","الأمهات، الآباء الجدد، وأطباء الأطفال"
694,خوذة المهندس,قطاع الإنشاءات والمقاولات,يواجه المهندسون المشرفون صعوبة في مطابقة المخططات الهندسية ثلاثية الأبعاد المعقدة بالبناء الفعلي القائم في الموقع ميدانياً. خوذة بناء ذكية مزودة بواجهة عرض شفافة (HUD) تسقط مخطط الـ BIM على المبنى مباشرة لرصد الانحرافات.,"المهندسون المشرفون، شركات المقاولات، والاستشارات"
695,درع الجوال,الأمن السيبراني,تتعرض الهواتف الذكية لرواد الأعمال والمسؤولين لخطر برمجيات التجسس المتطورة والناعمة التي لا تكتشفها مضادات الفيروسات التقليدية. نظام سحابي يحلل الشذوذ في استهلاك البطارية وتدفق البيانات الخلفي المفاجئ للحجب الفوري.,"رواد الأعمال، مسؤولو الشركات، والمهتمون بالأمن"
696,فحص الدواجن,سلامة الأغذية والصحة,تشكل متبقيات المضادات الحيوية في لحوم الدواجن والماشية بالمسالخ خطورة صحية على المستهلك وتستغرق الفحوصات المخبرية التقليدية أياماً. جهاز فحص سريع يعتمد على التحليل الطيفي الفلوري للكشف عن النسبة في دقائق.,"المسالخ المركزية، شركات الدواجن، ومفتشو الصحة"
697,طاقة الرياح,الطاقة المتجددة والشبكات,تعاني محطات توليد طاقة الرياح من تذبذب كميات الطاقة المنتج وتحدي التوقيت المثالي لتخزينها أو ضخها في الشبكة العامة لرفع العائد. نظام ذكي يتنبأ بسرعات الرياح وحجم الاستهلاك المدني لتوجيه التخزين والضخ آلياً.,مشغلو محطات الطاقة المتجددة والشبكة الكهربائية
698,وجبة الخير,المسؤولية الاجتماعية,تفتقر منصات التوصيل لآليات تتيح للعملاء التبرع بوجبات طعام مدفوعة مسبقاً وتوجيهها بكرامة وسرية للأسر العفيفة المحتاجة في نفس الحي. نظام برمجيا يدمج خيار التبرع في تطبيقات المطاعم ويوجه الوجبات بالتنسيق مع الجمعيات.,"مستخدمو تطبيقات الطعام، المطاعم، والجمعيات الأهلية"
699,متصفح مرن,التعليم الشامل والدمج الرقمي,"يواجه ذوو الصعوبات الإدراكية والتشتت (ADHD) صعوبة في استيعاب المواقع الإلكترونية والتعليمية المزدحمة بالحشو والإعلانات المتحركة. إضافة متصفح ذكية تحول محتوى الموقع تلقائياً لنسخة مبسطة، هادئة، وبخطوط مخصصة للتركيز.","الأفراد ذوو الصعوبات الإدراكية، الطلاب، والمؤسسات"
700,سلامة الإطار,الخدمات اللوجستية وأمن الطرق,تتسبب انفجارات إطارات شاحنات النقل الثقيل المفاجئة على الطرق السريعة في حوادث كارثية وتلف شحنات الشركات. نظام مستشعرات ذكي يركب داخل الإطار يقيس بدقة الحرارة والضغط الداخلي ويتنبأ بالانفجار قبل حدوثه لإخطار السائق.,سائقو الشاحنات الثقيلة وشركات النقل اللوجستي
701,مرشد المرجان,البيئة البحرية والسياحة,تواجه المحميات البحرية صعوبة في مراقبة ظاهرة ابيضاض الشعاب المرجانية وتأثرها بتغير حرارة المياه بشرياً على مساحات شاسعة. يستخدم المشروع غواصات ذاتية القيادة مبرمجة برؤية حاسوبية لمسح الشعاب وتصنيف صحتها تلقائياً.,"الهيئات البيئية، ومراكز الأبحاث البحرية"
702,إسناد المقاول,قطاع الإنشاءات والمقاولات,تقع خلافات بين المقاولين والملاك بسبب تأخر توريد كميات الحديد والأسمنت للموقع نتيجة ضعف التنسيق مع المصانع. يقدم النظام حلاً يربط جدول الإنجاز الإنشائي الميداني بطلبات التوريد المؤتمتة مع المصانع مباشرة.,شركات المقاولات وموردو مواد البناء
703,بوابة النخبة,إدارة الفعاليات والمؤتمرات,"يواجه منظمو المؤتمرات الدولية صعوبة في التنسيق اللحظي والآمن لجدول تنقلات كبار الشخصيات (VIP) بين المطارات، الفنادق، والقاعات. تطبيق مشفر يربط السائقين بالوفود ويعتمد على الجدولة الديناميكية لتفادي الازدحام.",منظمو المؤتمرات الدولية والوفود
704,تفتيش الصوامع,الأمن الغذائي والزراعة,تعاني صوامع غلال الحبوب الضخمة من خطر فساد المخزون نتيجة تقلبات الرطوبة الداخلية أو انتشار الحشرات غير المرئية بالعين. يقدم المشروع روبوتات مسح ذكية تتغلغل داخل الحبوب مزودة بحساسات حرارية وغازية استباقية.,المؤسسة العامة للحبوب وإدارات الصوامع
705,منصة وتيرة,التقنية القانونية العقارية,تستغرق صياغة ومراجعة عقود التطوير العقاري المشتركة (بين ملاك الأراضي والمطورين) وقتاً طويلاً لضمان حفظ الحقوق وتوزيع النسب نظامياً. منصة تولد وتدقق العقود آلياً بالذكاء الاصطناعي وفق تشريعات الهيئة العامة للعقار.,المطورون العقاريون وملاك الأراضي
706,توجيه الأحمال,الطاقة المستدامة,"تواجه المنشآت التجارية الكبرى ارتفاعاً في فواتير الكهرباء نتيجة تجاوز ""الحمل الأقصى المستهدف"" في أوقات الذروة اليومية. نظام برمجيا يحلل الاستهلاك ويقوم بفصل أو تقليل إضاءة وتكييف المرافق غير الحيوية آلياً لمنع التجاوز.",المجمعات التجارية وإدارات التشغيل
707,توطين الصوت,التقنيات اللغوية والإعلام,"تواجه منصات الألعاب والرسوم المتحركة المحلية نقصاً في محركات توليد الأصوات والشخصيات الافتراضية بلهجات سعودية طبيعية ومتنوعة (نجدي، حجازي، جنوبي). نموذج ذكاء اصطناعي توليدي مخصص لتوليد الصوت البشري بدقة.","مطورو الألعاب، شركات الإنتاج، والمسوقون"
708,راصد الامتثال,البيئة والصناعة,تواجه المدن الصناعية صعوبة في الرصد اللحظي لالتزام المصانع بالحدود البيئية المسموحة للتخلص من النفايات السائلة في شبكات الصرف العام. منظومة مستشعرات كيميائية تزرع بنقاط الصرف ترسل إنذاراً فورياً عند رصد مواد سامة.,هيئات المدن الصناعية والرقابة البيئية
709,بصمة العسل,حماية المستهلك والأغذية,يواجه النحالون صعوبة في إثبات جودة ونقاء العسل البلدي الفاخر للمشترين عبر المتاجر الإلكترونية لانتشار المنتجات المغشوشة. عبوات ذكية مدمجة برمز استجابة (QR) مسجل بالبلوكشين يربط مباشرة بشهادة الفحص المخبري المعتمدة.,النحالون ومستهلكو المنتجات العضوية
710,عالمي التفاعلي,تكنولوجيا التعليم والدمج,يواجه الأطفال المصابون بفرط الحركة وتشتت الانتباه (ADHD) صعوبة في استيعاب الدروس عبر المناهج التقليدية الثابتة. منصة تعليمية تحول الدروس إلى ألعاب حركية تفاعلية تعتمد على مستشعرات الكاميرا لزيادة التركيز.,"الأطفال ذوو التشتت، المدارس، والأهالي"
711,فاحص التبريد,اللوجستيات الطبية الحساسة,تتلف عينات المختبرات الطبية الحساسة أثناء نقلها بين المراكز الصحية نتيجة تذبذب حرارة الحافظات دون علم الطاقم إلا بعد الفحص. حافظة طبية ذكية ترتبط بالبلوكشين تبث درجات الحرارة والاهتزازات لحظياً لغرفة العمليات.,"المختبرات الطبية، المستشفيات، وبنوك الدم"
712,إسناد الطوارئ,الأمن والسلامة المدنية,يواجه مسؤولو السلامة في الأبراج الشاهقة صعوبة في التأكد من إخلاء كافة الموظفين والزوار أثناء حرائق المباني لشدة الدخان. نظام يعتمد على تتبع الإشارات اللاسلكية للهواتف (WiFi/Bluetooth) لتحديد مواقع الأشخاص العالقين بدقة.,الدفاع المدني وفرق السلامة المهنية
713,أمان الرافعة,السلامة الصناعية,تقع حوادث انقلاب الرافعات البرجية في مواقع البناء نتيجة التغير المفاجئ في سرعة الرياح أو زيادة أحمال الرفع غير المحسوبة هندسياً. منظومة مستشعرات ذكية تحسب مركز الثقل وسرعة الرياح وتقفل حركة الرافعة آلياً عند الخطر.,شركات المقاولات ومسؤولو السلامة المهنية
714,إيجاز القضايا,التقنية القانونية,يستغرق القضاة والمحامون ساعات طويلة في تلخيص ضبوط الجلسات القضائية الطويلة الممتدة لسنوات لاستخراج الطلبات والدفوع المحورية. أداة تعتمد على معالجة اللغة الطبيعية تلخص القضية في خط زمني تفاعلي دقيق وقانوني.,"القضاة، المحامون، والمستشارون القانونيون"
715,منصة تدوير,الاستدامة وإعادة التدوير,تواجه المطاعم صعوبة في التخلص من مخلفات الأطعمة العضوية بطرق بيئية بدلاً من ردمها في النفايات وتلويث التربة. منصة لوجستية تربط المطاعم بمصانع معالجة الأسمدة العضوية ومزارع إنتاج الأعلاف لتسهيل البيع والنقل.,"المطاعم، الفنادق، وأصحاب المزارع ومصانع التدوير"
716,تحكيم العقود,حوكمة الشركات,تقع نزاعات مالية بين الشركات حول نسب استهلاك المعدات المستأجرة والمبالغ المستحقة عند نهاية المشاريع. يقدم المشروع نظام عقود ذكية (Smart Contracts) تحسب المستحقات آلياً بناءً على قراءات مستشعرات التشغيل.,شركات تأجير المعدات وقطاع المقاولات
717,مسار الرؤية,دعم ذوي الإعاقة,يواجه ذوو الإعاقة البصرية خطورة الاصطدام بالعوائق المرتفعة (كأغصان الأشجار أو اللوحات المعلقة) التي لا ترصدها العصا البيضاء التقليدية. نظارة ذكية تعتمد على مستشعرات ليزرية (LiDAR) تصدر تنبيهات صوتية ثلاثية الأبعاد للمحيط.,المكفوفون وضعاف البصر
718,سوق الأغنام,الثروة الحيوانية والتجارة,يعاني مشتري الأضاحي والمواشي من الغش في الأوزان والحالة الصحية للماشية في الأسواق المفتوحة لغياب الموازين الدقيقة. تطبيق يستخدم كاميرا الجوال لمسح أبعاد جسم الماشية وتقدير وزنها القائم وحالتها الصحية برمجياً.,تجار المواشي والمستهلكون ومربو الأنعام
719,بوابة التخليص,اللوجستيات الدولية,تستغرق مراجعة وتصنيف شهادات المنشأ والمستندات الصحية للشحنات الغذائية المستوردة وقتاً يسبب تكدساً في الموانئ وتلف البضائع. يقدم المشروع نظاماً يفرز ويطابق البيانات آلياً بالذكاء الاصطناعي لتسريع فسح الشحنات.,شركات الاستيراد والتصدير والمخلصون الجمركيون
720,حماية المحصول,الزراعة الذكية والمائية,"تتعرض مزارع البيوت المحمية لخسائر تلف محاصيل الخضروات نتيجة انتشار حشرة ""صانعة الأنفاق"" بسرعة قبل رصدها يدوياً. نظام يستخدم كاميرات ميكروسكوبية متحركة تفحص أوراق النبات برؤية الحاسوب لاكتشاف الإصابة الأولية.",المزارعون ومستثمرو الزراعة الحديثة
721,تأهيل النطق,الرعاية التأهيلية والصحية,يواجه الأطفال المصابون بالشفة الأرنبية صعوبة في الالتزام بتمارين تصحيح النطق ومخارج الحروف المنزلية المملة لغياب التوجيه الممتع. تطبيق ألعاب تفاعلي يحلل صوت الطفل عبر الهاتف ويمنحه نقاطاً عند نطق الحرف بشكل صحيح هندسياً.,الأطفال بعد العمليات الجراحية وأخصائيو النطق
722,تواصل النزيل,الخدمات الفندقية والسياحة,يجد نزلاء الفنادق صعوبة في التواصل السريع بلغاتهم المختلفة مع إدارة الفندق لطلب الخدمات الخاصة أو تقديم الشكاوى اللحظية. مساعد رقمي ذكي يدمج في غرف الفنادق يترجم المحادثات فورياً ويوجه الطلب للقسم المعني آلياً.,"الفنادق، المنتجعات السياحية، والسياح الأجانب"
723,منصة سند,الاستدامة وحفظ النعمة,تواجه المطابخ المركزية وقاعات الأفراح صعوبة في تعبئة فائض الطعام الصالح وتوزيعه بالمعايير الصحية لعدم توفر متطوعين لوجستيين بلحظتها. تطبيق ينظم شبكة متطوعين سريعة الاستجابة جغرافياً بالتنسيق مع جمعيات الإطعام.,"قاعات المناسبات، المتطوعون، وجمعيات حفظ النعمة"
724,راصد الإجهاد,السلامة المهنية والصناعية,يتعرض عمال صيانة أبراج الكهرباء والضغط العالي لخطر الإجهاد الحراري أو الدوار المفاجئ مما يهدد بسقوطهم دون علم المشرف الفوري. خوذة سلامة مزودة بحساسات تقيس النبض والحرارة وتبث استغاثة فورية عند الشذوذ.,"شركات الكهرباء، المقاولات، والمنشآت الصناعية"
725,مفتش التجزئة,العمليات الرقابية وحماية المستهلك,يستغرق مفتشو وزارة التجارة وقتاً في فحص الالتزام بأسعار السلع ومطابقتها للتراخيص الرسمية في المستودعات الكبرى يدوياً. تطبيق بمسح بصري يقرأ الرموز الشريطية (Barcodes) ويطابقها بقواعد البيانات المركزية بلحظات.,المفتشون الميدانيون والجهات الرقابية
726,تثمين الفنون,الثقافة والاقتصاد الإبداعي,يواجه مشترو ومقتنو اللوحات الفنية والمخطوطات التراثية صعوبة في التحقق من أصالة القطعة وعدم تزويرها لغياب التوثيق المعتمد التاريخي. نظام يعتمد على الفحص المجهري لنسيج اللوحة وأحبارها ومطابقة بصمتها رقمياً بالبلوكشين.,"صالات العرض الفنية، الفنانون، والمشترون"
727,تتبع الشحنات,اللوجستيات المبردة,تتأثر جودة الشحنات الغذائية المجمدة (كالأسماك) بأي انقطاع مؤقت للتبريد في شاحنات التوزيع دون قدرة المتاجر على إثبات ذلك عند الاستلام. وسم ذكي يوضع في كرتون الشحنة يسجل درجات الحرارة بدقة الدقائق طوال الرحلة.,"متاجر التجزئة، شركات التوزيع، ومصانع الأغذية"
728,منصة أثر,المسؤولية الاجتماعية للشركات,تواجه الشركات صعوبة في اختيار مبادرات مجتمعية تتماشى مع الاحتياجات الفعلية للأحياء (كملاعب أطفال أو تشجير) وقياس أثر التمويل بدقة. منصة تحلل البيانات الديموغرافية والبلدية لتوجيه تمويل المسؤولية الاجتماعية.,"الشركات الكبرى، الجمعيات الأهلية، والبلديات"
729,حارس الخادم,الأمن السيبراني وتقنية المعلومات,تتعرض خوادم المؤسسات لهجمات تسريب البيانات الداخلية عبر استغلال صلاحيات موظفين سابقين أو حسابات منسية (Shadow IT). نظام مسح مؤتمت يحلل صلاحيات الوصول غير النشطة ويقفلها تلقائياً بناءً على سلوك الشبكة.,مدراء أمن المعلومات والشركات الكبرى
ID,اسم المشروع,المجال,الوصف,الفئة المستهدفة
731,بصمة الطيف,الأمن السيبراني والأجهزة,تفتقر المنشآت الحساسة لآليات تمنع اختراق الهواتف الذكية عبر موجات الليزر الموجهة عن بعد لميكروفونات الأجهزة (Laser Microphone Attacks). غشاء نانو شفاف يوضع على شاشة الجوال لتشتيت موجات الليزر وحماية الخصوصية.,"المنشآت السيادية، المسؤولون، ورواد الأعمال"
732,راصد النطاق,اتصالات المستقبل (6G),تواجه شبكات الاتصال فائقة السرعة المستقبلية مشكلة الفقد الحاد للإشارات اللاسلكية عند اختراقها للزجاج المقسى والأبراج الحديثة. نظام برمجيا يتحكم بالأسطح الذكية التكيفية (RIS) لعكس الموجات ذاتياً نحو الأجهزة.,شركات الاتصالات ومطورو البنية التحتية الذكية
733,نبض الأساس,السلامة الإنشائية والبلديات,تواجه الخزانات المائية الاستراتيجية المدفونة تحت الأرض خطر الهبوط الأرضي الميكروي وتخلخل التربة دون رصد بشري إلا بعد التصدع الكارثي. مستشعرات ليزرية تزرع أسفل القواعد تقيس زوايا الاتزان بدقة الميكرون.,"شركة المياه الوطنية، الأمانات، ومكاتب فحص التربة"
734,إسناد الرقاقة,التصنيع الذكي وأشباه الموصلات,تواجه مصانع تصنيع المعالجات الإلكترونية خسائر ضخمة نتيجة حدوث خدوش ميكروية في رقاقات السيليكون أثناء مرحلة الصقل الكيميائي (CMP). نظام فحص حراري نبضي يحلل الانعكاس الضوئي للرقاقة للتنبؤ بالعيوب فوراً.,مصانع أشباه الموصلات ومهندسو الإلكترونيات
735,منصة أريب,تقنيات المعامل والتعليم,يواجه طلاب كليات الصيدلة صعوبة ومخاطرة باهظة في محاكاة تفاعلات الأحماض العضوية المركزة داخل المختبرات لعدم توفر بيئات اختبار رقمية مضبوطة. منصة محاكاة تفاعلية ثلاثية الأبعاد تحلل نواتج الخلط كيميائياً.,"كليات الصيدلة، الجامعات، ومراكز التدريب العلمي"
736,حصاد المغناطيس,الطاقة المستدامة والصناعة,تذهب طاقة الحث المغناطيسي الناتجة عن لفائف المولدات الكهربائية الضخمة في محطات التحلية هدراً في شكل حرارة محيطة تضر بالأجهزة. ملفات بيزو-مغناطيسية تجمع هذا الحث وتُعيد تحويله لتيار تشغيلي بديل.,محطات تحلية المياه وشركات الطاقة والمصانع
737,مرشد الطيف,اللوجستيات الطبية الحساسة,تتأثر سلامة عينات الحمض النووي (DNA) واللقاحات الجينية بأي تعرض طفيف للأشعة الكهرومغناطيسية المنبعثة من أجهزة التفتيش بالمطارات. حافظة طبية ذكية مدمجة بدرع كهرومغناطيسي يسجل النفاذ الإشعاعي حياً.,"بنوك الجينات، المختبرات المركزية، والمستشفيات"
738,تحليلات اللزوجة,الصناعات الكيميائية والنفطية,"تواجه مصانع البوليمرات صعوبة في الضبط التلقائي اللحظي لدرجة لزوجة السوائل الكيميائية أثناء تفاعلات البلمرة، مما يسبب إنتاج دفعات غير مطابقة للمواصفات. نظام يحلل الترددات الصوتية للسائل لضبط الصمامات.",شركات البتروكيماويات والمهندسون الكيميائيون
739,حارس الاتزان,تقنيات الملاحة والدرونز,تواجه طائرات الشحن المسيرة بدون طيار خطورة الانحراف والارتطام نتيجة التغير المفاجئ في مركز ثقل الطرد (Cargo Shift) أثناء الطيران وسط الرياح. خوارزمية ديناميكية تعيد توزيع قوة دفع المحركات لحظياً لضمان الثبات.,شركات اللوجستيات الجوية ومصممو الدرونز
740,بوابة النزاهة,حوكمة المشتريات والشركات,تواجه الشركات الكبرى تعقيدات وتواطؤات محتملة في الفحص اليدوي لطلبات إرساء العقود للتأكد من خلو سجلات الموردين من قضايا بيئية أو عمالية دولية. نظام يكشط ويحلل البيانات المفتوحة والسجلات القانونية آلياً.,إدارات الالتزام والحوكمة والمراجعة بالشركات
741,عدسة التجويف,قطاع التعدين والمناجم,تواجه شركات الحفر والاستكشاف التعديني مخاطر انهيار الجدران الداخلية للمناجم نتيجة وجود فجوات هوائية خفية خلف طبقات الصخور الرسوبية. جهاز فحص محمول يعتمد على رادارات الاختراق العميق (GPR) كشف ميدانياً.,"شركات التعدين، الجيولوجيون، ومفتشو السلامة"
742,تواصل واثق,التقنية القانونية وعقود الأعمال,تقع خلافات بين المنشآت والمبرمجين المستقلين حول مدى مطابقة الكود المكتوب لشروط الأمان سيبرانياً وحفظ الملكية الفكرية قبل التسليم. منصة تفحص الأكواد آلياً وتوثق شهادة تسليم مشفرة بالبلوكشين كفيصل قانوني.,"الشركات التقنية الناشئة، المستقلون، والقانونيون"
743,إمداد مرن,سلاسل الإمداد والخدمات اللوجستية,تعاني مخازن الأدوية والمستحضرات الطبية الحساسة من تفاوت توزيع رطوبة الهواء داخل الأرفف العلوية لغياب التحكم الديناميكي بفتحات التكييف المركزي. نظام إنترنت أشياء (IoT) يضبط تدفق الهواء بناءً على السعة حياً.,مستودعات الأدوية المركزية والمستشفيات واللوجستيات
744,دليل المعامل,التعليم الفني والفيزياء,يواجه الطلاب صعوبة في فهم تموج وتداخل الموجات الكهرومغناطيسية والفيزيائية داخل المعامل لكونها غير مرئية بالعين المجردة. تطبيق يستخدم الواقع المعزز (AR) لإسقاط مسارات ورسومات تفاعلية للموجات حياً.,"الجامعات، المعاهد الفنية، ومعلمو العلوم والفيزياء"
745,تلخيص الوثائق,التقنية القانونية وإدارة الشركات,يستغرق المحامون فترات طويلة في مراجعة اتفاقيات التحكيم الدولي الطويلة لاستخراج البنود الحاكمة وتحديد المحاكم المختصة عند النزاع. أداة تعتمد على معالجة اللغات الطبيعية تفحص الوثيقة وتلخص الالتزامات.,"المكاتب القانونية، الشركات الكبرى، والمستشارون"
746,راصد المذيبات,البيئة والصحة الصناعية,تعاني الأحياء السكنية المجاورة لمعامل تصنيع الدهانات من انبعاثات مركبات (الفورمالدهيد) غير المرئية التي تؤثر على جودة الهواء والصحة العامة دون رصد مستمر. شبكة مستشعرات نانوية توزع بالأحياء لبث جودة الهواء.,"البلديات، هيئات البيئة، وسكان المدن"
747,تفتيش اللحام,صناعة الطيران وصيانة المركبات,يواجه فنيو الصيانة صعوبة في فحص سلامة نقاط اللحام الجزيئي لأجنحة الطائرات للتأكد من خلوها من التشققات الميكروية الناتجة عن ضغط الجو. جهاز فحص يعتمد على التيارات الدوامية عالية التردد (ECT) للكشف الفوري.,"شركات الطيران، مهندسو الصيانة، وإدارات السلامة"
748,بصمة النسيج,الثقافة والاقتصاد الإبداعي,يجد مصممو الأزياء صعوبة في التمييز السريع بين الصوف الطبيعي الفاخر والصوف الصناعي المعالج كيميائياً في بالات الشراء الضخمة لتفادي الغش. جهاز فحص طيفي محمول يرتبط بالجوال يحلل نسيج القماش ومكوناته.,"مصممو الأزياء، مصانع النسيج، والمشترون"
749,مرشد الطيران,الطيران بدون طيار والمدن,"مع تزايد استخدام الدرونز في التوصيل الحركي، تواجه الهيئات خطورة تصادم الطائرات في النطاقات منخفضة الارتفاع لغياب نظام إدارة مرور جوي ميكروي. منصة سحابية تنظم وتجدول مسارات وأوقات الرحلات آلياً.",هيئات الطيران المدني والشركات المشغلة للدرونز
750,مستشار الألياف,الاتصالات وتقنية المعلومات,تعاني شبكات الإنترنت الضوئية من بطء وتوقف مؤقت نتيجة انحناء أو التواء كوابل الألياف البصرية داخل التمديدات الأرضية دون معرفة مكان الخلل. نظام فحص نبضي يحسب ارتداد الضوء لتحديد نقطة الالتواء بالمليمتر.,شركات الاتصالات وفنيو صيانة الشبكات الأرضية
751,تأهيل النطق,الرعاية التأهيلية والصحة,يواجه البالغون المصابون بحبسة كلامية إثر الحوادث إحباطاً من تمارين مخارج الحروف التقليدية لغياب التوجيه البصري الفوري لحركة اللسان. تطبيق يستخدم رؤية الحاسوب لمتابعة حركة الفم وتصحيحها برمجياً.,"مراكز التأهيل الطبي، أخصائيو النطق، والمرضى"
752,بوابة الامتثال,العمليات الرقمية وحوكمة البيانات,تواجه المنصات المالية الناشئة خطورة تسريب بيانات العملاء عبر ثغرات في واجهات برمجة التطبيقات (APIs) غير المحوكمة والمنسية (Shadow APIs). برمجية مسح مستمر تكتشف البوابات المفتوحة وتلقائياً.,مدراء أمن المعلومات (CISO) والشركات التقنية
753,راصد التآكل,البيئة البحرية والمنشآت,تتعرض القواعد الحديدية لعنفات الرياح الساحلية أو أرصفة الموانئ للتآكل الكيميائي السريع بفعل الملوحة الرطبة دون رصد داخلي مبكر. مستشعرات كهرومغناطيسية تزرع بالهيكل تقيس المقاومة وتتنبأ بعمر المعدن.,"شركات تشغيل الموانئ، هيئات الطاقة، والملاك"
754,ملابس الحماية,السلامة المهنية والأمن الصناعي,يتعرض فنيو الصيانة في مصانع الأسمدة لخطر التسمم بالأمونيا نتيجة حدوث تسريبات غازية مفاجئة دون علم مشرف الموقع فوراً لإنقاذهم. ملابس ميدانية مدمجة بحساسات كيميائية ومؤشرات حيوية تبث استغاثة.,"مصانع المواد الكيميائية، شركات الطاقة، والسلامة"
755,موسم مرن,إدارة الحشود والتوظيف,تواجه المعارض الثقافية الدولية ارتباكاً وتأخيراً في التوزيع اللحظي للمترجمين الفوريين داخل الأجنحة بناءً على تذبذب تدفق الوفود وتنوع لغاتهم. يحلل التطبيق لغة الزوار عبر الكاميرات لتوجيه المترجم الأنسب.,منظمو المؤتمرات الدولية ولجان البروتوكول والوفود
756,شحن لاسلكي,المدن الذكية وتقنيات الدرونز,تواجه طائرات الدرونز المخصصة للمراقبة الأمنية بالمجمعات الشاسعة مشكلة الحاجة للعودة للمقر كل نصف ساعة لشحن البطارية يدوياً. منصات هبوط مدمجة بتقنية الشحن اللاسلكي الرنيني لشحن الطائرة ذاتياً.,"المنشآت الصناعية، المجمعات السكنية، وشركات الأمن"
757,أولوية الصيانة,صيانة المدن والعمليات البلدية,تواجه الأمانات صعوبة في الفرز الميداني الفوري لدرجة خطورة وتأثير هبوط الإسفلت حول أغطية الصرف الصحي لترتيب مهام الصيانة. نظام يركب على سيارات النقل يحلل الارتجاجات عبر مستشعرات التسارع.,"الأمانات، البلديات، وشركات صيانة الطرق"
758,تدوين النقوش,الثقافة والتراث والتقنيات,يجد سياح المواقع الأثرية (مثل جبة وحائل) صعوبة في فهم المعاني التاريخية خلف النقوش الثمودية واللحيانية القديمة على الصخور. تطبيق يحلل صورة النقش بالكاميرا ليترجمه فوراً إلى العربية الفصحى مع سرد قصته.,"السياح، الزوار، وهيئات تطوير التراث والثقافة"
759,فرز النانو,إعادة التدوير والاستدامة,تواجه مصانع تدوير الإلكترونيات صعوبة وبطء في فرز واستخلاص العناصر الأرضية النادرة (كالنيوديميوم) من الأجهزة التالفة الدقيقة لخلطها بالبلاستيك والمعادن. نظام يعتمد على الفرز الليزري الطيفي آلياً.,مصانع تدوير النفايات التقنية وشركات البيئة
760,وسم العهد,إدارة الشركات والحوكمة,تعاني المختبرات الجامعية من صعوبة الجرد السنوي اليدوي لآلاف الأدوات والمعدات الزجاجية الدقيقة الحساسة وضياع بعضها لضعف التوثيق الموحد. نظام جرد يربط العهد بأوسمة (NFC) للمسح الفوري الجماعي.,إدارات المختبرات والعمليات بالجامعات والمنشآت
761,نظام رافد,الخدمات الطبية والإنسانية,يواجه الأفراد الحاضنون لمرضى غسيل الكلى المنزلي صعوبة في التخلص الآمن والقانوني من أكياس ومخلفات السوائل الحيوية الطبية الحساسة بيئياً. تطبيق ينظم مسارات شاحنات جمع النفايات الطبية المنزلية المعتمدة.,"مرضى الفشل الكلوي، العوائل، وشركات التدوير الطبي"
762,نبض الهيكل,سلامة السدود والبنية التحتية,تعاني السدود الإسمنتية من صعوبة الفحص الدوري لرصد تشكل الشروخ الجزيئية الداخلية بفعل ضغط المياه الهائل دون مخاطرة بشرية. مستشعرات ألياف ضوئية موزعة (DOFS) تزرع بجسم السد لقياس الإجهاد حياً.,"وزارة المياه، هيئات السلامة، والمهندسون الإنشائيون"
763,بصمة الفلورة,سلامة وجودة الأغذية,تواجه محامص ومستوردو المكسرات خطورة انتشار السموم الفطرية غير المرئية (Aflatoxins) في الحاويات الضخمة قبل الفرز البشري. جهاز مسح نبضي بالتحليل الطيفي الفلوري يكتشف الشحنات المصابة بدقائق.,"مستوردو الأغذية، المختبرات الجمركية، ومصانع التعبئة"
764,مرشد الطيف,تكنولوجيا الفضاء والطيران,يواجه مشغلو الأقمار الصناعية الصغيرة (CubeSats) خطر تعطل اللوحات الشمسية نتيجة ترسب جزيئات الغبار الفضائي الميكروي عليها في المدارات المنخفضة. طلاء نانو كهرومغناطيسي ينفض الغبار ذاتياً بإشارة برمجية.,مهير
765,تحليلات اللزوجة,التصنيع الغذائي والإنتاج,تعاني مصانع إنتاج الشوكولاتة والحلويات من تغير قوام المنتج النهائي نتيجة تذبذب مستويات لزوجة السائل أثناء الخلط الحراري لغياب الضبط الميكروي آلياً. مستشعرات صوتية تقيس التدفق وتتحكم بالحرارة ذاتياً.,مصانع الأغذية والحلويات ومهندسو الجودة والتشغيل
766,حارس الطرفية,الأمن السيبراني والشبكات,"تتعرض أجهزة التحول الرقمي الميدانية (كأجهزة الصراف الآلي الذاتية) لهجمات ""اختراق فيزيائي للوحة الأم"" لسرقة البيانات المخزنة. شريحة أمنية مشفرة تفجر برمجياً مفاتيح التشفير وتعدم البيانات فور رصد فتح الغطاء.","البنوك، شركات الأمن السيبراني، ومقدمو الخدمات"
767,بوابة النزاهة,الحوكمة والمنشآت المتوسطة,تواجه الشركات المتوسطة تعقيدات وتأخيراً في مراجعة وتدقيق عقود الامتياز التجاري (Franchise) للتأكد من خلوها من شروط تحتمل الاحتكار نظامياً. نظام يطابق نصوص اللوائح بـأنظمة وزارة التجارة آلياً.,"رواد الأعمال، المستثمرون، وإدارات الالتزام"
768,عدسة التجويف,الصيانة الإنشائية والمدن,تعاني جسور المشاة الخرسانية القديمة من تآكل حديد التسليح الداخلي بفعل الرطوبة دون مظهر خارجي واضح ينذر بالخطر. جهاز فحص يعتمد على الرادارات الأرضية (GPR) يمسح هيكل الجسر ويكشف الفراغات ميدانياً.,"الأمانات، البلديات، وهيئات التطوير والاتزان العمراني"
769,تواصل واثق,التقنية القانونية وعقود الفنون,تقع نزاعات بين المصممين والرسامين المستقلين والشركات حول دقة استخدام الملكية الفكرية للتصاميم الرقمية وتعديلها دون إذن قانوني. منصة توثق التصميم كأصل رقمي فريد ومحمي (NFT) لتأمين ترخيصه وعقوده.,"المصممون المستقلون، الرسامون، والشؤون القانونية"
770,إمداد مرن,سلاسل الإمداد والخدمات اللوجستية,تعاني مطاعم المأكولات البحرية من هدر وتلف الشحنات الواردة لعدم دقة التنبؤ بالطلب اليومي تزامناً مع مواسم الصيد والطقس البحري. نظام ذكي يحلل قراءات الطقس وحركة الموانئ لأتمتة طلبات التوريد الآمنة والمستدامة.,"مطاعم الأسماك، شركات التوزيع، وموردو الأغذية البحرية"
771,دليل المعامل,التعليم الطبي والتقنيات,يواجه طلاب كليات الهندسة الحيوية صعوبة في فهم ومحاكاة حركة الإشارات الكهرومغناطيسية للأعصاب والعضلات لكونها غير مرئية بالمعامل. تطبيق واقع معزز (AR) يسقط مسارات الإشارات العصبية تفاعلياً حياً.,"كليات الهندسة، الجامعات، والطلاب والمبتكرون"
772,تلخيص التشريعات,التقنية القانونية (LegalTech),يستغرق مستشارو الالتزام في شركات المقاولات وقتاً طويلاً في الفرز اليدوي لمئات الصفحات من اشتراطات كود البناء السعودي المحدث لمطابقة المخططات. أداة ذكاء اصطناعي تفحص الشروط وتستخرج الفروق بجدول مهام.,"إدارات الالتزام والمراجعة، والمهندسون المشرفون"
773,راصد المذيبات,البيئة والصحة المدنية,تعاني الأحياء القريبة من مصانع تدوير الإطارات والبوليمرات من انبعاثات مركبات (الزيلين) المتطايرة غير المرئية التي تضر بصحة السكان دون رصد. شبكة مستشعرات جيو-مكانية تبث مؤشرات جودة الهواء لحظياً للبلدية.,"البلديات، هيئات الرقابة البيئية، وسكان المدن"
774,تفتيش اللحام,البنية التحتية والطاقة النظيفة,"تواجه أنابيب نقل الهيدروجين الأخضر مخاطر حدوث شروخ ميكروية دقيقة في نقاط اللحام الجزيئي بسبب الضغط العالي، مما يهدد بالتسرب. جهاز فحص محمول يعتمد على الأمواج الفوق صوتية متعددة العناصر (PAUT).","مشغلو محطات الطاقة المتجددة، المهندسون، والمشرفون"
775,بصمة النسيج,الثقافة والاقتصاد الإبداعي,"يواجه الحرفيون المحليون صعوبة في إثبات بلد المنشأ والجودة العضوية لخيوط الصوف المستخدمة في صناعة ""السدو"" الفاخر للمشترين عبر المتاجر. وسم ذكي مسجل بالبلوكشين يربط المنتج بشهادة الجودة المعتمدة التاريخية.","الحرفيون، مصممو التراث، ومستهلكو الفنون الإبداعية"
776,مرشد الطيران,اللوجستيات الجوية والدرونز,تواجه طائرات درونز التوصيل مشكلة خطر النفاد المفاجئ للبطارية وسط المسافات الشاسعة والنائية بسبب التغير المفاجئ لسرعة الرياح المعاكسة. نظام ذكي يحلل تضاريس الأرض لإعادة تخطيط مسار العودة الآمن تلقائياً.,شركات الشحن اللوجستي الجوي ومشغلو طائرات الدرونز
777,مستشار الألياف,تقنية المعلومات والاتصالات,تعاني غرف الخوادم المركزية من انخفاض سرعة نقل البيانات نتيجة حدوث التواءات خفية داخل كوابل الألياف البصرية الممتدة خلف الجدران الإسمنتية. نظام فحص يحسب ارتداد النبضة الضوئية لتحديد مكان الالتواء بالمليمتر.,شركات كابلات الاتصالات وفنيو صيانة الشبكات
778,تأهيل الحركة,الرعاية التأهيلية والصحة الرقمية,يواجه المصابون بالضمور العضلي صعوبة وإحباطاً من التمارين المنزلية التقليدية لتقوية عضلات الساق لغياب الدقة التفاعلية المقاسة بدون طبيب. تطبيق يحول التمارين لألعاب واقع افتراضي (VR) تربط بحساسات ضغط مرنة.,"مرضى الأعصاب والعضلات، أطباء التأهيل، والمراكز"
779,بوابة الامتثال,الأمن السيبراني وحوكمة البيانات,تتعرض الأنظمة السحابية للشركات التقنية لخطر الاختراق والسرقة عبر واجهات برمجة التطبيقات (APIs) القديمة والمنسية دون حوكمة (Zombies APIs). برمجية مسح مستمر تكتشف البوابات المفتوحة وتقفل الصلاحيات آلياً.,مدراء أمن المعلومات (CISO) والشركات التقنية الناشئة
780,مرسى الصيانة,اللوجستيات والنقل البحري,يتعرض جسم السفن التجارية واليخوت السياحية للتآكل الهيكلي الخفي بفعل الملوحة والتيارات البحرية لخطورة وصعوبة الفحص البشري الدوري تحت الماء. غواصة مسيرة صغيرة (ROV) تمسح الهيكل بالموجات الصوتية الفوقية.,"الشركات الملاحية، ملاك اليخوت، وورش الصيانة البحرية"
781,بصمة العقار,التقنية العقارية,تقع عمليات احتيال عبر تزوير مستندات ملكية العقارات أو تحديث صكوك قديمة بدون علم الملاك الفعليين. يوفر النظام منصة لتوثيق الهوية الرقمية للعقار وسجل الملكية التاريخي بالكامل عبر تقنية البلوكشين.,"كتابات العدل، الوسطاء العقاريون، والملاك"
782,راصد المخلفات,الصحة البيئية,تواجه المستشفيات والمراكز الطبية تعقيدات في تتبع وضمان التخلص الآمن من النفايات الطبية الخطرة وفقاً للاشتراطات البيئية. يوفر النظام تتبعاً للحاويات الطبية عبر الباركود الذكي ومستشعرات الوزن والحرارة.,المستشفيات وشركات التخلص من النفايات الطبية
783,تذاكر الهوية,الترفيه والفعاليات,يعاني منظمو الفعاليات الرياضية الكبرى من تزوير التذاكر المطبوعة أو بيعها بأسعار فلكية في السوق السوداء. يعتمد المشروع على تذاكر رقمية مشفرة كأصول رقمية (NFT) ترتبط بالهوية الوطنية للمشتري ولا تقبل النقل إلا بضوابط المنظم.,منظمو الفعاليات الرياضية والجمهور
784,دليل المعالم,السياحة والواقع المعزز,يفتقر السياح من داخل وخارج المملكة لدليل تفاعلي يستعرض التفاصيل التاريخية والمعمارية للمعالم القديمة (مثل منطقة جدة التاريخية). يوفر التطبيق جولات سياحية تفاعلية بالواقع المعزز (AR) والقصص الصوتية.,"السياح، الزوار، والمهتمون بالتراث"
785,منصة وعي,التدريب والتوظيف التقني,يواجه الخريجون الجدد من تخصصات الذكاء الاصطناعي فجوة بين المهارات الأكاديمية والمتطلبات الفعلية لمشاريع الشركات التقنية بالسوق. توفر المنصة محاكاة لمشاريع تقنية حقيقية وتحديات برمجية لتقييم وجاهزية المتقدم.,الخريجون الجدد والشركات التقنية الناشئة
786,نبض المصنع,التصنيع الذكي,تواجه مصانع تعلب الأغذية توقفاً في خطوط الإنتاج بسبب اختلال معايرة درجات حرارة آلات التعقيم دون إنذار مسبق. يربط المشروع الآلات بنظام تعلم آلي يحلل البيانات الحرارية لحظياً للتنبؤ بالأعطال قبل حدوثها.,المصانع ومهندسو صيانة خطوط الإنتاج
787,راصد الشحن,اللوجستيات المبردة,تتعرض شحنات الأدوية الحساسة (كالإنسولين) للتلف أثناء نقلها للمستودعات الفرعية نتيجة فتح أبواب الشاحنات المتكرر دون توثيق. يوفر المشروع مستشعرات ذكية تسجل فتح الأبواب وتقلبات الحرارة على سجل مشفر.,شركات الأدوية والموزعون اللوجستيون
788,بصيرة الجداول,التعليم الشامل,يواجه الطلاب المكفوفون صعوبة في قراءة وفهم الجداول الإحصائية المعقدة المتواجدة في المناهج التعليمية الرقمية. يوفر التطبيق أداة برمجية تحلل محاور الجدول وتحولها إلى وصف صوتي ذكي يشرح العلاقات والأرقام بوضوح.,الطلاب المكفوفون والمؤسسات التعليمية
789,فاحص المواد,قطاع التعدين والصناعة,يواجه المهندسون صعوبة في فحص مدى نقاء وخلو كتل الرخام والجرانيت المستخرجة محلياً من التصدعات الداخلية قبل قصها وتجهيزها. جهاز فحص محمول يعتمد على الموجات فوق الصوتية لكشف الفراغات الهيكلية.,"محاجر الرخام، مصانع المواد الإنشائية، والمهندسون"
790,أمان السحابة,الأمن السيبراني والحوسبة,تخشى المنشآت الطبية والمالية الناشئة من رفع سجلات عملائها الحساسة للسحابة خوفاً من تسريبها بواسطة الموظفين الداخليين للمزود. يقدم المشروع تشفيراً متطوراً يتيح معالجة البيانات والبحث فيها وهي مشفرة كلياً.,"الشركات الناشئة، البنوك، والمنشآت الصحية"
791,توجيه الوفد,إدارة الحشود والفعاليات,يواجه منظمو المعارض الدولية ارتباكاً وتأخيراً في التنسيق اللحظي لحركة وفود كبار الشخصيات بين الأجنحة والقاعات المختلفة. تطبيق مشفر يربط فرق البروتوكول بالمنظمين ويعتمد على الخرائط الحية لتحديد المسار الأقل ازدحاماً.,"منظمو المؤتمرات، لجان البروتوكول، والوفود"
792,راصد المداخن,الاستدامة والرقابة البيئية,تواجه الجهات الرقابية صعوبة في التتبع اليومي والمستمر لالتزام المصانع بالحدود البيئية لانبعاثات الغازات السامة من مدخنة المصنع. يوفر النظام فحصاً طيفياً وبصرياً عبر كاميرات ذكية تحلل كثافة ونوع الأدخنة آلياً.,"هيئات الرقابة البيئية، الوزارات، والمصانع"
793,بصمة النحال,حماية المستهلك والأغذية,يواجه النحالون صعوبة في إثبات بلد المنشأ والمنحل الفعلي لمنتجات العسل الفاخر لانتشار العسل التجاري والمغشوش بالأسواق. عبوات ذكية مدمجة برمز QR مشفر بالبلوكشين يربط مباشرة بشهادة الفحص المخبري المعتمدة.,"النحالون، منتجو العسل المحلي، ومستهلكو الأغذية"
794,راصد الضوضاء,المدن الذكية والبيئة,تعاني الأحياء السكنية المجاورة للمناطق الصناعية أو الطرق الدائرية من تلوث ضوضائي مستمر يؤثر على جودة الحياة دون رصد كمي دقيق. شبكة مستشعرات صوتية جغرافية توزع بالأحياء لرصد مستويات الديسبل وبثها للبلدية.,"البلديات، أمانات المدن، وهيئات التطوير"
795,منصة وتد,التقنية القانونية العقارية,تستغرق صياغة وتدقيق عقود التطوير العقاري المشتركة (بين ملاك الأراضي والمطورين) وقتاً طويلاً لضمان حفظ الحقوق وتوزيع النسب نظامياً. منصة تولد وتدقق العقود آلياً بالذكاء الاصطناعي وفق تشريعات الهيئة العامة للعقار.,"المطورون العقاريون، وملاك الأراضي"
796,إسناد المقاول,قطاع الإنشاءات والمقاولات,تقع خلافات بين المقاولين والملاك بسبب تأخر توريد كميات الحديد والأسمنت للموقع نتيجة ضعف التنسيق مع المصانع. يقدم النظام حلاً يربط جدول الإنجاز الإنشائي الميداني بطلبات التوريد المؤتمتة مع المصانع مباشرة.,"شركات المقاولات، وموردو مواد البناء"
797,مرشد المرجان,البيئة البحرية والسياحة,تواجه المحميات البحرية صعوبة في مراقبة ظاهرة ابيضاض الشعاب المرجانية وتأثرها بتغير حرارة المياه بشرياً على مساحات شاسعة. يستخدم المشروع غواصات ذاتية القيادة مبرمجة برؤية حاسوبية لمسح الشعاب وتصنيف صحتها تلقائياً.,"الهيئات البيئية، ومراكز الأبحاث البحرية"
798,تفتيش الصوامع,الأمن الغذائي والزراعة,تعاني صوامع غلال الحبوب الضخمة من خطر فساد المخزون نتيجة تقلبات الرطوبة الداخلية أو انتشار الحشرات غير المرئية بالعين. يقدم المشروع روبوتات مسح ذكية تتغلغل داخل الحبوب مزودة بحساسات حرارية وغازية استباقية.,المؤسسة العامة للحبوب وإدارات الصوامع
799,توجيه الأحمال,الطاقة المستدامة,"تواجه المنشآت التجارية الكبرى ارتفاعاً في فواتير الكهرباء نتيجة تجاوز ""الحمل الأقصى المستهدف"" في أوقات الذروة اليومية. نظام برمجيا يحلل الاستهلاك ويقوم بفصل أو تقليل إضاءة وتكييف المرافق غير الحيوية آلياً لمنع التجاوز.",المجمعات التجارية وإدارات التشغيل
800,توطين الصوت,التقنيات اللغوية والإعلام,"تواجه منصات الألعاب والرسوم المتحركة المحلية نقصاً في محركات توليد الأصوات والشخصيات الافتراضية بلهجات سعودية طبيعية ومتنوعة (نجدي، حجازي، جنوبي). نموذج ذكاء اصطناعي توليدي مخصص لتوليد الصوت البشري بدقة.","مطورو الألعاب، شركات الإنتاج، والمسوقون"
801,راصد الصخب,المدن الذكية والبيئة,تعاني بعض الأحياء السكنية القريبة من الطرق السريعة أو الأنشطة التجارية من التلوث الضوضائي غير المرصود بدقة. يقدم المشروع شبكة مستشعرات صوتية (IoT) مخصصة لتحليل مستويات الصخب وبث البيانات للأمانات لضبط التخطيط العمراني.,"الأمانات، البلديات، وسكان المدن"
802,منصة سهم,التقنية المالية (FinTech),تواجه المشاريع المتناهية الصغر والحرفيون صعوبة في الوصول لقروض تشغيلية سريعة لقلة الضمانات التقليدية. توفر المنصة تقييماً ائتمانياً بديلاً يعتمد على حجم مبيعات المتجر الإلكتروني وسلوك العملاء لتقديم تمويل فوري.,أصحاب المشاريع المتناهية الصغر والحرفيون
803,نبض الرصيف,اللوجستيات والموانئ,"تتعرض الأرصفة البحرية في الموانئ التجارية للتآكل الإنشائي الخفي بسبب حركة السفن والأمواج، مما يهدد السلامة. يستخدم المشروع مستشعرات صوتية حرارية مدمجة بالأرصفة لرصد أي تشققات أو هبوط هيكلي مبكر.",إدارات الموانئ والشركات الملاحية
804,دليلي الذكي,السياحة والترفيه,يواجه السياح حيرة عند زيارة المدن الكبرى (كالرياض أو جدة) لعدم توفر دليل يبني خطة سياحية يومية مخصصة بالكامل لاهتماماتهم وميزانيتهم والازدحام اللحظي. محرك توصيات ذكي يبني برامج الرحلات ديناميكياً.,"السياح، الزوار، ووكالات السفر"
805,منيع التعليم,الأمن السيبراني,تتعرض المنصات التعليمية والجامعية الناشئة لهجمات تسريب بيانات الطلاب أو تعطيل الاختبارات لضعف حمايتها الافتراضية. يوفر المشروع نظام حماية سحابياً خفيف الوزن مخصصاً للمؤسسات التعليمية لصد الهجمات آلياً.,"المدارس الأهلية، الجامعات، والمنصات التعليمية"
806,حصاد الغيمة,الاستدامة المائية,تفرز مكيفات الهواء في الأبراج والمجمعات الضخمة كميات هائلة من مياه التكثيف الصالحة للاستخدام والتي تذهب هباءً للصرف. يقدم المشروع منظومة ذكية لتجميع هذه المياه وفحص نقائها وإعادة توجيهها لري المساحات الخضراء.,"إدارة الأبراج، المجمعات التجارية، والبلديات"
807,تنبؤ الحقل,الزراعة الذكية,يواجه مزارعو الحمضيات والفواكه صعوبة في تحديد اليوم المثالي للحصاد لضمان أعلى نسبة سكر وجودة للمحصول قبل شحنه. تطبيق يحلل صور الثمار ودرجات الحرارة عبر طيف بؤري للتنبؤ بموعد القطف الأمثل.,أصحاب المزارع ومستودعات التبريد
808,مسار المواد,النقل واللوجستيات الخطرة,تشكل شاحنات نقل المواد الكيميائية خطورة بالغة عند تعرضها لارتجاجات قوية أو ارتفاع في حرارة الصهريج دون علم السائق. نظام مستشعرات يركب بالصهريج يراقب الغازات والاتزان ويبث البيانات لغرفة العمليات.,"شركات النفط، الكيماويات، والدفاع المدني"
809,إسناد التحويل,الرعاية الصحية والمستشفيات,تستغرق مراجعة وتدقيق التقارير الطبية للمرضى المحولين بين المستشفيات وقتاً طويلاً لتأكد من توفر السرير التخصصي المناسب. نظام ذكي يفرز الملفات الطبية ويطابقها بالطاقة الاستيعابية للأقسام آلياً.,"المستشفيات، المراكز الطبية، ووزارة الصحة"
810,توأم العقار,التقنية العقارية,"يواجه مشتري العقارات الجاهزة تخوفاً من وجود عيوب خفية في العزل أو التمديدات الداخلية للجدران بعد الشراء. منصة توفر مسحاً حرارياً وبصرياً للعقار لتوليد ""توأم رقمي"" (Digital Twin) يوضح حالة المبنى الداخلية الشاملة.","المشترون، الملاك، وشركات الفحص العقاري"
811,كود النزاهة,الحوكمة والامتثال,تواجه الشركات تعقيدات في الفحص اليدوي لطلبات المشتريات للتأكد من خلوها من شبهات تعارض المصالح أو التلاعب بالأسعار من الموردين. خوارزمية ذكية تحلل سجل الموردين وتربط الملكيات لكشف الشبهات برمجياً.,إدارات الحوكمة والمراجعة الداخلية بالشركات
812,إيفاء الرقمي,التقنية القانونية (LegalTech),تستغرق تسوية المنازعات التجارية الصغيرة بين الأفراد والمتاجر وقتاً طويلاً وتكلفة مالية عند اللجوء للقضاء. منصة توفر غرفاً تفاعلية للوساطة والتحكيم الرقمي بالكامل مدعومة بمساعد يحلل الدلائل ويقترح حلولاً تسوية عادلة.,"المتاجر الإلكترونية، المستهلكون، والقانونيون"
813,بوابة الفن,الاقتصاد الثقافي والإبداعي,يجد صانعو القطع الفنية التراثية صعوبة في حماية حقوق تصاميمهم من التقليد أو البيع التجاري دون إذنهم. منصة توثق التصميم الفني كأصل رقمي فريد ومحمي (NFT) لتأمين بيعه أو ترخيصه للمصانع المحلية.,"الحرفيون، المصممون، ودور النشر الثقافية"
814,توازن الطاقة,الطاقة المتجددة,تواجه المنشآت التي تستخدم الألواح الشمسية صعوبة في التبديل الآلي بين طاقة الشمس وطاقة الشبكة العامة بناءً على استهلاك الأجهزة والتعرفة اللحظية. نظام تحكم برمجياً يحلل الحمل ويوجه الطاقة ذاتياً للتوفير.,"المصانع، المنشآت التجارية، والمباني الخضراء"
815,منصة مهير,التدريب والتوظيف التقني,تواجه معاهد التعليم الفني صعوبة في تقييم المهارات اليدوية الدقيقة للمتدربين (كاللحام أو صيانة اللوحات الإلكترونية) عن بعد. يوفر المشروع بيئة تقييم بالواقع الممتد (XR) تحاكي المهام وتقيس دقة الأداء.,"كليات التقنية، مراكز التدريب، والمتدربون"
816,راصد الأحياء,الثروة الحيوانية والبيئة,تواجه المحميات الطبيعية صعوبة في تتبع الحالة الصحية للحيوانات الفطرية النادرة (كالمها العربي) ورصد إصابتها بالأمراض قبل انتشارها. يستخدم المشروع طائرات درونز حرارية لرصد التغيرات في درجة حرارة أجسام القطعان.,إدارات المحميات الطبيعية والجهات البيئية
817,شحن المرفأ,اللوجستيات البحرية,تعاني الموانئ من تأخر تفريغ سفن الحاويات بسبب عشوائية جدولة وصول قاطرات النقل الداخلي بالميناء. يقدم المشروع نظام ملاحة داخلي ديناميكي يوجه القاطرات آلياً للبوابة الأكثر جاهزية للتفريغ لحظياً.,شركات تشغيل الموانئ وسلاسل الإمداد
818,تحليلات النشر,الإعلام والثقافة,تفتقر منصات المحتوى والصحف الرقمية لأدوات ذكية تتنبأ بمدى ملاءمة صياغة المقالات لمستويات القراءة لدى الفئات العمرية المختلفة محلياً. أداة تحليل لغوي تحسب مؤشر صعوبة النص العربي واقتراح البدائل.,"دور النشر، كتاب المحتوى، والمؤسسات الإعلامية"
819,بصمة النقاء,جودة وسلامة الأغذية,تواجه مصانع تعبئة المياه والمشروبات صعوبة في الرصد اللحظي الدقيق لتغير نسب الأملاح أو التلوث الميكروبي في الخزانات الضخمة قبل التعبئة. منظومة مستشعرات ضوئية كيميائية تقيس النقاء وتبث البيانات لحظياً.,مصانع الأغذية والمشروبات ومفتشو الجودة
820,عالمي التوافقي,رعاية الطفولة والدمج,يواجه الأطفال المصابون بمتلازمة داون صعوبة في تطوير المهارات الحركية الدقيقة (كالرسم والكتابة) لغياب الألعاب التعليمية المحفزة. تطبيق ألعاب يستخدم كاميرا الجوال لمتابعة حركة يد الطفل وتوجيهه حركياً وبصرياً.,"الأطفال ذوو متلازمة داون، مراكز التأهيل، والأهالي"
821,تأهيل الحركة,الرعاية التأهيلية والطبية,يتكاسل مرضى الشلل الرعاش أو بعد الجلطات عن متابعة التمارين الحركية بالمنزل لغياب التوجيه الطبي المقاس. تطبيق ألعاب تفاعلي يستخدم كاميرا الجوال لمتابعة زوايا حركة المفاصل وتقديم تقييم فوري ونقاط إنجاز.,مرضى إعادة التأهيل وأطباء العلاج الطبيعي
822,بوابة المورد,تقنيات الشركات وسلاسل الإمداد,تقع نزاعات بين الشركات والموردين حول تعديل أسعار التوريد يدوياً أو التلاعب ببنود التسليم بعد الاتفاق. نظام يعتمد على البلوكشين لتوقيع وتوثيق عقود التوريد لضمان الشفافية الكاملة والسرية ومنع التعديل.,"الشركات الكبرى، الموردون، والمستشارون"
823,محاكاة الفلك,التعليم والتطوير العلمي,يفتقر الطلاب الشغوفون بالفضاء إلى بيئات تفاعلية عملية تحاكي تشغيل المركبات الفضائية والأقمار الصناعية لتأهيلهم للقطاع. بيئة افتراضية (VR) تحاكي العمل في مختبرات الفضاء وإجراء الأبحاث العلمية والبرمجية.,"الطلاب، الباحثون، والمهتمون بقطاع الفضاء"
824,فرز الخردة,تدوير النفايات والصناعة,تواجه مصانع تدوير السكراب بطءاً وهدراً بشرياً في فرز النحاس والألمنيوم والحديد يدوياً من النفايات المعدنية الكبيرة. نظام يعتمد على التعرف البصري بالذكاء الاصطناعي وحساسات الحث المغناطيسي للفرز الآلي السريع.,مصانع إعادة التدوير وتجار الخردة والمعادن
825,سترة السلامة,الأمن الصناعي والمهني,يتعرض عمال البناء والمصانع الشاسعة لخطر السقوط المفاجئ من مرتفعات أو الإغماء دون علم المشرف الفوري لإنقاذهم. سترة ميدانية مزودة بحساسات اتزان ومؤشرات حيوية تبث استغاثة فورية لغرفة العمليات.,شركات المقاولات والمنشآت الصناعية الكبرى
826,طوافي الديناميكي,تقنيات الحج والعمرة,يواجه الحجاج صعوبة في الالتزام بجداول ومسارات التفويج المحددة لحملاتهم بالمشاعر لعدم توفر تنبيهات جغرافية فورية. سوار ذكي يعتمد على البلوتوث منخفض الطاقة يوجه الحاج ويرسل تنبيهات الجدول الزمني.,"الحجاج، شركات الطوافة، ووزارة الحج"
827,مسار الشاحنات,النقل واللوجستيات الخطرة,تشكل شاحنات نقل المواد القابلة للاشتعال خطورة عند مرورها بالطرق المزدحمة أو الأنفاق غير المهيأة لأوزانها. محرك خرائط ذكي يحسب مسارات آمنة تتجنب الكثافة السكانية والأنفاق الممنوعة للشاحنات.,"شركات النفط والغاز، المرور، واللوجستيات"
828,منصة بصير,التعليم الشامل والدمج الرقمي,يواجه الطلاب المكفوفون حجزاً تعليمياً عند محاولة فهم الرسوم البيانية والجداول الإحصائية المعقدة المتواجدة في المناهج. تطبيق يحول الرسوم إلى ملفات هندسية قابلة للطباعة ثلاثية الأبعاد كمجسمات بارزة للمس.,الطلاب المكفوفون والمؤسسات التعليمية
829,فاحص الوقود,المركبات والنقل المستدام,تواجه شركات النقل خطورة تعرض محركات أساطيلها للتلف نتيجة تعبئة وقود مخلوط بالماء أو الشوائب في محطات غير ملتزمة. جهاز صغير يركب بالخزان يراقب نقاء البنزين ويحذر السائق لحظياً قبل وصوله للمحرك.,"أصحاب السيارات، شركات النقل، ومحطات الوقود"
830,مرشد الطهاة,قطاع الضيافة,تواجه الفنادق والمطاعم الكبرى هدراً في المكونات الغذائية بسبب عدم دقة تعديل مقادير الوصفات يدوياً عند تغير عدد الضيوف فجأة. يقدم المشروع نظام مطبخ ذكياً يضبط المقادير ويرتبط بالمخزون والمشتريات آلياً.,"الفنادق، قاعات الفعاليات، والطهاة المحترفون"
831,عدسة العلاج,الرعاية الطبية وصرف الدواء,يواجه الكادر التمريضي بالمستشفيات خطورة خلط جرعات الأدوية للمنومين نتيجة تشابه أسماء المرضى أو العبوات. نظام مسح بصري يطابق سوار المعصم الرقمي للمريض بعبوة الدواء المخصصة له برمجياً قبل الصرف لضمان الأمان.,"الممرضون، الأطباء، وإدارات السلامة بالمستشفيات"
832,تحليلات الحافلات,المدن الذكية وإدارة الحشود,تعاني إدارات تشغيل النقل العام الترددي في مواسم الفعاليات من هدر الرحلات الفارغة أو تكدس الركاب بالمحطات. نظام يحلل كاميرات المحطات لتقدير أعداد المنتظرين وتوجيه الحافلات ديناميكياً لتغطية النقص.,مشغلو أساطيل الحافلات ومنظمو الفعاليات
833,بوابة العروض,سلاسل الإمداد للشركات,تواجه الشركات المتوسطة تعقيدات في فرز ومقارنة مئات عروض الأسعار والمواصفات الفنية المقدمة من الموردين يدوياً لمشاريعها. منصة تعتمد على معالجة اللغات الطبيعية لفرز العروض وترتيبها حسب الأفضلية.,مدراء المشتريات بالشركات والمنشآت المتوسطة
834,راصد التلوّث,البيئة والصحة المدنية,تعاني الأحياء المجاورة للمناطق الصناعية من انبعاثات غازية ليلية غير مرصودة بدقة تؤثر على جودة الهواء وصحة السكان. شبكة مستشعرات جيو-مكانية توزع بالأحياء لرصد جودة الهواء وبث القراءات حية للبلدية.,"البلديات، هيئات البيئة، وسكان المدن"
835,تأجير مرن,التشارك الاقتصادي والتقني,يواجه أصحاب المزارع الناشئة صعوبة وتكلفة عالية في شراء المعدات الزراعية المتخصصة والنادرة (كآلات حصاد التمور) لاستخدامها أياماً معدودة. تطبيق يتيح تأجير المعدات الثقيلة بين المزارعين بأمان وعقود موثقة.,"أصحاب المزارع، المستثمرون، وشركات المعدات"
836,مسار الركاب,خدمات الطيران والمطارات,يواجه المسافرون من ذوي الاحتياجات الخاصة فترات انتظار وتأخير بالمطارات لعدم التنسيق المسبق واللحظي لوصولهم مع الكراسي المخصصة والدعم. يوفر التطبيق تتبعاً حياً وجدولة لخدمات الدعم بالمطار لضمان الجاهزية.,المسافرون ذوو الاحتياجات الخاصة وإدارات المطار
837,وزن شاحنتك,اللوجستيات والنقل البري,تتعرض الطرق السريعة للتلف نتيجة مرور شاحنات نقل المواد الإنشائية بأوزان تتجاوز الحد المسموح به دون علم السائق الدقيق قبل الانطلاق. جهاز قياس يركب بنظام التعليق للشاحنة يحلل الوزن ويبثه على جوال السائق.,"سائقو الشاحنات، شركات النقل، ووزارة النقل"
838,تحليلات اللياقة,الرياضة المجتمعية والصحة,تفتقر أندية ومجموعات الدراجات الهوائية المجتمعية لأدوات تحلل الأداء البدني الجماعي للأعضاء وتحدد مسارات الطرق الأقل خطورة ووعورة. تطبيق يدمج بيانات الساعات الذكية للمجموعة لتوليد مسارات آمنة وتحديات لياقة مخصصة.,مجموعات الدراجات الهواة وأندية الرياضة
839,أمن البيانات,الحوسبة السحابية وحماية البيانات,تتخوف المنشآت المالية والتقنية الناشئة من رفع بيانات عملائها الحساسة للسحابة خوفاً من الاختراقات أو التفتيش الخارجي غير المصرح. يقدم المشروع تشفيراً متطوراً يتيح معالجة البيانات والبحث فيها وهي مشفرة كلياً بالخوادم.,"الشركات الناشئة، البنوك، والمنشآت التقنية"
840,فاحص التمور,فرز الأغذية آلياً والزراعة,يستغرق فرز التمور وتصنيف جودتها وحجمها يدوياً في مصانع التعبئة وقتاً طويلاً يعيق تلبية طلبات التصدير العالمية الضخمة في مواسم الحصاد. يعتمد المشروع على رؤية الحاسوب والذكاء الاصطناعي لفرز التمور حسب الحجم واللون والعيوب آلياً.,"مصانع تعبئة التمور، المزارعون، والمصدرون"
841,بناء مرن,تكنولوجيا المقاولات والسلامة,تفتقر مواقع الإنشاءات لوسائل آلية تتحقق من التزام العمال بارتداء أدوات السلامة (الخوذة والسترة الفسفورية) بانتظام وسط الساحات الكبيرة. يعتمد النظام على تحليل كاميرات الموقع برؤية الحاسوب لإرسال تنبيهات فورية للمشرف.,"شركات المقاولات، مهندسو الموقع، ومسؤولو السلامة"
842,طاقة الغد,الطاقة النظيفة والاستدامة,تعاني المجمعات السكنية الحديثة من صعوبة حساب العائد الاستثماري الدقيق لتركيب الألواح الشمسية وتوزيع الطاقة الفائضة للشبكة. يقدم التطبيق محاكاة رقمية تحلل مساحة الأسطح ومعدل السطوع الشمسي التاريخي لتقدير الإنتاج.,"المجمعات السكنية، المطورون العقاريون، والملاك"
843,رائد الصغير,الثقافة المالية للطفل,يفتقر الأطفال واليافعون لأدوات تفاعلية عملية وعربية لتعلم مبادئ الادخار الذكي والاستثمار المالي البسيط بشكل يتوافق مع قيم المجتمع. تطبيق يعتمد على تقنيات الألعاب لإدارة ميزانيات تخيلية تحت إشراف الأبوين.,الأطفال من سن 8-15 سنة وأولياء الأمور
844,مسار الشحن,إدارة الأساطيل واللوجستيات,تواجه شركات الشحن البري خسائر مالية بسبب عدم كفاءة توزيع الحمولات والأوزان داخل الشاحنات مما يزيد من استهلاك الوقود وتلف الإطارات. يستخدم النظام مستشعرات وزن ذكية مع خوارزمية لتوزيع الحمولة هندسياً.,"شركات الشحن، اللوجستيات، وسلاسل الإمداد"
845,منصة وتد,التقنية القانونية وإدارة الأعمال,تجد المنشآت والشركات الناشئة صعوبة وتكلفة مالية عالية في صياغة اتفاقيات سرية البيانات وحقوق الملكية الفكرية مع الشركاء الخارجيين. تقدم المنصة مولداً ذكياً للعقود القياسية باللغة العربية متوافقاً مع الأنظمة المحدثة بالمملكة.,"رواد الأعمال، المؤسسات الناشئة، والقانونيون"
846,إرواء ذكي,الزراعة الحديثة والبيئة,تعاني مزارع الورد بالطائف والوجهات الزراعية الحساسة من تلف المحاصيل أو هدر المياه نتيجة تقلبات رطوبة التربة غير المتابعة بدقة. يوفر المشروع شبكة مستشعرات لاسلكية (LoRaWAN) تقيس مغذيات التربة وتتحكم بالري ميكروياً.,مزارعو النباتات والورود الفاخرة وأصحاب المزارع
847,مرشد المغامرة,السياحة والترفيه الميداني,يواجه محبو رحلات السفاري والتخييم بالصحراء مخاطر الضياع أو تعطل المركبات عند انقطاع شبكات الاتصال الخلوية في الأماكن النائية. يقدم التطبيق نظام ملاحة يعتمد على تكنولوجيا الشبكات المشجورة (Mesh) للتواصل بدون إنترنت.,"هواة الرحلات البرية، التخييم، والمجموعات السياحية"
848,بيان الطبي,الرعاية الصحية والطبية,يجد المرضى صعوبة في الالتزام بمواعيد الأدوية المتعددة وفهم تعارضاتها مع الأطعمة نتيجة ركاكة وصغر خط الإرشادات الورقية للعلب. يقدم التطبيق مساعداً صوتياً تفاعلياً يذكر المريض بجرعته ويشرح المحاذير بلهجة عربية مبسطة.,"كبار السن، مرضى الأمراض المزمنة، والصيادلة"
849,بناء آمن,السلامة المهنية وأمن المنشآت,تفتقر مواقع الإنشاءات لوسائل آلية ترصد دخول العمال غير المصرحين إلى المناطق عالية الخطورة (مثل أسفل الرافعات أو الفتحات الإنشائية غير المسورة). يعتمد النظام على الكاميرات الميدانية ورؤية الحاسوب لإطلاق صفارات إنذار.,"شركات المقاولات، مدراء المشاريع، ومسؤولو السلامة"
850,عقاري الرقمي,التقنية العقارية والاستثمار,تستغرق إجراءات الفحص النافي للجهالة قبل شراء العقارات التجارية والتأكد من رخص البناء والرهونات والنزاعات التاريخية وقتاً طويلاً. تجمع المنصة كافة البيانات التاريخية للعقار عبر سجل رقمي موحد وموثق لضمان الشفافية.,"المشترون، المستثمرون، والوسطاء العقاريون"
851,منصة مكسب,قطاع الطيران والسياحة,يواجه المسافرون خسائر مالية عند إلغاء رحلاتهم بسبب شراء تذاكر طيران غير قابلة للاسترداد. توفر المنصة سوقاً وسيطاً آمناً لإعادة بيع التذاكر ونقل ملكيتها لمسافرين آخرين بأسعار مخفضة وبتكامل مع شركات الطيران.,المسافرون وشركات الطيران
852,سند الإيجار,التقنية المالية (FinTech),"يواجه المستأجرون الأفراد ضغوطاً مالية عند حلول دفعات الإيجار العقاري السنوية أو النصف سنوية الضخمة. يقدم التطبيق حلول تمويل مصغر تتيح دفع الإيجار للمالك كاملاً، وتقسيطه على المستأجر شهرياً بشكل ميسر.",المستأجرون الأفراد والملاك
853,نظام حصيف,التقنية القانونية وحوكمة الشركات,تتعرض بعض الشركات لمخاطر الاحتيال أو التغيرات المفاجئة غير المصرحة في بنود سجلاتها التجارية وملكية الحصص. يوفر النظام مراقبة آلية وتنبيهات فورية عند حدوث أي تعديل في البيانات الرسمية للمنشأة.,رواد الأعمال ومسؤولو الامتثال بالشركات
854,منصة منبع,الاستدامة والأمن المائي,تعاني المنشآت والمصانع الكبرى من هدر غير مكتشف في خطوط تبريد المياه الصناعية مما يسبب خسائر مائية ومالية. يقدم المشروع شبكة مستشعرات تدفق (IoT) ذكية تحلل الشذوذ في الضغط لرصد مكان التسريب بدقة.,المصانع والمنشآت الصناعية الكبرى
855,خطوة واثقة,الصحة الرقمية والرعاية,يواجه مرضى التصلب اللويحي (MS) صعوبة في التقييم اليومي والمستمر لمدى تطور توازنهم وحركتهم لمشاركتها مع الطبيب. تطبيق يحلل نمط المشي والاتزان عبر مستشعرات الجوال الداخلية لتوليد تقارير طبية دقيقة.,مرضى التصلب اللويحي وأطباء الأعصاب
856,تعدين الإلكترونيات,تدوير النفايات والاستدامة,تتراكم النفايات الإلكترونية (كاللوحات الأم للهواتف والحواسب) ويتم التخلص منها بطرق تضر البيئة رغم احتوائها على معادن ثمينة. نظام يعتمد على التعلم الآلي لفرز القطع واستخلاص الذهب والنحاس بأمان كيميائي.,شركات تدوير النفايات والمنشآت التقنية
857,تطبيق جاهزية,قطاع النفط والطاقة,تواجه المنشآت النفطية خطورة انقطاع خطوط اتصالات الطوارئ اللاسلكية في المواقع الحساسة دون علم مسبق. يقوم النظام بمحاكاة واختبار دوري مؤتمت لجاهزية شبكات الطوارئ وإرسال تقارير سلامة فورية.,شركات الغاز والنفط ومسؤولو السلامة
858,بصمة الخط,الأمن السيبراني والتوثيق,تقع عمليات تزوير للتوقيعات اليدوية على المعاملات الورقية والمستندات الرسمية لضعف أدوات التحقق البشري السريع. يوفر التطبيق نظام فحص يعتمد على الذكاء الاصطناعي يحلل زوايا وضغط الخط للتحقق من الموثوقية.,"البنوك، مكاتب المحاماة، والجهات الإدارية"
859,مسار اللحوم,سلامة الأغذية وسلاسل الإمداد,يفتقر المستهلكون والمطاعم لآلية موثوقة تضمن جودة ومصدر اللحوم الطازجة وفترة ذبحها الفعلية بالمسالخ. سجل رقمي مشفر (Blockchain) يتبع رحلة اللحوم منذ الذبح والفحص البيطري وحتى وصولها للمستهلك.,"المطاعم، الملاحم، ومستهلكو الأغذية"
860,عزل المستودع,الأمن الغذائي والزراعة,تتعرض صوامع ومستودعات تخزين الحبوب الاستراتيجية لخسائر تلف المحاصيل بسبب تقلبات الرطوبة وغازات العفن غير المرئية. نظام يعتمد على حساسات غازية وكيميائية متطورة تتنبأ ببداية تلف المخزون قبل ظهوره.,المؤسسة العامة للحبوب وإدارات المستودعات
861,ترجمان الفلكلور,الثقافة والفنون التوليدية,"تواجه الأجيال الجديدة والمهتمون بالتراث صعوبة في فهم أبعاد الحكايات الشعبية واللهجات السعودية القديمة. أداة تعتمد على النماذج اللغوية الكبيرة لأرشفة، تبسيط، وترجمة الموروث الشفهي للغات العالمية بدقة ثقافية.","وزارة الثقافة، الباحثون، والسياح"
862,أمان الميناء,البيئة البحرية واللوجستيات,تواجه الشواطئ والموانئ صعوبة في الرصد الفوري لبقع التلوث الزيتي المتناهية الصغر حول السفن التجارية. يستخدم المشروع طائرات درونز ذاتية القيادة مبرمجة بالتصوير الطيفي لرصد الملوثات الميكروية فوراً.,إدارات الموانئ وهيئات حماية البيئة
863,مستشار العطاء,المسؤولية الاجتماعية والزراعة,يجد ملاك المزارع ومربو الماشية صعوبة في تنظيم واحتساب زكاة الأنعام والتمور وتوصيلها للمستحقين الفعليين. تطبيق يحسب الزكاة برمجياً ويربط المزكي بالجمعيات الأهلية المعتمدة في نفس النطاق الجغرافي.,"مربو الماشية، أصحاب المزارع، والجمعيات"
864,اتزان الشاحنة,أمن الطرق واللوجستيات,تتعرض الشاحنات الثقيلة لخطورة الانقلاب أثناء عبور المنعطفات الجبلية الحادة (كعقبات الجنوب) بسبب اختلال توزيع الأحمال. نظام مستشعرات يحلل مركز ثقل الشاحنة لحظياً ويحذر السائق قبل الوصول للمنعطف.,سائقو الشاحنات الثقيلة وشركات النقل البري
865,تمويل المشتريات,الاستثمار الجماعي والشركات,تواجه المصانع الصغيرة والمتوسطة صعوبة في تأمين السيولة النقدية لشراء المواد الخام لتلبية العقود الكبيرة. منصة تمويل جماعي تتيح للأفراد تمويل شراء المواد الخام بضمان أوامر الشراء المعتمدة من العملاء.,المصانع الصغيرة والمتوسطة والمستثمرون
866,راصد الضريبة,التقنية المالية والحوكمة,"تستغرق مراجعة وتدقيق الفواتير يدوياً في الشركات وقتاً طويل للتأكد من امتثالها لضريبة القيمة المضافة واحتساب الاسترداد بدقة. نظام ذكي يقوم بمسح، فحص، ومطابقة الفواتير بمتطلبات هيئة الزكاة والضريبة آلياً.",المحاسبون وإدارات الامتثال المالي بالشركات
867,صيانة التكييف,إدارة المرافق وكفاءة الطاقة,تعاني الأبراج والمجمعات من التوقف المفاجئ لأنظمة التكييف المركزي (Compressors) نتيجة غياب الصيانة التنبؤية الصوتية. نظام يحلل التغير في ترددات صوت طنين الضاغط للكشف عن الأعطال الميكانيكية قبل حدوثها.,شركات الصيانة وإدارات تشغيل المباني
868,منصة إدماج,التقنيات التعليمية والدمج,يواجه الأطفال ذوو صعوبات التعلم (كالتشتت أو بطء القراءة) فجوة في الاستيعاب عبر المناهج التقليدية الثابتة. منصة تحول المناهج لقصص تفاعلية ثلاثية الأبعاد (3D) تتغير ديناميكياً لتناسب وتيرة استيعاب الطفل.,"الأطفال ذوو صعوبات التعلم، المدارس، والأهالي"
869,تأمين السفر الذكي,تقنيات التأمين (InsurTech),"تستغرق إجراءات تقديم مطالبات التعويض عن تأخر أو إلغاء الرحلات الجوية وقتاً ومعاملات ورقية طويلة. يقدم المشروع عقوداً ذكية ترتبط ببيانات الطيران الرسمية، وتقوم بصرف التعويض للمسافر فورياً عند التأخير.",شركات التأمين والمسافرون عبر الخطوط الجوية
870,مخزون مرن,اللوجستيات وسلاسل الإمداد,"تعاني شركات الأغذية من هدر مساحات التبريد الشاغرة في مستودعاتها، بينما تواجه شركات أخرى نقصاً في المواسم. منصة تشارك اقتصادي تتيح للمنشآت تأجير المساحات التبريدية الفائضة بشكل مرن ومؤقت.",شركات الأغذية والمشروبات ومدراء المستودعات
871,راصد السدود,البنية التحتية والسلامة,يصعب فحص ورصد التشققات الهيكلية الدقيقة في جدران السدود الخرسانية الشاسعة بشرياً وبشكل دوري آمن. يعتمد المشروع على طائرات مسيرة (Drones) مبرمجة بخوارزميات مسح بصري ثلاثي الأبعاد لرصد أدنى انحراف إيجاري.,وزارة المياه والبيئة والمهندسون الإنشائيون
872,مسار السياح,السياحة والترفيه البري,يواجه هواة الرحلات البرية والاستكشاف خطر الضياع عند انقطاع شبكات الاتصال الخلوية في الصحاري الشاسعة. تطبيق يوفر شبكة ملاحة وتوجيه جيو-مكانية تعتمد على موجات الراديو القصيرة والتواصل المباشر بين المجموعات.,هواة الرحلات البرية وسياح الاستكشاف
873,فرز التمور الفاخرة,الزراعة الذكية والأغذية,يواجه مصدرو التمور صعوبة في تصنيف نقاء التمور من الداخل (خلوها من جفاف النواة) يدوياً وبسرعة دون إتلافها. نظام فرز آلي على خطوط الإنتاج يعتمد على الأشعة السينية النبضية والتعلم الآلي للتصنيف.,مصانع تعبئة التمور والمزارعون المصدرون
874,جرعتي الآمنة,رعاية ودعم المكفوفين,يواجه المرضى المكفوفون خطورة خلط الأدوية أو تناول جرعات خاطئة عند تواجدهم بمفردهم لعدم وضوح العلب. تطبيق يتيح للمكفوفين مسح علبة الدواء بجوالهم ليقوم المساعد الصوتي بقراءة الجرعة والاسم بدقة بليغة.,المكفوفون وضعاف البصر والصيادلة
875,حوكمة الصلاحيات,الأمن السيبراني وحوكمة الشركات,تتسبب الحسابات غير النشطة أو بقاء صلاحيات الموظفين المنتقلين بين الأقسام في ثغرات أمنية خطيرة داخل الشركات. نظام مسح مؤتمت يحلل سلوك الشبكة ويقفل الصلاحيات الزائدة أو المنسية تلقائياً.,مدراء تقنية المعلومات وأمن المعلومات بالشركات
876,إرث الموسيقى,الثقافة والفنون الرقمية,يفتقر الأكاديميون والمهتمون بالموسيقى لتوثيق رقمي دقيق يحمي المقامات والإيقاعات الفلكلورية السعودية من الاندثار. يقوم المشروع بتحليل التسجيلات القديمة وتدوينها نوتياً وموسيقياً بالذكاء الاصطناعي.,"هيئة الموسيقى، الباحثون، وصناع الفنون"
877,رادار الأسعار,حماية المستهلك وخدمات المركبات,يواجه أصحاب السيارات تفاوتاً ضخماً واستغلالاً في أسعار قطع غيار السيارات بين الوكالات والمحلات التجزئة. يتيح التطبيق مقارنة حية لتكلفة القطعة المطلوبة برقم الهيكل وتوجيه المستخدم للأوفر والموثوق.,ملاك السيارات وسائقو المركبات
878,ملابس الإطفاء,السلامة المهنية والطوارئ,"يواجه رجال الإطفاء مخاطر الاختناق بالغازات السامة أو التعرض لدرجات حرارة قاتلة داخل المباني دون علم غرفة القيادة. سترة ميدانية مدمجة بألياف ذكية تقيس الغازات، النبض، والحرارة المحيطة لبثها بلحظتها.",الدفاع المدني ورجال الإطفاء في الميدان
879,مواقف الشحن,المدن الذكية واللوجستيات,تعاني مناطق التحميل والتفريغ بالمجمعات التجارية الكبرى من اختناقات مرورية وتكدس الشاحنات لغياب التنظيم اللحظي. يوفر التطبيق نظام جدولة وحجز مواعيد مسبقة للشاحنات لضمان التدفق السلس بالموقع.,شركات الشحن والتوصيل وإدارات المجمعات
880,تحليل الرأي العام,العمليات البلدية والمدن,تواجه الأمانات صعوبة في فرز وتحليل مئات آلاف التعليقات والآراء حول الخدمات البلدية في الشبكات الاجتماعية لاختلاف اللهجات. محرك ذكي يحلل المشاعر يدعم كافة اللهجات السعودية الدارجة لتقديم تقارير أداء دقيقة.,"الأمانات، البلديات، وإدارات التخطيط المدني"
881,تأجير الأدوات,التشارك الاقتصادي والإعلام,يواجه المصورون وصناع الأفلام الناشئون صعوبة وتكلفة باهظة في استئجار الكاميرات والمعدات السينمائية النادرة لأيام معدودة. منصة توفر سوقاً موثوقاً للتأجير بين المحترفين تضمن التحقق من الهوية وعقود تأمين تلقائية.,"صناع الأفلام، المصورون، وشركات المعدات"
882,راصد السكك,النقل واللوجستيات والمدن,يتسبب زحف الرمال على السكك الحديدية لقطارات الركاب والشحن في مخاطر حوادث أو تأخير الرحلات دون إنذار استباقي. يحلل النظام صور الأقمار الصناعية وحركة الرياح للتنبؤ بتراكم الرمال وتنبيه فرق الصيانة فوراً.,شركة سار (SAR) وفرق صيانة السكك الحديدية
883,وقاية النخيل,الزراعة الذكية وحماية البيئة,تسبب سوسة النخيل الحمراء تلف الأشجار من الداخل وتصعب معالجتها عند اكتشافها متأخراً بالعين المجردة. نظام يعتمد على مستشعرات غازية دقيقة تزرع بالجذع لقياس المركبات الكيميائية التي تفرزها اليرقات مبكراً.,أصحاب مزارع النخيل والجهات الزراعية
884,محاكاة الصيانة,التعليم الفني والتدريب المهني,يواجه متدربو صيانة الطائرات أو الآلات الصناعية المعقدة مخاطر وصعوبة في التدريب الميداني المباشر قبل تمكنهم من المهارة. يوفر التطبيق بيئة افتراضية (VR) تحاكي تفكيك وصيانة المحركات الضخمة بأمان وتفاعلية كاملة.,"كليات الهندسة، المعاهد الفنية، والمتدربون"
885,ملاحة المؤتمرات,قطاع الفعاليات والمعارض,يضيع زوار المعارض والمؤتمرات الدولية الضخمة وقتاً في البحث والوصول لأجنحة الشركات (Booths) لغياب الخرائط الداخلية الحية. تطبيق يوفر خرائط داخلية دقيقة تعتمد على مستشعرات البلوتوث (Beacons) لتوجيه الزائر.,منظمو المعارض والمؤتمرات والزوار
886,مؤشر الرضا,الموارد البشرية وإدارة الشركات,تعاني الشركات من انخفاض إنتاجية الموظفين نتيجة ضغوط العمل المستمرة والاحتراق الوظيفي غير المرصود للإدارة. يقدم التطبيق استبيانات نبضية قصيرة جداً وتحليلاً مجهول الهوية لمستويات الضغط لتقديم توصيات إدارية.,الشركات وإدارات الموارد البشرية
887,تثمين الأراضي,التقنية العقارية والاستثمار,"يعتمد تقييم وتثمين الأراضي البيضاء على تخمينات شخصية تفتقر للبيانات الدقيقة عن السوق ومستقبل المنطقة. يقدم المشروع محرك تثمين يحلل الصفقات الفعلية جغرافياً، ومخططات التطوير العمراني المعلنة لتقدير السعر.",المثمنون العقاريون والمستثمرون والملاك
888,ملابس الميدان,الأمن الصناعي والمهني,تواجه القطاعات الأمنية أو الصناعية خطورة تعرض رجال الميدان للإجهاد الحراري أو الدوار المفاجئ وسط الظروف المناخية القاسية. ملابس ميدانية مزودة بألياف ذكية تقيس العلامات الحيوية والتنفس لبثها لغرف التحكم.,"القطاعات الميدانية، الدفاع المدني، والمصانع"
889,التوظيف المؤقت,إدارة الحشود والفعاليات,"تواجه مواسم الفعاليات السياحية (كمواسم الرياض أو جِدة) صعوبة في التوظيف السريع والمؤقت للكوادر الوطنية لإدارة الحشود. يربط التطبيق المنظمين بالشباب بناءً على الموقع الجغرافي، المهارات، والخبرات السابقة الموثقة.",منظمو الفعاليات والشباب الباحث عن عمل مرن
890,شحن ذكي,السيارات الكهربائية والطاقة,تعاني محطات الشحن العامة من تكدس السيارات وتوقفها طويلاً بعد انتهاء الشحن مما يحرم مستخدمين آخرين. يقدم المشروع نظام جدولة يفرض رسوماً ديناميكية تصاعدية بعد امتلاء البطارية تلقائياً لتحفيز إخلاء الموقف.,مشغلو محطات الشحن وملاك السيارات الكهربائية
891,تلخيص العقود,التقنية القانونية وإدارة الشركات,يستغرق المستشارون القانونيون فترات طويلة في مراجعة العقود والاتفاقيات التجارية الضخمة لاستخراج الغرامات والتواريخ المحورية. يقدم التطبيق خطاً زمنياً تفاعلياً آلياً يستخرج الالتزامات بمجرد رفع المستندات.,"المحامون، المستشارون القانونيون، والشركات"
892,أولوية صيانة الطرق,صيانة المدن والعمليات البلدية,تواجه الأمانات صعوبة في توزيع ميزانيات إعادة سفلتة الشوارع بناءً على معايير الأولوية القصوى وحجم الضرر الفعلي. يقوم النظام بتحليل آلي لبلاغات الحفر وتداخلها مع كثافة الحركة المرورية لترتيب مهام الصيانة برمجياً.,أمانات المدن ووزارة الشؤون البلدية والقروية
893,فرز البوليمرات,إعادة التدوير والاستدامة,"تواجه مصانع تدوير البلاستيك صعوبة وبطءاً في فرز الأنواع المختلفة من المواد (PET, HDPE) يدوياً وبدقة عالية للتصنيع. يعتمد المشروع على الفرز البصري الذكي باستخدام كاميرات الأشعة تحت الحمراء القريبة لتصنيف البلاستيك آلياً.",مصانع تدوير البلاستيك وشركات البيئة
894,وسم الأصول,إدارة الشركات والعمليات,"تعاني المنشآت المتوسطة من فقدان أو صعوبة جرد الأصول الثابتة (كأجهزة اللاب توب، الشاشات، والأثاث) عند جردها السنوي اليدوي. يوفر التطبيق نظام جرد رقمي يربط الأصول بأوسمة (NFC) ذكية للمسح والتحقق الفوري.",إدارات العمليات وتقنية المعلومات بالشركات
895,طوافي المطور,تقنيات الحج والعمرة,"يواجه المعتمرون صعوبة في التركيز وحساب عدد أشواط الطواف والسعي لشدة الزحام، مما يسبب لهم الحيرة في إتمام العبادة. يوفر التطبيق تتبعاً جغرافياً دقيقاً داخل صحن الطواف لتنبيه المعتمر برقم الشوط والدعاء المناسب.",الحجاج والمعتمرين
896,خرائط الشاحنات,النقل واللوجستيات الذكية,تستهلك شاحنات النقل الثقيل كميات وقود إضافية وتشكل خطورة بسبب اضطرارها للمرور بطرق ذات مرتفعات حادة أو أنفاق غير مهيأة لأوزانها. يقدم المشروع خرائط ذكية مخصصة للشاحنات تحسب الارتفاعات لتوفير الوقود.,شركات النقل البري وسلاسل الإمداد اللوجستي
897,وصف الرسوم,التعليم الشامل والدمج,يواجه الطلاب المكفوفون حجزاً تعليمياً عند محاولة فهم الرسوم البيانية والجداول الإحصائية المتواجدة في الكتب المدرسية الرقمية. يوفر التطبيق محركاً يحلل محاور الرسم البياني ويحولها إلى وصف صوتي دقيق يشرح العلاقات.,الطلاب المكفوفون والمؤسسات التعليمية
898,فحص اللحوم,سلامة الأغذية والصحة,تواجه سلاسل المطاعم ومحلات اللحوم صعوبة في التأكد من خلو الشحنات الواردة من التلوث البكتيري الأولي الذي لا يظهر بالعين. يقدم المشروع جهاز فحص محمولاً يعتمد على التحليل الطيفي الفوري للكشف عن مؤشرات التلف.,"مفتشو البلدية، أصحاب المطاعم، والمستهلكون"
899,منصة مكسب,سلاسل الإمداد والتجارة,تواجه متاجر التجزئة الصغيرة صعوبة في الحصول على أسعار شحن تنافسية للطرود لقلة كميات مبيعاتها مقارنة بالشركات الكبرى. يجمع التطبيق طلبات الشحن للمتاجر الصغيرة في شحنات موحدة للاستفادة من خصومات الكميات.,أصحاب المتاجر الإلكترونية الناشئة والصغيرة
900,جودة الاستزراع,الثروة السمكية والأمن الغذائي,تواجه مزارع الاستزراع السمكي خطورة نفوق الأسماك المفاجئ نتيجة تغير نسبة الأكسجين المذاب أو حموضة المياه دون رصد استباقي سريع. يقدم المشروع منظومة عوامات ذكية تقيس جودة المياه وتبث البيانات لحظياً.,مشاريع الاستزراع السمكي ومستثمرو الأغذية
901,كود التطابق,التقنية المالية والتأمين,تواجه شركات التأمين صعوبة في الكشف عن الفواتير الطبية المكررة أو المتلاعب بها والمقدمة من مستشفيات متعددة لنفس المريض. خوارزمية ذكية تطابق الأكواد الطبية وتاريخ تقديم المطالبات لرصد الشبهات آلياً.,شركات التأمين الصحي والمستشفيات
902,منصة وتيرة,إدارة المشاريع اللوجستية,يعاني مديرو المشاريع اللوجستية من تشتت البيانات عند تتبع أداء الشاحنات والمستودعات والموردين عبر منصات منفصلة. يوفر المشروع لوحة تحكم موحدة تجمع البيانات الحية وتحللها للتنبؤ بمواعيد التوصيل.,شركات النقل وسلاسل الإمداد
903,راصد الفقد,الطاقة والاستدامة,تواجه المجمعات السكنية الكبرى هدراً غير مرصود في شبكات توزيع الغاز المركزي نتيجة وجود تسريبات ميكروية خفية تحت الأرض. يقدم المشروع مستشعرات ضغط حرارية تحلل تدفق الغاز وتحدد مكان الخلل بدقة.,شركات الغاز وإدارات المجمعات السكنية
904,إسناد العقود,التقنية القانونية (LegalTech),تستغرق مراجعة وتدقيق عقود الامتياز التجاري (Franchise) وقتاً طويلاً للتأكد من مطابقتها لاشتراطات الهيئة العامة للمنشآت الصغيرة والمتوسطة. نظام ذكي يطابق بنود العقد بالأنظمة ويبرز أي ثغرات خطيرة.,"رواد الأعمال، المستثمرون، والقانونيون"
905,منصة أريب,التقنيات التعليمية,يواجه المعلمون صعوبة في قياس مدى استيعاب الطلاب للمفاهيم الرياضية والهندسية المعقدة عبر التعليم التقليدي التلقيني. منصة تعليم تكيفي تحول المعادلات إلى مجسمات تفاعلية تتغير حسب استجابة الطالب.,"المدارس، المعلمون، وطلاب المراحل التعليمية"
906,حصاد المياه,الاستدامة والبيئة,تعاني المجمعات الصناعية من هدر مياه التبريد الناتجة عن المولدات الضخمة وصعوبة إعادة تدويرها آلياً بناءً على مستوى نقائها الكيميائي اللحظي. صمامات رقمية ذكية تفحص نقاء المياه وتوجهها لإعادة الاستخدام.,المصانع والمنشآت الصناعية الكبرى
907,مرشد الميناء,اللوجستيات البحرية,تواجه السفن التجارية فترات انتظار طويلة بالمرافئ لعدم التنسيق الدقيق بين موعد وصول السفينة وجاهزية رافعات الحاويات بالميناء. يقدم المشروع نظام جدولة ديناميكي يتنبأ بأوقات التفريغ بناءً على البيانات الحية.,إدارات الموانئ والشركات الملاحية
908,تحليلات المناحل,الثروة الزراعية والحيوانية,يصعب على مربي النحل تحديد المواقع الجغرافية المثالية لنقل الخلايا حسب مواسم تفتح الأزهار وتوفر الغطاء النباتي محلياً. يحلل التطبيق صور الأقمار الصناعية وبيانات الطقس لاقتراح أماكن الإنتاج الأعلى.,النحالون ومربو النحل المحليون
909,بناء واثق,قطاع المقاولات والإنشاءات,تقع خلافات بين المقاولين والملاك حول دقة نسب الإنجاز الفعلي للمباني قبل صرف الدفعات المالية لغياب التوثيق الهندسي المحايد. يوفر التطبيق ميزة المسح بالليزر (LiDAR) عبر الجوال لمطابقة البناء بالمخطط.,"الملاك، المقاولون، والمكاتب الاستشارية"
910,عقاري الآمن,التقنية العقارية,يواجه المستأجرون الجدد مخاوف من التعرض للاحتيال عبر دفع عربون لعقارات وهمية أو غير مصرحة في وسائل التواصل الاجتماعي. توفر المنصة نظام حجز وسيطاً يربط الهوية الرقمية للمؤجر بالصك الفعلي للعقار.,المستأجرون والوسطاء العقاريون
911,تذوق ذكي,سلامة وجودة الأغذية,"تعاني مصانع تصنيع الأغذية والتمور من تفاوت نكهات دفعات الإنتاج نتيجة الاعتماد على التذوق البشري التقليدي لفرز المنتجات. يقدم المشروع حل ""اللسان الإلكتروني"" لتحليل المكونات الكيميائية للمذاق برمجياً وبدقة.",مصانع الأغذية ومختبرات الجودة
912,نبيه الحركة,الرعاية الرياضية والصحية,يواجه ممارسو رياضة رفع الأثقال خطورة التعرض لإصابات بليغة بالظهر نتيجة أداء التمارين بوضعية هندسية خاطئة دون مدرب. يستخدم التطبيق رؤية الحاسوب عبر الكاميرا لتحليل زوايا الجسم وتصحيح الوضعية فوراً.,ممارسو الرياضة ورواد الأندية الصحية
913,تواصل ناطق,دعم ذوي الإعاقة,يواجه الصم والبكم صعوبة في إجراء المكالمات الهاتفية الصوتية مع الطوارئ أو القطاعات الخدمية لغياب وسيط فوري. يقدم المشروع تطبيقاً يحول لغة الإشارة الملتقطة بالكاميرا إلى صوت ناطق في المكالمة والعكس.,فئة الصم والبكم والجهات الخدمية
914,إمداد مرن,إدارة المخازن والتجارة,تواجه شركات التجزئة مشكلة تجميد السيولة المالية في مستودعاتها بسبب الإفراط في تخزين بضائع منخفضة الطلب لغياب التنبؤ الذكي. يقدم النظام خوارزمية ذكية تحلل التاريخ البيعي وتتنبأ بالحد الأدنى الآمن للمخزون.,مدراء المشتريات والمستودعات بقطاع التجزئة
915,منصة صكوك,التقنية المالية (FinTech),يصعب على المستثمرين الأفراد الوصول لفرص الاستثمار في الصكوك الحكومية أو التجارية لارتفاع الحد الأدنى للتكلفة. تقدم المنصة حلاً لتجزئة الصكوك الرقمية إلى حصص متناهية الصغر تتيح الاستثمار بمبالغ بسيطة.,صغار المستثمرين ورواد الأعمال
916,راصد التستر,الذكاء الاقتصادي والرقابي,تواجه الجهات الرقابية صعوبة في فرز وتحديد المنشآت والمحلات التجارية التي يرتفع فيها مؤشر الاحتمالية للتستر التجاري ميدانياً. يعتمد النظام على معالجة البيانات الضخمة للمبيعات والنقاط البنكية لاكتشاف الشذوذ المالي.,وزارة التجارة والجهات الرقابية
917,ميزان النقل,اللوجستيات الذكية,تعاني شركات النقل التشاركي من صعوبة التوزيع العادل لطلبات التوصيل بين السائقين في المطارات والمراكز المزدحمة مما يسبب تذمراً. يقدم المشروع نظاماً لإدارة الطوابير الافتراضية يوازن بين وقت الانتظار وتقييم السائق.,شركات النقل وسائقو الأساطيل
918,عين المحمية,حماية البيئة والاستدامة,تتعرض المحميات الطبيعية لعمليات الصيد الجائر أو الاحتطاب العشوائي في المناطق الشاسعة التي يصعب تغطيتها أمنياً بالبشر. يوفر المشروع منظومة ميكروفونات ذكية أرضية تحلل الترددات الصوتية لاكتشاف أصوات الرصاص فوراً.,القوات الخاصة للأمن البيئي وإدارات المحميات
919,أرشيف ذكي,إدارة الشركات والعمليات,تستغرق مراجعة وتصنيف ملفات الفواتير والمستندات الورقية القديمة الممسوحة ضوئياً ساعات طوال لاستخراج الأرقام الضريبية والمبالغ. يوفر النظام نموذجاً ذكياً يقوم بالتعرف الضوئي (OCR) وفرز البيانات تلقائياً.,المحاسبون وإدارات العمليات بالشركات
920,رحلة اللقاح,الرعاية الصحية والطبية,تفتقر المستشفيات لأدوات تضمن سلامة وموثوقية سلسلة تبريد اللقاحات الحساسة أثناء نقلها داخلياً بين الأقسام والعيادات المختلفة. يقدم المشروع حافظة طبية ذكية متصلة ببلوتوث منخفض الطاقة تسجل درجات الحرارة لحظياً.,المستشفيات والمراكز الطبية
921,تذاكر آمنة,الفعاليات والترفيه,يواجه جمهور الفعاليات الرياضية الكبرى عمليات احتيال متكررة عبر شراء تذاكر مكررة أو مزورة من منصات إعادة البيع غير الرسمية. يعتمد المشروع على نظام تذاكر رقمية مشفرة كأصول (NFT) ترتبط بمحفظة المشتري الرسمية.,منظمو الفعاليات الرياضية والجمهور
922,مستشار العزل,كفاءة الطاقة والعمارة,يواجه المقبلون على البناء صعوبة في اختيار الأنظمة والمواد العازلة التي تحقق أعلى كفاءة لطاقة المبنى وتخفض فاتورة الكهرباء صيفاً. يقدم التطبيق محرك محاكاة حرارية يحلل زاوية سقوط الشمس الجغرافية على الأرض.,المقبلون على بناء المنازل والمكاتب الهندسية
923,عدسة الفم,تقنيات طب الأسنان,يتأخر الكثير من الأفراد في علاج تسوس الأسنان والتهابات اللثة المبكرة لعدم قدرتهم على التقييم الذاتي المبدئي قبل تفاقم الألم. يتيح التطبيق فحصاً أولياً وتحليلاً لدرجة التسوس عبر التقاط صورة مقربة واضحة بكاميرا الجوال.,العائلات والأفراد
924,إدارة الاهتزاز,التصنيع الذكي والصيانة,تعاني آلات التعبئة والتغليف بالمصانع من التوقف المفاجئ والخروج عن المعايرة الميكانيكية نتيجة تآكل المحامل غير المرصود يدوياً. يربط المشروع الآلات بمستشعرات اهتزاز دقيقة تقيس الانحرافات وتتنبأ بالصيانة الوقائية.,المصانع ومهندسو التشغيل
925,خطوط التراث,الثقافة والفنون الرقمية,تفتقر أدوات التصميم المعاصرة لنماذج تولد خطوطاً وتراكيب فنية مضبوطة بدقة تحاكي قواعد الخط العربي الأصيل بكافة مدارسها التاريخية. يقدم المشروع نموذج ذكاء اصطناعي توليدي هندسي مخصص لابتكار مخطوطات موزونة.,"المصممون، دور النشر، والجهات الثقافية"
926,محاكي الرواسب,التعدين والطاقة,تواجه شركات الاستكشاف التعديني مخاطر مالية عالية عند حفر آبار عشوائية للبحث عن رواسب المعادن دون دراسة دقيقة لطبقات الأرض. يقدم المشروع منصة محاكاة ثلاثية الأبعاد تحلل بيانات المسح الجيوفيزيائي للتنبؤ بوفرة المعادن.,شركات التعدين والمهندسون الجيولوجيون
927,تأهيل مرن,الخدمات الاجتماعية والرعوية,تواجه المؤسسات الرعوية صعوبة في تصميم مسارات تدريبية ونفسية مخصصة للنزلاء تضمن نجاح اندماجهم في سوق العمل بعد خروجهم من المصحات. توفر المنصة نظاماً ذكياً يدرس مهارات النزيل ويقترح له مساراً تعليمياً متدرجاً.,إدارات التأهيل والمالمؤسسات الاجتماعية
928,راصد السيول,إدارة الأرصاد والبلديات,تفتقر بلديات المدن الفرعية لبيانات مناخية بالغة الدقة (Hyper-local) لرصد وتوقع السيول المفاجئة في أحياء محددة قبل جريان الوديان. يدمج المشروع قراءات محطات الأرصاد المنزلية الصغيرة المصرحة عبر منصة موحدة للتحليل.,مراكز الأرصاد والبلديات
929,مسار الطوارئ,إدارة المستشفيات والصحة,يعاني المرضى في أقسام الطوارئ من طول فترات الانتظار العشوائي لعدم توفر نظام فرز رقمي ذكي يحدد الأولوية حسب خطورة الحالة الحرجة لحظياً. يوفر المشروع نظام تصنيف آلي للمؤشرات الحيوية لترتيب الدخول.,المستشفيات وأطباء الطوارئ
930,فرز المطالبات,التأمين الصحي والعمليات,تواجه المستشفيات تأخراً في الموافقة على طلبات الإجراءات الطبية من شركات التأمين بسبب الفرز والمراجعة اليدوية الطويلة للتقارير. يعتمد النظام على المطابقة الآلية للطلبات مع وثيقة التأمين عبر خوارزميات الذكاء الاصطناعي.,شركات التأمين والمستشفيات
931,تتبع المشتريات,التجارة الإلكترونية,يواجه العملاء حيرة في تنسيق أوقاتهم لاستلام الطلبات الكبيرة (كالأثاث والأجهزة) لعدم توفر تتبع حي ودقيق لموقع شاحنة التوصيل. يقدم المشروع نظام ملاحة يتيح للمشتري رؤية موقع السائق الفعلي ووقت الوصول بالدقائق.,متسوقو الإنترنت وشركات التوصيل
932,فاحص الحيوية,الأمن السيبراني والخدمات,يتزايد خطر الاحتيال المالي عبر استخدام صور أو فيديوهات مسجلة مسبقاً لتخطي أنظمة التعرف على الوجه في التطبيقات البنكية الناشئة. يوفر المشروع نظاماً لفحص الحيوية (Liveness Detection) يطلب حركات عشوائية لحظية.,البنوك والمؤسسات المالية والمنصات
933,درون زراعي,الزراعة الذكية وحماية البيئة,يصعب على مزارعي المساحات الشاسعة اكتشاف إصابة أشجار النخيل بسوسة النخيل الحمراء في مراحلها الأولى بالعين المجردة لتفادي اقتلاعها. يستخدم المشروع طائرات درونز تلتقط صوراً حرارية وطيفية للأشجار واكتشاف السوسة داخلياً.,أصحاب مزارع النخيل والجهات الزراعية
934,صيانة افتراضية,التعليم الفني والمهني,يواجه متدربو صيانة الطائرات أو المحركات الضخمة خطورة وصعوبة في التدرب الميداني المباشر قبل تمكنهم من المهارات الميكانيكية الأساسية. يوفر التطبيق بيئة تدريب بالواقع الافتراضي (VR) تحاكي تفكيك المحركات بأمان.,كليات الهندسة والمعاهد الفنية والمهنية
935,ملاحة المعرض,قطاع الفعاليات والمعارض,يستغرق زوار المعارض التجارية الدولية وقتاً طويلاً في البحث والوصول لأجنحة الشركات (Booths) وسط مئات الأجنحة والممرات. يوفر التطبيق نظام خرائط داخلي يعتمد على مستشعرات بلوتوث منخفضة الطاقة لتوجيه الزائر خطوة بخطوة.,منظمو المعارض والزوار والمؤتمرون
936,مؤشر التوتر,إدارة بيئة العمل والموارد,تعاني الشركات من انخفاض إنتاجية الموظفين نتيجة ضغوط العمل المستمرة والاحتراق الوظيفي غير المرصود للإدارة مسبقاً. يقدم التطبيق استبيانات نبضية قصيرة وتحليلاً مجهول الهوية لمستويات الرضا والتوتر لتقديم نصائح إدارية.,الشركات وإدارات الموارد البشرية
937,تثمين الأراضي,التقنية العقارية والاستثمار,يعتمد تقييم الأراضي البيضاء أو العقارات التجارية على معايير شخصية وتخمينات تفتقر للبيانات التاريخية الدقيقة عن السوق. يقدم المشروع محرك تثمين يحلل الصفقات الفعلية المسجلة جغرافياً ومخططات التطوير المحيطة.,المثمنون العقاريون والمستثمرون العقاريون
938,رادار المستهلك,حماية المستهلك والتجارة,يواجه المتسوق تفاوت ميزانيات السلع التموينية بين المتاجر الكبرى والهايبرماركت في نفس المنطقة الجغرافية للحي. يتيح التطبيق مقارنة حية وتلقائية لأسعار السلع ومجموع السلة الشرائية لتوجيه المستخدم للمتجر الأوفر.,المستهلكون والأسر
939,ملابس ذكية,تقنيات المنسوجات والأمن,"يواجه رجال الإطفاء أو عمال العمليات الميدانية خطورة التعرض للإجهاد الحراري المفاجئ أو انخفاض الأكسجين دون علم غرف التحكم. يوفر المشروع ملابس ميدانية مزودة بألياف ذكية تقيس النبض، الحرارة، والتنفس لبثها لحظياً.","القطاعات الأمنية، الدفاع المدني، والمصانع"
940,موسم مرن,إدارة الحشود والتوظيف,تواجه مواسم الفعاليات السياحية ضغطاً كبيراً وصعوبة في التوظيف السريع والمؤقت للكفاءات الوطنية لإدارة وتنظيم الحشود بالمواقع. يربط التطبيق المنظمين بالشباب بناءً على الموقع الجغرافي والخبرات الموثقة سابقاً.,منظمو الفعاليات والشباب الباحث عن عمل مرن
941,شحن ذكي,السيارات الكهربائية والمدن,تعاني محطات الشحن العامة من تكدس السيارات وتوقفها طويلاً بعد انتهاء الشحن مما يمنع مستخدمين آخرين من الاستفادة من الشاحن البطيء. يقدم المشروع نظام جدولة يفرض رسوماً ديناميكية تصاعدية بعد امتلاء البطارية.,مشغلو محطات الشحن وملاك السيارات الكهربائية
942,تلخيص القضية,التقنية القانونية (LegalTech),يستغرق المحامون فترات طويلة في مراجعة وثائق القضايا المعقدة المكونة من مئات الصفحات لاستخراج التواريخ والأحداث المفصلة والنزاعات. يقدم التطبيق خطاً زمنياً تفاعلياً آلياً يستخرج الأسماء بمجرد رفع الملفات القضائية.,المحامون والمستشارون القانونيون
943,أولوية الطرق,صيانة المدن والعمليات,تواجه الأمانات صعوبة في توزيع ميزانيات إعادة سفلتة الطرق بناءً على معايير الأولوية القصوى وحجم الضرر الفعلي للإسفلت. يقوم النظام بتحليل آلي لبلاغات الحفر وتداخلها مع كثافة الحركة المرورية لترتيب المهام برمجياً.,أمانات المدن ووزارة البلديات
944,تدوين الفلكلور,الثقافة والفنون والموسيقى,يفتقر الباحثون في التراث الموسيقي إلى توثيق رقمي دقيق للنوتات والإيقاعات الشعبية السعودية لحمايتها من التحريف والاندثار التاريخي. يقوم المشروع بتحليل التسجيلات الصوتية القديمة وتدوينها موسيقياً بالذكاء الاصطناعي.,"هيئة الموسيقى، الباحثون، والفنانون"
945,فرز البوليمرات,إعادة التدوير والاستدامة,"تواجه مصانع تدوير البلاستيك صعوبة في فرز الأنواع المختلفة من المواد (PET, HDPE) بدقة وسرعة يدوية عالية لإعادة التصنيع. يعتمد المشروع على الفرز البصري الذكي باستخدام كاميرات الأشعة تحت الحمراء القريبة لتصنيف البلاستيك.",مصانع البلاستيك وشركات التدوير البيئي
946,وسم الأصول,إدارة الشركات والعمليات,"تعاني المنشآت المتوسطة من فقدان أو صعوبة جرد الأصول الثابتة (كأجهزة اللاب توب، الخوادم، والأثاث المكتبي) عند جردها السنوي اليدوي. يوفر التطبيق نظام جرد رقمي يربط الأصول بأوسمة (NFC) ذكية للمسح.",إدارات العمليات وتقنية المعلومات بالشركات
947,طوافي,تقنيات الحج والعمرة,"يواجه المعتمرون صعوبة في التركيز وحساب عدد أشواط الطواف والسعي لشدة الزحام، مما يسبب لهم الحيرة في إتمام مناسك العبادة. يوفر التطبيق تتبعاً جغرافياً دقيقاً داخل صحن الطواف لتنبيه المعتمر برقم الشوط والدعاء المناسب.",الحجاج والمعتمرين زوار بيت الله الحرام
948,مسار الشاحنة,النقل واللوجستيات الذكية,تستهلك شاحنات النقل الثقيل كميات وقود إضافية بسبب اضطرارها للمرور بطرق ذات مرتفعات حادة أو زوايا ضيقة غير مهيأة لأوزانها الثقيلة. يقدم المشروع خرائط ذكية مخصصة للشاحنات تحسب الارتفاعات لتوفير الوقود والأمان.,شركات النقل البري وسلاسل الإمداد
949,بصيرة الرسوم,دعم المكفوفين والدمج,يواجه الطلاب المكفوفون حجزاً تعليمياً عند محاولة فهم الرسوم البيانية والجداول الإحصائية المتواجدة في الكتب المدرسية الرقمية والمناهج. يوفر التطبيق محركاً يحلل محاور الرسم البياني ويحولها إلى وصف صوتي يشرح العلاقات.,الطلاب المكفوفون والمؤسسات التعليمية
950,أمان الغذاء,سلامة الأغذية والتموين,تواجه سلاسل المطاعم ومحلات اللحوم صعوبة في التأكد من خلو الشحنات الواردة من التلوث البكتيري الأولي الذي لا يظهر بالعين المجردة فوراً. يقدم المشروع جهاز فحص محمولاً يعتمد على التحليل الطيفي الفوري للكشف عن التلف.,"مفتشو البلدية، أصحاب المطاعم، والمستهلكون"
951,مرشد الشحن,السيارات الكهربائية والطاقة,يواجه ملاك السيارات الكهربائية صعوبة في العثور على شواحن سريعة متاحة أثناء السفر بين المدن لعدم دقة تطبيقات الخرائط العادية. يقدم التطبيق مخطط رحلات ذكي يحسب استهلاك البطارية بناءً على تضاريس الطريق ويوجه السائق لأفضل المحطات.,ملاك السيارات الكهربائية والمسافرون برّاً
952,بناء واعد,المقاولات والإنشاءات,تعاني شركات الإنشاءات من تأخر توريد كميات الخرسانة الجاهزة بسبب عشوائية التنسيق اللحظي مع المصانع وسط زحام الطرق. يقدم النظام منصة ربط لوجستي تؤتمت طلبات الشحن والتوصيل بناءً على نسب الإنجاز الميداني الفعلي بالموقع.,شركات المقاولات ومصانع الخرسانة الجاهزة
953,توفيق,التوظيف وإدارة الكفاءات,يواجه المتقاعدون من ذوي الخبرات الطويلة صعوبة في العثور على فرص استشارية أو جزئية تتناسب مع جداولهم المرنة للاستفادة من خبراتهم النادرة. منصفة ذكية تقوم بقرائن تربط الشركات التي تحتاج لخبرات متخصصة بالمستشارين.,المتقاعدون ذوو الخبرة والشركات الكبرى
954,منصة أثر,الثقافة والسياحة التاريخية,يفتقر زوار المتاحف والمواقع الأثرية الوطنية لتجربة إرشادية تفاعلية تروي تاريخ القطع بلغهم وبأسلوب مشوق ومخصص لاهتمامهم. يتيح التطبيق دليلاً سياحياً ذكياً يعتمد على رؤية الحاسوب والذكاء الاصطناعي التوليدي للإجابة الحية.,زوار المتاحف والسياح والمهتمون بالتراث
955,إدارة العهد,الحوكمة والعمليات الإدارية,تواجه الجهات الحكومية والشركات الكبرى تعقيدات في تتبع وضمان أمان حركة الأختام الرسمية والوثائق الحساسة والعهد عند انتقالها يدوياً بين الموظفين. يقدم النظام سجلاً رقمياً مشفراً بالبلوكشين لتوثيق حركة العهد لحظياً.,إدارات العمليات والرقابة الداخلية بالشركات
956,مرصد البيئة,الاستدامة وحماية الطبيعة,تعاني المحميات البحرية والشواطئ السياحية من صعوبة الرصد الفوري لبقع التلوث الزيتي أو المخلفات البلاستيكية الطافية على مساحات شاسعة. يستخدم المشروع طائرات درونز ذاتية القيادة مبرمجة بمسح بصري طيفي لرصد الملوثات وإرسال الإحداثيات.,هيئات حماية البيئة والبلديات الساحلية
957,تحصيل ذكي,التقنية المالية (FinTech),تواجه المنشآت الصغيرة والمتوسطة تعثراً ماليًا بسبب تأخر العملاء في سداد الفواتير الآجلة وصعوبة المتابعة البشرية المستمرة لكل عميل. يقدم التطبيق نظام متابعة مؤتمت يرسل تذكيرات مخصصة عبر قنوات مختلفة ويوفر بوابات دفع سريعة.,الشركات الصغيرة والمتوسطة والمنشآت الناشئة
958,بصمة النحال,سلامة جودة الأغذية,يتعرض المستهلكون للاحتيال عند شراء العسل البلدي الفاخر لعدم وجود آلية موثوقة تضمن بلد المنشأ والمنحل المنتج فعلياً. يتيح التطبيق تتبع عبوة العسل منذ قطفها من الخلية وحتى وصولها للمشتري عبر رمز استجابة (QR) محمي بالبلوكشين.,مستهلكو العسل الفاخر والنحالون المحليون
959,عالمي الصغير,رعاية الأطفال والصحة النفسية,يواجه الآباء حيرة في اختيار الأنشطة التعليمية والتربوية التي تتوافق مع مهارات طفلهم السلوكية والحركية الفردية لغياب التقييم العلمي. يقدم التطبيق محرك توصيات ذكي يحلل اهتمامات الطفل ويقترح خطة تجارب أسبوعية محلية مخصصة.,الأمهات والآباء ومراكز رعاية الطفولة
960,تفتيش اللحوم,سلامة الأغذية والصحة العامة,"تستغرق الفحوصات المخبرية للتأكد من جودة وصلاحية اللحوم المستوردة في الموانئ أياماً، مما يهدد بتلفها أو تعطيل سلاسل الإمداد. يوفر المشروع نظام فحص أولي سريع يعتمد على الكاميرات فائقة الطيفية (Hyperspectral) للكشف عن البكتيريا.",الهيئات الرقابية ومستوردو الأغذية والمسالخ
961,إسناد الطبي,الرعاية الصحية والطبية,يعاني أطباء الطوارئ من ضيق الوقت للبحث في التاريخ المرضي الطويل والمعقد للمريض والتعارضات الدوائية المحتملة في الحالات الحرجة. يقدم التطبيق ملخصاً فورياً مدعوماً بالذكاء الاصطناعي يستخرج الأمراض والتحذيرات الهامة في ثوانٍ.,أطباء الطوارئ والمراكز الطبية والمستشفيات
962,أمان النفق,البنية التحتية والمدن الذكية,تواجه الأنفاق الأرضية ومسارات تصريف مياه السيول خطورة حدوث انسدادات أو ارتفاع مفاجئ في منسوب المياه دون إنذار مبكر للبلديات. يعتمد المشروع على منظومة مستشعرات ذكية لاسلكية تقيس الضغط ومستوى التدفق للتحذير الاستباقي.,أمانات المدن وهيئات تطوير الطرق والأنفاق
963,إيجاز المرور,المدن الذكية وإدارة الحشود,"تواجه غرف التحكم بالمرور صعوبة في رصد وتصنيف أسباب الازدحام المفاجئ (حادث، تعطل مركبة، أعمال طرق) يدوياً عبر مئات كاميرات المراقبة. يوفر النظام فرزاً آلياً للفيديو بالذكاء الاصطناعي لتحديد نوع الاختناق فوراً وتوجيه الفرق.",الإدارة العامة للمرور وغرف العمليات المدنية
964,منصة وتيرة,إدارة الفعاليات والمعارض,يعاني منظمو المعارض المؤقتة والمؤتمرات الضخمة من ارتباك وتكدس شاحنات الموردين لتفريغ المعدات وتجهيز المنصات (بوثات) بالموقع. يوفر التطبيق نظام حجز مواعيد ومسارات ذكي للشاحنات لضمان التدفق اللوجستي السلس.,شركات تنظيم المعارض والمؤتمرات والموردون
965,توطين التقنية,البرمجيات وتكنولوجيا الأعمال,تواجه الشركات والمنشآت المحلية صعوبة في تعديل البرمجيات مفتوحة المصدر العالمية لتتوافق مع الأنظمة والتشريعات السعودية (كالفاتورة الإلكترونية). يقدم المشروع بيئة تطوير سحابية تحتوي على حزم برمجية جاهزة ومتوافقة محلياً.,"المطورون، الشركات الناشئة، ومؤسسات الأعمال"
966,مرشد التكييف,كفاءة الطاقة والاستدامة,تستهلك أنظمة التكييف في المساجد والمباني الحكومية طاقة هائلة لتركها تعمل بكامل طاقتها حتى في غياب المصلين أو قلة عدد الزوار. يربط المشروع أجهزة التكييف بمستشعرات حرارية وبشرية لضبط التبريد ذاتياً حسب كثافة الحضور الفعلي.,وزارة الشؤون الإسلامية وإدارات المباني العامة
967,تحكيم العقود,التقنية القانونية وحوكمة الشركات,تقع خلافات مستمرة بين المنشآت حول تفسير بنود العقود المالية وشروط التسليم مما يعطل الأعمال ويدفعهم للقضاء الطويل والمكلف. يوفر المشروع منصة لإنشاء عقود ذكية ذاتية التنفيذ تقوم بفض النزاع المالي وتحويل المبالغ تلقائياً.,الشركات والمؤسسات والمنشآت التجارية
968,مسار الصم,دعم ذوي الإعاقة والنقل,يواجه السائقون من فئة الصم وضعاف السمع خطورة عدم الانتباه لأصوات سيارات الإسعاف أو صفارات الإنذار المحيطة بهم أثناء القيادة. يقدم التطبيق حلاً يعتمد على الميكروفونات الخارجية للسيارة لتحليل الأصوات وتحويلها لتنبيهات بصرية على الشاشة.,السائقون من فئة الصم وضعاف السمع
969,سوق المواشي,الثروة الحيوانية والتجارة,يعاني تجار ومربو المواشي من صعوبة تقدير الأوزان الحقيقية والمؤشرات الصحية للأغنام والإبل في الأسواق المفتوحة والتقليدية لغياب الموازين. يوفر المشروع نظام مسح بكاميرا الجوال والذكاء الاصطناعي لتقدير الوزن والحجم بناءً على أبعاد الجسم.,"مربو المواشي، المستهلكون، وتجار الأنعام"
970,بوابة الشحن,اللوجستيات وسلاسل الإمداد,تواجه متاجر التجزئة الصغيرة صعوبة في الحصول على أسعار شحن تنافسية للطرود لقلة كميات مبيعاتها مقارنة بالشركات والمتاجر الكبرى. يجمع التطبيق طلبات الشحن للمتاجر الصغيرة في شحنات موحدة للاستفادة من خصومات الكميات الكبيرة.,أصحاب المتاجر الإلكترونية الناشئة والصغيرة
971,حماية الحقل,الزراعة الذكية وحماية المحاصيل,تتعرض مزارع الخضروات لغزو الطيور والقوارض التي تفرز آفات وتدمر المحاصيل والمحميات الزراعية وتتسبب في خسائر مالية. يقدم المشروع نظام طرد ذكي يعتمد على رؤية الحاسوب لاكتشاف الكائنات الضارة وإصدار موجات صوتية مخصصة لطردهم.,أصحاب المزارع والمستثمرون الزراعيون
972,تأهيل رياضي,الطب الرياضي والرعاية,يواجه الرياضيون بعد العمليات الجراحية (كالرباط الصليبي) صعوبة في التقييم اليومي الدقيق لمدى استعادة قوة العضلات بالمنزل لغياب الطبيب. يوفر التطبيق رصدًا ديناميكيًا عبر حساسات مرنة تقيس مدى ثبات وتوازن المفصل وإرسال التقارير.,"الرياضيون، أطباء العظام، ومراكز إعادة التأهيل"
973,تواصل مدرسي,التقنيات التعليمية والخدمات,يجد المعلمون صعوبة في رصد وتوثيق مهارات الطلاب اللامنهجية (كالإبداع والقيادة والتطوع) ومشاركتها مع أولياء الأمور بانتظام وبشكل منظم. يوفر التطبيق محفظة رقمية للتعلم القائم على المهارات وتوثيق الأنشطة بالصور والتقييم.,"المعلمون، الطلاب، وأولياء الأمور"
974,منصة تدوير,المسؤولية البيئية والاستدامة,تواجه الشركات صعوبة في التخلص الآمن والقانوني من الأجهزة الإلكترونية القديمة (كالحواسب والشاشات والخوادم) مع ضمان مسح السجلات تماماً. تتيح المنصة ربط الشركات بمراكز إعادة تدوير معتمدة تصدر شهادات إتلاف رقمية موثوقة.,الشركات والمنشآت والمؤسسات المهتمة بالبيئة
975,إرشاد المعتمر,تقنيات الحج والعمرة والضيافة,"يواجه المعتمرون القادمون من خارج المملكة صعوبة في تخطيط مسار رحلتهم الشاملة (قطار، فندق، مزارات، طيران، تصاريح) عبر تطبيق رقمي واحد وموحد. يقدم التطبيق مساعداً ذكياً يبني برنامج الرحلة بالكامل ويحدثه بناءً على المواعيد.",المعتمرون الخارجيون ووكالات السفر والسياحة
976,منجم البيانات,تقنيات الأعمال والذكاء الاصطناعي,تعاني المتاجر والشركات من صعوبة تتبع وتحليل الآراء السلبية المكتوبة عنها في منصات التواصل بسبب تداخل واختلاف اللهجات المحلية السعودية. يوفر النظام محركاً لغوياً متقدماً لتحليل المشاعر يدعم اللهجات الدارجة بدقة عالية.,"إدارات التسويق، خدمة العملاء، والعلاقات العامة"
977,راصد التآكل,القطاع الصناعي والطاقة,تواجه أنابيب النفط والمياه في المنشآت الصناعية الكبرى خطورة التآكل الكيميائي غير المرئي الذي قد يؤدي لإنفجارات أو تسريبات ضخمة ضارة. يستخدم المشروع تكنولوجيا الموجات فوق الصوتية الذكية المتصلة بالشبكة للتنبؤ بنقاط الضعف.,شركات الغاز والنفط والمياه والمجمعات الصناعية
978,مفتش البناء,السلامة المهنية والمقاولات,يواجه مهندسو الإشراف صعوبة في فحص مطابقة حديد التسليح للمخططات الهندسية قبل صب الخرسانة لضيق الوقت وكثافة التفاصيل الميدانية بالموقع. يوفر التطبيق ميزة المسح الذكي بالذكاء الاصطناعي لمطابقة المسافات وأقطار الحديد بكاميرا الهاتف.,المهندسون المشرفون ومكاتب الاستشارات الهندسية
979,تثمين الفن,الثقافة والفنون والاقتصاد الإبداعي,"يواجه الفنانون والمشترون صعوبة في تقدير القيمة السوقية العادلة للوحات الفنية والمنحوتات لغياب الشفافية وسجلات البيع التاريخية. يقدم المشروع منصة تثمين تحلل سجل الفنان، المعارض المشارك بها، والصفقات المماثلة لتحديد النطاق السعري العادل.","الفنانون التشكيليون، قاعات العرض، والمشترون"
980,تتبع الأسطول,النقل واللوجستيات الذكية,تواجه شركات توصيل الطلبات مشكلة قيام بعض السائقين بسلوكيات قيادة متهورة (كالتسارع المفاجئ والتفحيط) مما يتلف البضائع ويعرضهم للحوادث المرورية. يحلل التطبيق بيانات حساسات الجوال لدى السائق لتقييم أمان قيادته وتنبيهه.,شركات التوصيل وإدارة الأساطيل والخدمات اللوجستية
981,منصة عهد,الخدمات الاجتماعية والجمعيات,تواجه الأسر الحاضنة للأيتام أو الجمعيات صعوبة في المتابعة المالية والتعليمية الموحدة لمتطلبات المستفيدين مع الكفلاء والمتبرعين يدوياً وبخصوصية. توفر المنصة نظاماً شفافاً يعرض تحديثات الحالة والاحتياجات بشكل دوري ومحمي.,"الجمعيات الخيرية، الأسر الحاضنة، والكفلاء"
982,رادار العقار,الاستثمار العقاري والتقنية العقارية,"يجد المستثمرون العقاريون صعوبة في التنبؤ بالأحياء السكنية القادمة ذات العائد الأعلى للاستثمار والنمو السكاني قبل ارتفاع أسعار أراضيها. يحلل النظام بيانات الرخص الإنشائية، المشروعات التنموية المعلنة، والطلب للتنبؤ بالمستقبل الجغرافي.",المستثمرون العقاريون والمطورون والشركات
983,إيجاز التقارير,الذكاء المؤسسي وتقنيات الأعمال,تستهلك مراجعة الجداول والبيانات الضخمة وقتاً طويل من المحللين لكتابة تقارير الأداء المالي والتشغيلي للمدراء التنفيذيين بصياغة نصية مفهومة. توفر الأداة تحويلاً آلياً وفورياً لجداول البيانات إلى ملخصات نصية تنفيذية بليغة ذكية.,"المدراء التنفيذيون، محللو الأعمال، والشركات"
984,منصة حزم,الخدمات السيبرانية وأمن المعلومات,تواجه الجهات الحساسة تعقيدات وصعوبة في إدارة وفحص صلاحيات الوصول المؤقتة الممنوحة للمقاولين والشركات الخارجية مما يسبب ثغرات أمنية خطيرة. يوفر النظام إدارة مؤتمتة تلغي الصلاحيات ذاتياً بمجرد انتهاء المهمة أو الوقت المحدد.,مدراء أمن المعلومات (CISO) بالمنشآت الحيوية
985,إرشاد السياح,السياحة الجبلية والمغامرات,يواجه السياح في المناطق الجبلية (مثل عسير والباحة) خطورة الضياع أو تغير الأحوال الجوية السريع وسط المرتفعات الكثيفة عند انقطاع الإنترنت. يقدم التطبيق نظام خرائط تفاعلياً يعمل بدون اتصال بالإنترنت ويعتمد على شبكات الاتصال المباشر.,هواة المشي الجبلي (Hiking) والسياح والزوار
986,عدسة الدواء,الرعاية الطبية وحماية المستهلك,"يواجه كبار السن وضعاف البصر صعوبة في قراءة وفهم جرعات ومواعيد الأدوية المكتوبة بخط صغير جداً على علب الأدوية الطبية. يتيح التطبيق توجيه كاميرا الهاتف للعلبة ليقوم المساعد الصوتي بقراءة الاسم، الجرعة، والتحذيرات بوضوح بليغ.","كبار السن، المكفوفون، والصيادلة والعوائل"
987,تحليلات النشر,الإعلام الرقمي والثقافة,تفتقر دور النشر والمواقع الإخبارية العربية لأدوات ذكية تتنبأ بنوعية المقالات والمواضيع التي ستحظى بأعلى تفاعل وقراءة محلياً لتوجيه الكتابة. يحلل التطبيق تريندات البحث والشبكات الاجتماعية لاقتراح عناوين ومحتويات واعدة.,"دور النشر، الصحف الرقمية، وصناع المحتوى"
988,بوابة المصانع,سلاسل الإمداد اللوجستية,تواجه المصانع المحلية صعوبة في تصريف فائض المواد الخام أو المنتجات التي بها عيوب تعبئة وتغليف بسيطة تمنع بيعها بالتجزئة رغم سلامتها. يوفر التطبيق منصة تبادل تجاري لبيع الفوائض لمصانع وشركات أخرى بأسعار مخفضة لاستغلالها.,"أصحاب المصانع، مدراء المشتريات، وسلاسل الإمداد"
989,راصد الأراضي,إدارة البيئة والصحة المدنية,"تعاني الأراضي المفتوحة من عمليات رمي مخلفات البناء والهدم العشوائية (الدمام) ليلاً، مما يشوه المظهر الحضري ويصعب تعقبه بالفرق البشرية بانتظام. يستخدم المشروع كاميرات حرارية وخوارزميات رصد الشاحنات لتوثيق المخالفات.",الأمانات والبلديات وهيئات الرقابة البيئية
990,تأجير مرن,التشارك الاقتصادي والتقني,يواجه أصحاب المعدات والآلات النادرة (كالطابعات ثلاثية الأبعاد الاحترافية أو الكاميرات السينمائية) صعوبة في تأجيرها لرواد الأعمال الهواة بأمان وضمان. يقدم التطبيق منصة تأجير موثوقة تضمن فحص الهوية الرقمية وعقود تأمين تلقائية للمعدات.,"المصممون، المصورون، والمهندسون الهواة والشركات"
991,مسار الركاب,خدمات المطارات والنقل الذكي,تعاني المطارات الدولية من تكدس وفقدان المسافرين لأوقاتهم عند بوابات الجوازات والتفتيش لعدم معرفة الركاب بأوقات الذروة الداخلية لحظياً. يوفر التطبيق تنبؤات حية لأوقات الانتظار داخل المطار ويوجه المسافر للتوجه للبوابات في الوقت المثالي.,المسافرون وإدارات تشغيل وفحص المطارات
992,منصة وعي,الخدمات الاجتماعية والتوظيف,تواجه حواضن الأيتام صعوبة في تقديم توجيه وتأهيل مهني مستدام للشباب بعد خروجهم من دور الرعاية لمساعدتهم على الاعتماد على أنفسهم ودمجهم بالسوق. تقدم المنصة مسارات تدريبية وربطاً مباشراً بشركات توفر فرص توظيف مبتدئة.,الشباب الخريجون من دور الرعاية والشركات والجمعيات
993,حارس الشبكة,تقنية المعلومات والأمن السيبراني,تواجه المنشآت انقطاعاً مفاجئاً في خدمات الإنترنت البديلة لعدم فحص جاهزية وتوافق خطوط الطوارئ والاتصال اللاسلكي بانتظام وبشكل مؤتمت. يقوم النظام بمحاكاة أعطال دورية مؤتمتة للتأكد من سلاسة تحول الشبكة والربط دون تدخل بشري.,مهندسو الشبكات ومدراء التقنية بالشركات والمنشآت
994,تذاكر ذكية,قطاع الترفيه والفعاليات,يعاني منظمو المهرجانات الكبرى من طوابير الانتظار الطويلة والتكدس عند منافذ الألعاب أو المطاعم الداخلية ومشاكل الكاش الورقي والتزوير. يوفر المشروع نظام تذاكر ذكياً يعتمد على سوار معصم (RFID) مشحون مسبقاً يتيح الدفع والدخول بلمسة واحدة.,منظمو المهرجانات والفعاليات والجمهور الترفيهي
995,دليل الحرف,الاقتصاد الثقافي والسياحة,يجد السياح والمواطنون صعوبة في الوصول للحرفيين التقليديين (كصناع الفخار أو السدو) والشراء منهم مباشرة لغياب وجودهم الرقمي واللوجستي بالسوق. يوفر التطبيق دليلاً جغرافياً ومتجراً إلكترونياً موحداً لشحن وبيع القطع التراثية بأمان.,الحرفيون التقليديون والسياح ومحبو التراث الوطني
996,وزن شاحنتك,النقل البري والخدمات اللوجستية,تواجه شاحنات النقل الثقيل غرامات مالية عالية عند محطات الوزن على الطرق السريعة لعدم معرفة السائق بالوزن الدقيق والمسموح بعد تحميل البضاعة ميدانياً. يوفر المشروع تطبيقاً يربط بحساسات هيدروليكية بالمركبة لحساب الحمولة بدقة فورياً.,سائقو الشاحنات وشركات النقل واللوجستيات البرية
997,تحليلات اللياقة,الرياضة المجتمعية والصحة,تفتقر المجموعات الرياضية للهواة (كمجموعات الجري أو الدراجات) لأدوات تجمع وتحلل أداء المجموعة ككل وتحفز التنافس الشريف والتحديات بينهم. يقدم التطبيق منصة موحدة لربط الساعات الذكية للأعضاء وتوليد تحديات ولوحات صدارة جماعية.,مجموعات الهواة وأندية الرياضة والياقة المجتمعية
998,أمن البيانات,الحوسبة السحابية والأمن السيبراني,تخشى الشركات والمنشآت الناشئة من رفع بيانات عملائها الحساسة والمحمية للسحابة خوفاً من تسريبها بواسطة مزودي الخدمة أو اختراق الخوادم. يقدم المشروع حلول تشفير متطورة تتيح معالجة البيانات والبحث فيها وهي مشفرة بالكامل.,الشركات الناشئة والمنشآت المالية والتقنية
999,فاحص التمور,الزراعة الذكية وفرز الأغذية,"يواجه مصدرو التمور صعوبة في فرز وتصنيف جودة التمور (ممتاز، جودة ثانية) يدوياً وبسرعة فائقة لمواكبة حجم الطلب العالمي الضخم في مواسم الحصاد والتصدير. يعتمد المشروع على الذكاء الاصطناعي ورؤية الحاسوب لفرز التمور حسب الحجم واللون والعيوب آلياً.",مصانع تعبئة وتصدير التمور والمزارعون المحليون
1000,حصاد ذكي,الزراعة الذكية والبيئة,تواجه البيوت المحمية والمزارع هدرًا في مياه الري بسبب غياب التنبؤ الدقيق بحالة الطقس الميكروية واحتياج النبات الفعلي والدقيق للماء والسماد. يقدم المشروع منظومة إنترنت أشياء (IoT) مع تعلم آلي لتحليل رطوبة التربة وأتمتة الري بدقة.,أصحاب المزارع والبيوت المحمية ومشاريع الزراعة
1001,مرصد البنية,صيانة الطرق والمدن,تواجه الأمانات صعوبة في الكشف المبكر عن الهبوط الطفيف وتخلخل التربة أسفل الإسفلت في الطرق الرئيسية قبل حدوث التشققات أو الانهيارات. يستخدم المشروع رادارات اختراق الأرض (GPR) المتنقلة لتحليل سلامة طبقات الطرق آلياً.,"الأمانات، البلديات، وشركات صيانة الطرق"
1002,إسناد الرياضي,الإدارة والتقنية الرياضية,تعاني الأكاديميات الرياضية من غياب أدوات تتبع رقمية موحدة لتحليل التطور الفني والبدني والسجلات الطبية للمواهب الناشئة عبر المواسم. يوفر التطبيق منصة سحابية تجمع قراءات الحساسات والذكاء الاصطناعي لمساعدة المدربين.,الأندية الرياضية والأكاديميات والمواهب الناشئة
1003,بوابة النخيل,الصادرات الزراعية والتموين,يواجه مصدرو التمور السعودية صعوبة في إثبات التزام مزارعهم بمعايير الجودة العضوية ونقاء المحاصيل للمستوردين في الأسواق العالمية. يقدم المشروع سجل تتبع رقمي (Blockchain) يوثق رحلة الثمار من السقاية حتى الشحن.,مزارعو ومصدرو التمور السعودية
1004,تفتيش المباني,السلامة الإنشائية,تستغرق عمليات فحص الأبراج والمباني الشاهقة بعد الهزات الارتدادية أو التغيرات المناخية وقتاً ومخاطرة بشرية للمهندسين. يعتمد المشروع على طائرات درونز ذاتية القيادة تلتقط صوراً عالية الدقة وتحللها برمجياً لرصد الشروخ.,المكاتب الاستشارية وشركات التأمين والملاك
1005,منصة وتيرة,اللوجستيات وإدارة المستودعات,"تواجه مستودعات التبريد مشكلة تكدس الشاحنات عند بوابات الشحن والتفريغ، مما يهدد بفساد الأغذية واللحوم الحساسة. يوفر التطبيق نظاماً ذكياً لجدولة وصول الشاحنات بناءً على السعة الاستيعابية اللحظية للمستودع.",مدراء المستودعات وشركات النقل والتموين
1006,توجيه الطاقة,الشبكات الذكية والطاقة,تعاني المنشآت الصناعية من صعوبة التبديل الآمن والمؤتمت بين مصادر الطاقة التقليدية والمتجددة (كالألواح الشمسية) بناءً على تكلفة التعرفة اللحظية للشبكة. يقدم المشروع نظام تحكم برمجياً يحلل الحمل ويوجه الاستهلاك ذاتياً.,المصانع والمجمعات الصناعية الكبرى
1007,توطين الفن,الثقافة والفنون الرقمية,يواجه مصممو الرسوم المتحركة والألعاب صعوبة في العثور على أصول ونماذج ثلاثية الأبعاد (3D Models) تعكس الهوية المعمارية والثقافية السعودية بدقة. يوفر المشروع مكتبة رقمية ذكية للأصول التراثية الموثقة هندسياً.,مطورو الألعاب ومصممو الرسوم وهواة الفنون
1008,راصد الامتثال,التقنية القانونية والمالية,تجد الشركات المالية والمنصات صعوبة بالغة في مراجعة آلاف المكالمات لخدمة العملاء يدوياً للتأكد من مطابقتها لتشريعات الالتزام الصارمة للبنك المركزي. يعتمد النظام على معالجة اللغة الطبيعية (NLP) للفرز والرصد الفوري.,إدارات الالتزام والرقابة في البنوك والشركات
1009,بصمة العطر,قطاع التجزئة وحماية المستهلك,يتعرض المستهلكون للغش بشراء عطور مقلدة ومعبأة بتركيبات كيميائية رخيصة وضارة تشبه الروائح الأصلية تماماً. يوفر المشروع نظام فحص طيفي محمول يرتبط بالجوال لتحليل المكونات ومطابقتها بالبصمة الأصلية للمصنع.,مصانع العطور الفاخرة والمستهلكون
1010,عالمي الرقمي,رعاية الطفولة والصحة,يواجه أخصائيو النطق صعوبة في استمرار تدريب الأطفال المصابين بالتأتأة وصعوبات النطق من المنازل بشكل تفاعلي ومقاس دون إشراف مباشر. يقدم التطبيق ألعاباً صوتية تفاعلية تعتمد على تحليل النطق وتصحيح الحروف آلياً.,الأطفال ذوو اضطرابات النطق والأخصائيون
1011,فاحص المياه,الأمن المائي والاستدامة,"تستغرق مراقبة جودة مياه المسابح العامة والحدائق المائية وقتاً طويلاً بالفحص اليدوي، مما يهدد بانتشار العدوى البكتيرية. يقدم المشروع مستشعرات عائمة متصلة بالإنترنت تقيس نسبة الكلور والحموضة وتبثها بلحظتها.",مشغلو المجمعات المائية والفنادق والبلديات
1012,إسناد الطوارئ,العمليات الطبية والإسعاف,تواجه مسعفي الهلال الأحمر صعوبة في التعرف على التاريخ الطبي والفسائل الدموية للمصابين الفاقدين للوعي في موقع الحوادث الحرجة. يوفر النظام قراءة سريعة ومصرحة لبيانات المريض الطارئة عبر مسح ملصق ذكي (NFC) يرتديه الشخص.,فرق الإسعاف والطوارئ الطبية والمستشفيات
1013,أمان المصعد,إدارة المرافق وصيانة الأبراج,تعاني الأبراج السكنية والتجارية من توقف المصاعد المفاجئ واحتجاز السكان لغياب أنظمة التنبؤ بالأعطال الميكانيكية قبل حدوثها. يربط المشروع الحبال والمحركات بمستشعرات اهتزاز (Accelerometers) لتحليل تآكل القطع.,شركات الصيانة وإدارة المرافق والأبراج
1014,إيجاز البلاغات,العمليات البلدية والمدن,تواجه مراكز الاتصال الموحد (940) تكدساً في البلاغات المتشابهة جغرافياً عن نفس العطل (مثل انقطاع إنارة شارع) مما يشتت فرق الصيانة. يقوم النظام بدمج البلاغات الجغرافية المتطابقة آلياً في أمر عمل موحد.,الأمانات والبلديات وفرق الصيانة الميدانية
1015,منصة تدوير,الاستدامة البيئية والطباعة,تواجه المطابع ودور النشر صعوبة في التخلص من فوائض الورق والكتب التالفة بطرق تدعم الاقتصاد الدائري وتحمي البيئة. تتيح المنصة ربط المطابع بمصانع الكرتون والتغليف لإعادة شراء الورق وإصدار شهادات بيئية معتمدة.,"المطابع، دور النشر، ومصانع تدوير الورق"
1016,تحكيم الفواتير,التقنية المالية واللوجستيات,تقع خلافات مستمرة بين المنشآت اللوجستية وعملائها حول مبررات رسوم الشحن الإضافية الناتجة عن أوقات الانتظار بالمواقع. يوفر المشروع نظام عقود ذكية تسجل أوقات دخول وخروج الشاحنات جغرافياً وتحسب التكلفة تلقائياً.,شركات الشحن والتجارة الإلكترونية واللوجستيات
1017,مسار الرؤية,دعم ذوي الإعاقة الشامل,يواجه الصم وضعاف السمع خطورة عند السير في الشوارع أو مواقع الإنشاءات لعدم قدرتهم على سماع أبواق السيارات أو تنبيهات الآلات خلفهم. يقدم التطبيق سواراً ذكياً يحلل الأصوات المحيطة ويتحول لاهتزازات مشفرة تنبه المستخدم.,الصم وضعاف السمع والعاملون في الميدان
1018,سوق الصقور,الثروة الحيوانية والتراث,يواجه مشترو الصقور الفاخرة صعوبة في التثبت من سجل الصقر الطبي والبطولات والجينات الموثقة التي شارك فيها سابقاً. يوفر المشروع جواز سفر رقمياً فريداً مشفراً (Blockchain) يربط بشريحة مدمجة تحت جلد الصقر لتوثيق تاريخه.,"نوادي الصقور، الملاك، والمشترون والمستثمرون"
1019,بوابة التخليص,اللوجستيات والتجارة الدولية,تستغرق مراجعة مستندات الشحن البحري ومطابقتها ببيانات الجمارك وفحص التراخيص وقتاً طويلاً يتسبب في غرامات أرضية بالموانئ. يقدم المشروع منصة فحص ومطابقة آلية للمستندات بالذكاء الاصطناعي لتسريع التخليص.,شركات الاستيراد والتصدير والمخلصون الجمركيون
1020,حماية المحصول,الزراعة المحمية والذكية,تتعرض بيوت زراعة الطماطم والمنتجات الحساسة لانتشار الفطريات والآفات بسبب عدم ضبط رطوبة الأوراق ومعدل تجدد الهواء بدقة داخل المحمية. يقدم المشروع نظام تهوية مؤتمت يعتمد على خوارزمية التنبؤ برطوبة الأسطح النباتية.,أصحاب البيوت المحمية والمستثمرون الزراعيون
1021,تأهيل السمع,الرعاية التأهيلية والصحية,يواجه الأطفال زارعي القوقعة الطبية صعوبة في الاستمرار في تمارين التمييز السمعي وتطوير النطق بالمنزل لغياب الوسائل التفاعلية الجاذبة. يوفر التطبيق ألعاباً تعليمية تتدرج في حدة الأصوات وتقيس استجابة الطفل ونطقه برمجياً.,الأطفال زارعو القوقعة ومراكز التأهيل الطبي
1022,تواصل الموظف,إدارة بيئة العمل والشركات,تجد الشركات التي تملك موظفين ميدانيين وسائقين (بلا مكاتب ثابته) صعوبة في قياس مدى وصول وفهم التعاميم الإدارية وأنظمة السلامة الجديدة لهم. يوفر التطبيق منصة تعاميم تفاعلية تدعم الاستبيانات السريعة والإشعارات.,الشركات الكبرى وإدارات الموارد البشرية والعمليات
1023,منصة سند,الاستدامة وحفظ النعمة,تواجه الجمعيات الخيرية صعوبة في التنسيق اللحظي لاستلام فائض الأطعمة الصالحة من الفنادق والمناسبات قبل تلفها لغياب التوجيه اللوجستي السريع. يربط التطبيق الفنادق بأقرب مندوب جمعية بناءً على الموقع الجغرافي وحجم الشحنة.,"الفنادق، قاعات الأفراح، وجمعيات حفظ النعمة"
1024,راصد التآكل,الخدمات الصناعية والطاقة,تواجه أنابيب النفط والمياه في المنشآت الصناعية خطورة التآكل الكيميائي الداخلي غير المرئي الذي قد يؤدي لتسريبات ضخمة أو انفجارات كارثية. يستخدم المشروع تكنولوجيا الأمواج فوق الصوتية المتصلة للتنبؤ بنقاط الضعف بالأنبوب.,شركات الغاز والنفط والمصانع الكبرى والمجمعات
1025,مفتش الأسواق,العمليات الرقابية والتجارة,يستغرق مفتشو الجهات الرقابية وقتاً طويلاً في فحص مطابقة بطاقات الأسعار على الرفوف للأسعار الحقيقية المسجلة بنظام الكاشير بالمحلات التجارية. يوفر التطبيق ميزة المسح البصري السريع للملصقات بالذكاء الاصطناعي لرصد المخالفات.,المفتشون الميدانيون والجهات الرقابية وحماية المستهلك
1026,تثمين المعادن,قطاع التعدين والاستثمار,يواجه المستثمرون في قطاع التعدين صعوبة في تقدير القيمة السوقية العادلة والفورية لسبائك المعادن المستخرجة محلياً بناءً على درجة نقائها المخبري. يقدم المشروع منصة تثمين تربط نتائج الفحص بأسعار البورصة العالمية لحظياً.,"شركات التعدين، الورش والمختبرات، والمستثمرون"
1027,تتبع الأمتعة,قطاع الطيران والمطارات,يعاني المسافرون من القلق والوقوف الطويل غير المنظم أمام سير الحقائب بالمطارات دون معرفة موعد خروج حقائبهم بالتحديد بعد الهبوط. يوفر النظام تتبعاً داخلياً حياً للحقيبة منذ خروجها من الطائرة عبر موجات الراديو (RFID).,المسافرون وإدارات تشغيل وفحص المطارات
1028,منصة أثر,الرعاية الاجتماعية والخيرية,"تواجه حواضن الأيتام صعوبة في إدارة وتوزيع أموال الكفالات بشكل مرن يلبي الاحتياجات المتغيرة للطفل (تعليم، صحة، ترفيه) وتوثيقها للكفلاء بأمان. توفر المنصة محفظة رقمية ذكية تتيح إدارة الميزانيات وتوثيق المصاريف.","الجمعيات الخيرية، دور الرعاية، والكفلاء"
1029,حارس الشبكة,تقنية المعلومات والسيبراني,تتعرض خوادم المنشآت الناشئة لبطء مفاجئ أو توقف تام بسبب هجمات حجب الخدمة (DDoS) غير المرصودة في دقائقها الأولى يدوياً. يوفر المشروع نظام حماية سحابياً يعتمد على تعلم الآلة لتحليل الشذوذ في تدفق البيانات وحجبها تلقائياً.,الشركات التقنية ومسؤولو الشبكات وأمن المعلومات
1030,إرشاد السياح,السياحة البيئية والطبيعية,يواجه زوار المحميات الطبيعية حيرة في العثور على مسارات المشي الآمنة وأماكن رصد الحيوانات المصرحة دون الإضرار بالبيئة الفطرية الحساسة. يقدم التطبيق نظام خرائط تفاعلياً يعتمد على مستشعرات جغرافية لتنبيه الزائر بالحدود.,"السياح، هواة الطبيعة، وإدارات المحميات الفطرية"
1031,عدسة الدواء,السلامة الطبية والصيدلة,يواجه الصيادلة بالمستشفيات خطورة صرف أدوية متشابهة جداً في الشكل الخارجي والعلبة ولكنها مختلفة تماماً في المادة الفعالة والجرعة (Look-Alike). يوفر النظام فحصاً بصرياً ذكياً عند التعبئة للتأكد من الرمز الشريطي والمحتوى.,الصيادلة والمستشفيات والمراكز الطبية
1032,تحليلات النشر,الإعلام الرقمي والثقافة,تفتقر المواقع الثقافية والتعليمية السعودية لأدوات تقيس بدقة مدى ملاءمة صياغة مقالاتها لمستويات القراءة لدى الفئات العمرية المختلفة بالسوق. يقدم المشروع أداة تحليل لغوي تحسب مؤشر صعوبة النص واقتراح البدائل.,"دور النشر، كتاب المحتوى، والمؤسسات التعليمية"
1033,بوابة المصانع,سلاسل الإمداد والمشتريات,تواجه المصانع الصغيرة صعوبة في شراء المواد الخام بأسعار تنافسية لقلة كميات طلباتها مقارنة بالمصانع الضخمة والشركات الكبرى. تجمع المنصة طلبات المشتريات للمصانع الصغيرة في صفقة موحدة للحصول على خصومات الكمية.,أصحاب المصانع الصغيرة ومدراء المشتريات والتموين
1034,راصد الأراضي,حماية البيئة والاستدامة,"تعاني الأراضي البيضاء والمخططات الناشئة من الرمي العشوائي لمخلفات البناء والهدم ليلاً، مما يشوه المظهر الحضري ويصعب تعقبه بالبشر بانتظام. يستخدم المشروع كاميرات حرارية متصلة بخوارزمية رصد الشاحنات لتوثيق المخالفات.","الأمانات، البلديات، وهيئات الرقابة البيئية"
1035,تأجير مرن,التشارك الاقتصادي والتقني,يواجه المهندسون والمصممون الهواة صعوبة وتكلفة باهظة في استئجار المعدات النادرة والثقيلة (كماسحات الليزر ثلاثية الأبعاد) لأيام معدودة بأمان وموثوقية. يقدم التطبيق منصة تأجير موثوقة تضمن فحص الهوية وعقود التأمين التلقائية.,"المهندسون، المصممون، وشركات تأجير المعدات"
1036,مسار الركاب,النقل الذكي والمدن,يعاني مستخدمو حافلات النقل العام من الازدحام وصعوبة معرفة عدد المقاعد الشاغرة في الحافلة القادمة للتخطيط لرحلتهم بكفاءة زمنية. يوفر التطبيق تنبؤات حية تعتمد على كاميرات الحافلة الداخلية ومستشعرات الوزن الأرضية.,ركاب حافلات النقل العام وإدارات النقل والبلديات
1037,وزن شاحنتك,اللوجستيات والنقل البري,تواجه الشاحنات غرامات مالية عالية عند نقاط الوزن على الطرق لعدم علم السائق بالحمل الدقيق بعد تحميل البضاعة ميدانياً بالكامل. يوفر المشروع تطبيقاً يربط بحساسات ضغط هيدروليكية بالمركبة لحساب الوزن فورياً قبل الانطلاق.,سائقو الشاحنات وشركات النقل البري وسلاسل الإمداد
1038,تحليلات اللياقة,الرياضة المجتمعية والصحة,تفتقر مجموعات الدراجات الهوائية والجري للهواة لأدوات تجمع بيانات الأعضاء وتحللها لتقديم تحديات جماعية مخصصة ترفع اللياقة البدنية والنشاط. يتيح التطبيق ربط الساعات الذكية للأعضاء وتوليد لوحات صدارة تفاعلية للمجموعات.,مجموعات الهواة وأندية الرياضة والياقة المجتمعية
1039,أمن البيانات,الحوسبة السحابية والسيبراني,تتخوف المنشآت الطبية والمالية من رفع السجلات الصحية الحساسة للسحابة خوفاً من تسريبها أو اختراقها من مزودي الخدمة الخارجيين. يقدم المشروع حلول تشفير متطورة تتيح معالجة البيانات والبحث فيها وهي مشفرة بالكامل بالخادم.,المستشفيات والشركات الناشئة في القطاع الصحي والمالي
1040,فاحص التمور,فرز الأغذية والزراعة الذكية,يستغرق فرز وتصنيف جودة التمور يدوياً في مصانع التعبئة وقتاً طويلاً ومجهوداً بشرياً ضخماً لتلبية الطلب ومعايير التصدير العالمية الحساسة. يعتمد المشروع على رؤية الحاسوب والذكاء الاصطناعي لفرز التمور حسب الحجم واللون والعيوب آلياً.,مصانع تعبئة وتصدير التمور والمزارعون والمستثمرون
1041,كود التطابق,التقنية المالية والتأمين الصحي,تواجه شركات التأمين صعوبة في الكشف عن الفواتير الطبية المكررة أو المتلاعب بها والمقدمة من مستشفيات متعددة لنفس المريض وعلاجه. خوارزمية ذكية تطابق الأكواد الطبية وتاريخ تقديم المطالبات لرصد الشبهات المالية آلياً.,شركات التأمين الصحي والمستشفيات والمراكز الطبية
1042,منصة وتيرة,إدارة المشاريع واللوجستيات,يعاني مديرو المشاريع اللوجستية من تشتت البيانات عند تتبع أداء الشاحنات والمستودعات والموردين عبر منصات رقمية منفصلة ومتباعدة. يوفر المشروع لوحة تحكم موحدة تجمع البيانات الحية وتحللها للتنبؤ بمواعيد التوصيل بدقة.,شركات النقل وسلاسل الإمداد وإدارات العمليات
1043,راصد الفقد,الطاقة والاستدامة البيئية,تواجه المجمعات السكنية الكبرى هدراً غير مرصود في شبكات توزيع الغاز المركزي نتيجة وجود تسريبات ميكروية خفية وعميقة تحت الأرض. يقدم المشروع مستشعرات ضغط حرارية تحلل تدفق الغاز وتحدد مكان الخلل بدقة وأمان.,شركات الغاز وإدارات المجمعات السكنية والعقارية
1044,إسناد العقود,التقنية القانونية وإدارة الأعمال,تستغرق مراجعة وتدقيق عقود الامتياز التجاري (Franchise) وقتاً طويلاً للتأكد من مطابقتها لاشتراطات وحوكمة الهيئة العامة للمنشآت المحدثة. نظام ذكي يطابق بنود العقد بالأنظمة ويبرز أي ثغرات قانونية خطيرة للمستثمر.,"رواد الأعمال، المستثمرون، والقانونيون والمحامون"
1045,منصة أريب,التقنيات التعليمية والذكاء,يواجه المعلمون صعوبة في قياس مدى استيعاب الطلاب للمفاهيم الرياضية والهندسية المعقدة عبر طرائق التعليم التقليدي التلقيني الجاف. منصة تعليم تكيفي تحول المعادلات إلى مجسمات تفاعلية تتغير هندسياً حسب استجابة الطالب.,"المدارس، المعلمون، وطلاب المراحل التعليمية المختلفة"
1046,حصاد المياه,الاستدامة والأمن المائي,تعاني المجمعات الصناعية من هدر مياه التبريد الناتجة عن المولدات والآلات الضخمة وصعوبة إعادة تدويرها آلياً بناءً على مستوى نقائها اللحظي. صمامات رقمية ذكية تفحص نقاء المياه برمجياً وتوجهها لإعادة الاستخدام في المرافق.,المصانع والمنشآت الصناعية الكبرى وإدارات البيئة
1047,مرشد الميناء,اللوجستيات والنقل البحري,تواجه السفن التجارية فترات انتظار طويلة بالمرافئ لعدم التنسيق الدقيق بين موعد وصول السفينة وجاهزية رافعات الحاويات وسائقين الشحن بالميناء. يقدم المشروع نظام جدولة ديناميكي يتنبأ بأوقات التفريغ بناءً على البيانات الحية.,إدارات الموانئ والشركات الملاحية وسلاسل الإمداد
1048,تحليلات المناحل,الثروة الزراعية والتموين,يصعب على مربي النحل تحديد المواقع الجغرافية المثالية لنقل الخلايا والمناحل حسب مواسم تفتح الأزهار وتوفر الغطاء النباتي الطبيعي محلياً. يحلل التطبيق صور الأقمار الصناعية وبيانات الطقس لاقتراح أماكن الإنتاج الأعلى للعسل.,النحالون ومربو النحل المحليون ومنتجو الأغذية العضوية
1049,بناء واثق,قطاع المقاولات والإنشاءات,تقع خلافات هندسية ومالية بين المقاولين والملاك حول دقة نسب الإنجاز الفعلي للمباني قبل صرف الدفعات المالية لغياب التوثيق المحايد. يوفر التطبيق ميزة المسح بالليزر (LiDAR) عبر الجوال لمطابقة البناء الفعلي بالمخطط الهندسي.,"الملاك، المقاولون، والمكاتب الاستشارية والهندسة"
1050,عقاري الآمن,التقنية العقارية والعمليات,يواجه المستأجرون الجدد مخاوف من التعرض للاحتيال المالي عبر دفع عربون لعقارات وهمية أو غير مصرحة في وسائل التواصل الاجتماعي التقليدية. توفر المنصة نظام حجز وسيطاً يربط الهوية الرقمية للمؤجر بالصك الفعلي المعتمد للعقار.,المستأجرون والوسطاء العقاريون والملاك والتجار
1051,صيدلية الخير,الصحة الرقمية والاستدامة,"تواجه العائلات مشكلة تراكم الأدوية الزائدة والصالحة للاستخدام في المنازل وهدرها، بينما تحتاجها أسر أخرى لارتفاع تكلفتها. منصة تنظم تجميع الأدوية وفحصها طبياً وإعادة توزيعها عبر الجمعيات الرسمية.",الجمعيات الصحية الأهلية والأسر
1052,صوت البحر,البيئة البحرية والاستدامة,يعاني الباحثون من صعوبة رصد مستويات التلوث السمعي الناتج عن السفن والمصانع الساحلية وتأثيره السلبي على الكائنات البحرية بالبحر الأحمر. شبكة ميكروفونات مائية (Hydrophones) تحلل الأصوات وتبثها لحظياً.,هيئات حماية البيئة ومراكز الأبحاث
1053,مسار آمن,الخدمات اللوجستية والسلامة,يتعرض عمال توصيل الطلبات بالدراجات النارية لحوادث مرورية متكررة بسبب توجيههم عبر مسارات سريعة غير آمنة للدراجات. يقدم المشروع محرك خرائط مخصصاً يقترح الطرق الداخلية والأكثر أماناً للسائقين.,شركات التوصيل وعمال الشحن الميداني
1054,مزاد الإرث,الاقتصاد الثقافي والفنون,يواجه المهتمون بالكتب والمخطوطات التراثية النادرة صعوبة في التحقق من أصالة المعروضات في المزادات التقليدية وتثمينها العادل. منصة مزادات رقمية مدعومة بعقود ذكية وتوثيق تاريخي لكل قطعة لمنع التزوير.,الهواة ومقتنو التراث والمكتبات الوطنية
1055,نقاء المكتب,إدارة المرافق وبيئة العمل,تعاني بيئات العمل المغلقة من انخفاض إنتاجية الموظفين وشعورهم بالخمول نتيجة تذبذب نسب الأكسجين وجودة الهواء الداخلي دون رصد. منظومة مستشعرات ذكية تقيس الغازات وتتحكم في تجدد الهواء آلياً.,الشركات وإدارات المرافق والموارد البشرية
1056,كربون بلس,الاستدامة والتقنية المالية,تواجه الشركات الناشئة تعقيدات وتكلفة عالية في حساب حجم بصمتها الكربونية لتقديمها للجهات التمويلية للحصول على تمويل أخضر. أداة برمجية تحلل فواتير الاستهلاك والعمليات وتولد تقارير كربونية معتمدة.,الشركات الناشئة والمنشآت التمويلية
1057,منظومة سديم,السياحة الفلكية والترفيه,يجد هواة رصد النجوم والتخييم الفلكي صعوبة في تحديد الأماكن الأقل تلوثاً ضوئياً في صحاري المملكة والتنبؤ بصفاء السماء لحظياً. تطبيق يدمج صور الأقمار الصناعية لخرائط التلوث الضوئي لاقتراح مواقع الرصد الفلكي.,"هواة الفلك، السياح، ومجموعات التخييم"
1058,راصد التجميد,سلامة الأغذية والتجزئة,يواجه المستهلكون خطورة شراء لحوم أو أغذية تعرضت للذوبان وإعادة التجميد نتيجة انقطاع الكهرباء المؤقت في السوبرماركت مما يسبب تسمماً. ملصق ذكي يتغير لونه بشكل دائم إذا تجاوزت العبوة حرارة معينة.,مستهلكو الأغذية ومفتشو الصحة والبلديات
1059,جراح الافتراضي,التعليم الطبي والرعاية,يفتقر الأطباء حديثو التخرج لبيئات تفاعلية آمنة ومقاسة لتدريبهم على جراحات الطوارئ النادرة والخطيرة قبل الممارسة الفعلية. بيئة محاكاة بالواقع المختلط (MR) تقيس دقة وثبات حركة يد الطبيب وتوجهه جراحياً.,كليات الطب والأطباء حديثو التخرج
1060,ميزان الماء,الاستدامة الصناعية,تستهلك خطوط إنتاج المصانع (كالأغذية والمشروبات) كميات ضخمة من المياه دون وجود رصد ميكروي يحدد مواضع الهدر في مراحل التصنيع. يقدم المشروع لوحة تحكم ذكية ترصد التدفق وتتنبأ بالهدر آلياً.,المصانع ومهندسو الاستدامة والتشغيل
1061,صيانة الملاعب,الإدارة الرياضية والمرافق,تعاني الأندية والمنشآت الرياضية من تلف الأرضيات العشبية والأجهزة نتيجة عشوائية جدولة الصيانة الدورية وغياب رصد كثافة الاستخدام اليومي. تطبيق يربط صيانة المرافق بحجم الاستخدام عبر مستشعرات حركية.,"الأندية الرياضية، وإدارات المرافق الحكومية"
1062,هوية منتج,الاقتصاد الإبداعي والتجارة,يواجه أصحاب المشاريع الناشئة صعوبة في العثور على مصممين محليين لابتكار هويات وتغليف لمنتجاتهم تعكس الثقافة السعودية بدقة. منصة تربط المصممين بالمنشآت وتوفر أدوات فحص وتطابق الهوية البصرية ثقافياً.,"رواد الأعمال، المصممون، ومصانع التعبئة"
1063,فاحص الابتكار,التقنية القانونية وبراءات الاختراع,يستغرق المبتكرون والمخترعون شهوراً في البحث يدوياً داخل قواعد البيانات للتأكد من عدم تشابه فكرتهم مع براءات اختراع سابقة. محرك بحث ذكي يحلل النصوص والرسوم الهندسية للتأكد من الأصالة فوراً.,"المخترعون، الباحثون، ومكاتب الملكية الفكرية"
1064,مساحة آمنة,الصحة النفسية وبيئة العمل,يتردد الموظفون في طلب الدعم النفسي لمواجهة ضغوط العمل خوفاً من التأثير على تقييمهم الوظيفي أو تسريب خصوصيتهم. منصة تقدم استشارات نفسية وجلسات جماعية مجهولة الهوية بالكامل وتضمن السرية.,الشركات والموظفون في البيئات عالية الضغط
1065,حافلة الطالب,النقل الذكي والتعليم,يواجه طلاب الجامعات في المحافظات الصغيرة صعوبة وتكلفة في العثور على وسائل نقل يومية منتظمة للجامعة. تطبيق ينظم رحلات نقل تشاركي (Car-pooling) مخصصة وآمنة للطلاب بناءً على جداول المحاضرات الفردية.,طلاب الجامعات وأولياء الأمور وشركات النقل
1066,نبض التوربين,الطاقة المتجددة والصيانة,تواجه محطات توليد طاقة الرياح تعطل التوربينات المفاجئ نتيجة إجهاد الشفرات لعدم وجود رصد ميكانيكي مستمر. نظام يربط الشفرات بمستشعرات الألياف الضوئية الذكية لقياس الإجهاد الهيكلي والتنبؤ بالخلل قبل الكسر.,مشغلو محطات طاقة الرياح والمهندسون
1067,رصيف الشحن,المدن الذكية واللوجستيات,تتسبب شاحنات توصيل البضائع للمحلات في اختناقات مرورية وسط المدن لعدم توفر مواقف أو أرصفة تفريغ شاغرة بانتظام. تطبيق يتيح حجز وجدولة أوقات استخدام أرصفة التحميل والتفريغ جغرافياً وتجنب الذروة.,"شركات الشحن والتوصيل، أمانات المدن، والمرور"
1068,غياث الرقمي,العمل الإنساني والإغاثي,تواجه المنظمات الإغاثية تعقيدات وبطء في فرز وتوجيه المساعدات الإنسانية العاجلة لمستحقيها في مناطق الأزمات لغياب البيانات الموحدة. منصة تعتمد على معالجة البيانات الضخمة وصور الأقمار الصناعية لتحديد الاحتياج.,الجمعيات الإغاثية والمنظمات الإنسانية
1069,شحن النخيل,الصادرات الزراعية واللوجستيات,تتأثر جودة التمور الفاخرة الطازجة المصدرة جوياً بأي تذبذب في مستويات الرطوبة والضغط داخل عنابر الشحن بالطائرات دون توثيق. وسم ذكي يوضع في حاويات الشحن يسجل المؤشرات البيئية طوال الرحلة لمنع الخسائر.,مصدرو التمور السعودية وشركات الشحن الجوي
1070,بيان التأمين,تقنيات التأمين (InsurTech),"يواجه المستهلكون صعوبة في فهم البنود القانونية المعقدة في وثائق التأمين، مما يعرضهم لرفض التعويض لجهلهم بالاستثناءات. أداة تلخص وثيقة التأمين بالذكاء الاصطناعي وتبسط الشروط والحقوق بلغة واضحة.",الأفراد والمستهلكون والمنشآت الناشئة
1071,مقياس النضج,الزراعة الذكية وفرز الأغذية,"يعتمد فرز نضج التمور في المصانع على الرؤية البصرية الخارجية فقط، مما قد يخفي عيوباً أو جفافاً داخلياً للنواة يتلف المنتج لاحقاً. جهاز فحص يعتمد على الأشعة القريبة من الحمراء لقياس نسبة الرطوبة والسكر داخلياً.",مصانع تعبئة التمور والمزارعون والمصدرون
1072,محفظة بصير,دعم ذوي الإعاقة والدمج الرقمي,يواجه المكفوفون صعوبة وتخوفاً من التعرض للاحتيال عند استلام أو دفع العملات الورقية والمعدنية المحلية لعدم قدرتهم على تمييزها يدوياً بسرعة. تطبيق بمسح بصري فوري يحدد فئة العملة وينطق قيمتها بوضوح.,المكفوفون وضعاف البصر
1073,صيانة الشبكة,البنية التحتية والشبكات,تتعرض خطوط نقل الكهرباء الهوائية للانقطاع المفاجئ بسبب العواصف الرملية أو الحرارة العالية لضعف التنبؤ بنقاط الضعف بالأسلاك. يستخدم المشروع المسح الليزري (LiDAR) الحراري عبر طائرات مسيرة لرصد تآكل الخطوط.,شركات الكهرباء والمهندسون وفنيو الميدان
1074,مسار الكشافة,التعليم اللامنهجي والشباب,"تفتقر الجمعيات والمنظمات الشبابية لمنصات رقمية موحدة تنظم معسكرات الكشافة وتتبع مهارات وأوسمة المشاركين ميدانياً. منصة لجدولة الأنشطة، وتوثيق المهارات المكتسبة بالصور والتقييم لمشاركة الإنجازات.","جمعيات الكشافة، الطلاب، وأولياء الأمور"
1075,عين المطبخ,سلامة الأغذية والمطابخ السحابية,يصعب على منصات الطعام التحقق المستمر من التزام العاملين في المطابخ السحابية بارتداء القفازات وغطاء الرأس أثناء تحضير الطلبات. نظام مراقبة يعتمد على رؤية الحاسوب لرصد مخالفات السلامة وإخطار المشرف فورا.,مشغلو المطابخ السحابية وسلاسل المطاعم
1076,محرر الصوت,الإعلام الرقمي وصناعة المحتوى,يستغرق صناع البودكاست والمحتوى الصوتي الناشئون ساعات طويلة في تنظيف التسجيلات من صدى الصوت والضوضاء المحيطة لجهلهم بهندسة الصوت. أداة تعتمد على الذكاء الاصطناعي لتنقية الصوت وتحسين نبرته بلمسة واحدة.,"صناع المحتوى الصوتي، الإعلاميون، والمسوقون"
1077,منصة كتابي,التشارك الاقتصادي والتعليم,"يواجه طلاب الجامعات عبئاً مالياً في شراء الكتب المدرسية والمراجع الأكاديمية الثمينة لكل فصل دراسي جديد رغم توفرها مستعملة لدى زملائهم. تطبيق يتيح تبادل، بيع، أو إعارة الكتب الأكاديمية بين طلاب الجامعة بأمان.",طلاب الجامعات والمعاهد العليا
1078,مرور الدرونز,المدن الذكية والنقل الجوي,"مع تزايد استخدام الطائرات المسيرة (Drones) في التوصيل والتصوير، يرتفع خطر تصادمها في الأجواء الحضرية لغياب التنسيق الجوي الميكروي. نظام إدارة حركة جوية منخفضة الارتفاع يحدد المسارات والمواعيد آلياً.",هيئات الطيران المدني والشركات المشغلة للدرونز
1079,وقف رقمي,التقنية المالية الوقفية,يفتقر المانحون والمساهمون في الأوقاف لآليات شفافة تتيح لهم تتبع الأثر التنموي والمالي الفعلي لمساهماتهم الوقفية بانتظام. منصة توثق الصكوك الوقفية وتتبع صرف العوائد في المشاريع عبر تقنية البلوكشين.,"الهيئات الوقفية، الجمعيات الأهلية، والمانحون"
1080,قيادة مرنة,دعم ذوي الإعاقة والنقل,يواجه الصم وضعاف السمع صعوبة في تعلم قيادة المركبات بالمدارس التقليدية لعدم توفر مدربين بلغة الإشارة أو محاكاة تفاعلية تناسبهم. نظام محاكاة قيادة ذكي يترجم التوجيهات وإشارات المرور الصوتية لبصرية وتفاعلية.,الصم وضعاف السمع ومدارس القيادة
1081,إنذار الرعي,الأمن البيئي والاستدامة,تتسبب حرائق الأعشاب المفاجئة في المراعي والغطاء النباتي المفتوح في خسائر بيئية ضخمة وصعوبة رصد بؤرة الحريق في دقائقها الأولى. نظام يحلل مؤشرات الجفاف والرياح وصور الأقمار الصناعية للتنبؤ والتحذير الاستباقي.,وزارة البيئة والقوات الخاصة للأمن البيئي
1082,مرسى الصيانة,اللوجستيات والنقل البحري,يواجه أصحاب قوارب الصيد واليخوت السياحية صعوبة في العثور على قطع غيار أصلية ومواعيد صيانة موثقة لآلياتهم البحرية بالورش المرفئية. تطبيق يوفر دليلاً لورش الصيانة البحرية وحجز المواعيد وتتبع قطع الغيار.,"ملاك القوارب واليخوت، وورش الصيانة البحرية"
1083,ملخص المحاضرة,التقنيات التعليمية والذكاء,"يستغرق الطلاب وقتاً في مراجعة وتدوين الملاحظات خلف أساتذة الجامعات أثناء المحاضرات الصوتية الطويلة، مما يشتت تركيزهم عن الفهم. أداة تسجل المحاضرة وتحولها لملخص نصي منظم وخرائط ذهنية عربية مضبوطة.",طلاب الجامعات والمعاهد والمؤسسات التعليمية
1084,إمداد الحقل,الزراعة الذكية وسلاسل الإمداد,تعاني المزارع من تلف المحاصيل نتيجة استخدام أسمدة ومغذيات زراعية مغشوشة أو منتهية الصلاحية دون علم المزارع لضعف التوثيق. منصة تتبع تضمن سلامة وموثوقية الأسمدة من المصنع وحتى الحقل عبر الباركود المشفر.,"المزارعون، موردو المواد الزراعية، والجهات الرقابية"
1085,غرس الأخضر,الاستدامة والتقنية المالية,"يرغب الكثير من الأفراد في المساهمة في مشاريع التشجير ومكافحة التصحر، ولكنهم يفتقرون لمنصة موثوقة تتيح الاستثمار البيعي عبر أرصدة الكربون. منصة تتيح شراء الأشجار وتتبع نموها جغرافياً لتعويض الانبعاثات الفردية.","الأفراد، المنشآت المهتمة بالبيئة، والجمعيات"
1086,حامي التراث,إدارة المرافق والتراث العمراني,تواجه المباني والمساجد التاريخية القديمة خطر التلف الإنشائي نتيجة تسريبات المياه الخفية داخل الجدران الطينية أو الحجرية الحساسة. نظام يعتمد على مستشعرات رطوبة لاسلكية متناهية الصغر تزرع بالجدران للإنذار المبكر.,هيئات تطوير المواقع التراثية ووزارة الثقافة
1087,مساعد يسر,الخدمات الحكومية الرقمية,يواجه كبار السن والأميّون صعوبة في التعامل الذاتي مع منصات الخدمات الحكومية الرقمية (كأبشر وناجز) لتعقد خطواتها يدوياً عليهم. مساعد صوتي ذكي تفاعلي يوجه المستخدم خطوة بخطوة بالصوت لإتمام المعاملة بأمان.,"كبار السن، الأميون، وإدارات التحول الرقمي"
1088,عين المنسوجات,التصنيع الذكي وقطاع الأعمال,تواجه مصانع المنسوجات والزي الموحد خسائر بسبب ظهور عيوب خياطة أو نسج ميكروية في دفعات الإنتاج الكبيرة لا تكتشف بالفحص البشري السريع. نظام مسح بصري ذكي على خطوط الإنتاج يكتشف العيوب ويفرز القطع آلياً.,مصانع الملابس والمنسوجات وإدارات الجودة
1089,مطبخ عضوي,الأمن الغذائي والتجارة,يجد المهتمون بالغذاء الصحي صعوبة في الوصول المباشر والمستدام لمزارع الخضروات العضوية المحلية والشراء منها بدون وسطاء يرفعون السعر. تطبيق يربط أصحاب المزارع العضوية بالمستهلكين مباشرة وحجز حصاد أسبوعي.,المستهلكون المهتمون بالصحة وأصحاب المزارع
1090,راصد القفز,التقنية الرياضية والثروة الحيوانية,يواجه مدربو قفز الحواجز للخيل صعوبة في التحليل الدقيق لزوايا انطلاق الخيل واتزانه البدني أثناء القفز بالعين المجردة لتطوير المداء. يستخدم التطبيق رؤية الحاسوب عبر الكاميرا الميدانية لتحليل هندسة القفزة.,"ملاك الخيل، الفرسان، والمدربون في الإسطبلات"
1091,فاحص التطبيق,الأمن السيبراني والبرمجيات,تواجه الشركات الناشئة خطر رفض تطبيقاتها من المتاجر الكبرى أو اختراقها لعدم توافق أكوادها مع الضوابط السيبرانية الوطنية (SCA). إضافة برمجية تفحص الكود وتطابقه بالمعايير المحلية قبل النشر وتحذر من الثغرات.,مطورو البرمجيات والشركات التقنية الناشئة
1092,غواص العلم,السياحة العلمية والبيئة البحرية,تفتقر الجهات البيئية لبيانات حية ومحدثة ومصورة عن أماكن تواجد الكائنات البحرية النادرة بالبحر الأحمر لقلة المتخصصين ميدانياً. تطبيق يتيح للغواصين الهواة رفع صور وإحداثيات مشاهداتهم وتصنيفها بالذكاء الاصطناعي.,"الغواصون الهواة، الباحثون، والهيئات البيئية"
1093,مزاد التمور,التقنية الزراعية المالية,تفتقر المزادات الموسمية الكبرى للتمور (كمزاد بريدة) لآليات رقمية تضمن شفافية التسعير وسرعة توثيق الصفقات والدفع الفوري للبائعين وسط الزحام. منصة للمزادات العلنية الرقمية مدعومة بالعقود الذكية لتوثيق البيع بلحظته.,تجار ومزارعو التمور ومنظمو المزادات الزراعية
1094,مسار القطار,تقنيات الحج والعمرة والنقل,يواجه الحجاج ارتباكاً وتكدساً خانقاً عند بوابات وأرصفة قطار المشاعر المقدسة لعدم معرفتهم اللحظية بالعربات الأقل ازدحاماً. نظام يحلل وزن الحافلات وكاميرات الرصيف ليوجه الحجاج عبر شاشات تفاعلية للأبواب الأنسب.,"الحجاج، وزارة الحج، وهيئة تشغيل القطارات"
1095,مخزون الأسطول,إدارة الأساطيل واللوجستيات,تعاني شركات النقل الكبرى من تجميد سيولتها المالية في مستودعات قطع غيار الشاحنات نتيجة الشراء العشوائي لقطع منخفضة الاستهلاك لغياب البيانات. نظام يتنبأ بعمر القطع الافتراضي ويؤتمت الشراء والطلب حسب الحاجة.,شركات النقل البري والخدمات اللوجستية ومدراء الأساطيل
1096,صنايعي مرن,الاقتصاد الدائري وقطاع الأعمال,"تواجه ورش ومصانع الديكور والأثاث مشكلة تكدس وفقدان السيولة في فوائض الأخشاب والمعادن الصلبة الصالحة للاستخدام والتي ترمى لاحقاً. تطبيق يتيح للورش تبادل، بيع، أو شراء الفوائض الصناعية فيما بينهم بأسعار مخفضة.",أصحاب ورش الخشب والمعادن ومصممو الديكور
1097,ميزان السكري,الصحة الرقمية ورعاية المرضى,يواجه مرضى السكري صعوبة بالغة في الحساب الدقيق لنسب الكربوهيدرات والجرعات الأنسولين المناسبة عند تناول الأطباق الشعبية السعودية (كالكبسة والجريش). تطبيق يحلل صورة الطبق ويقدر السعرات والكربوهيدرات بدقة محلياً.,مرضى السكري والعائلات وأخصائيو التغذية
1098,تاريخ مركبتك,تقنيات السيارات وحماية المستهلك,يتعرض مشتري السيارات المستعملة للاحتيال لعدم وجود سجل رقمي موحد يضمن دقة سجلات الصيانة الدورية السابقة وعدم التلاعب بممشى العداد. نظام يوثق سجلات الصيانة من الورش المعتمدة ويرفعها في سجل مشفر ومحمي.,مشتري وبائعي السيارات المستعملة والورش
1099,مرسم الافتراضي,التعليم الإبداعي والفنون,يفتقر المبتدئون الشغوفون بالفنون التشكيلية والنحت لبيئات تدريبية تفاعلية واقتصادية تتيح لهم تشكيل المجسمات واللوحات يدوياً دون هدر المواد الثمينة. تطبيق يوفر استوديو فنياً ثلاثي الأبعاد بالواقع الافتراضي (VR) للتدريب.,"هواة الفنون التشكيلية، الطلاب، والمراكز الثقافية"
1100,راصد المكب,البيئة والاستدامة المدنية,تواجه الأمانات صعوبة في الرصد والتحكم اللحظي بانبعاثات الغازات والروائح الكريهة الناتجة عن مكبات النفايات وتأثيرها الجغرافي على الأحياء القريبة. شبكة مستشعرات جغرافية مخصصة تحلل الغازات والرياح لتوجيه المعالجة البيئية.,"الأمانات، البلديات، والمنشآت البيئية وسكان المدن"
1051,صيدلية الخير,الصحة الرقمية والاستدامة,"تواجه العائلات مشكلة تراكم الأدوية الزائدة والصالحة للاستخدام في المنازل وهدرها، بينما تحتاجها أسر أخرى لارتفاع تكلفتها. منصة تنظم تجميع الأدوية وفحصها طبياً وإعادة توزيعها عبر الجمعيات الرسمية.",الجمعيات الصحية الأهلية والأسر
1052,صوت البحر,البيئة البحرية والاستدامة,يعاني الباحثون من صعوبة رصد مستويات التلوث السمعي الناتج عن السفن والمصانع الساحلية وتأثيره السلبي على الكائنات البحرية بالبحر الأحمر. شبكة ميكروفونات مائية (Hydrophones) تحلل الأصوات وتبثها لحظياً.,هيئات حماية البيئة ومراكز الأبحاث
1053,مسار آمن,الخدمات اللوجستية والسلامة,يتعرض عمال توصيل الطلبات بالدراجات النارية لحوادث مرورية متكررة بسبب توجيههم عبر مسارات سريعة غير آمنة للدراجات. يقدم المشروع محرك خرائط مخصصاً يقترح الطرق الداخلية والأكثر أماناً للسائقين.,شركات التوصيل وعمال الشحن الميداني
1054,مزاد الإرث,الاقتصاد الثقافي والفنون,يواجه المهتمون بالكتب والمخطوطات التراثية النادرة صعوبة في التحقق من أصالة المعروضات في المزادات التقليدية وتثمينها العادل. منصة مزادات رقمية مدعومة بعقود ذكية وتوثيق تاريخي لكل قطعة لمنع التزوير.,الهواة ومقتنو التراث والمكتبات الوطنية
1055,نقاء المكتب,إدارة المرافق وبيئة العمل,تعاني بيئات العمل المغلقة من انخفاض إنتاجية الموظفين وشعورهم بالخمول نتيجة تذبذب نسب الأكسجين وجودة الهواء الداخلي دون رصد. منظومة مستشعرات ذكية تقيس الغازات وتتحكم في تجدد الهواء آلياً.,الشركات وإدارات المرافق والموارد البشرية
1056,كربون بلس,الاستدامة والتقنية المالية,تواجه الشركات الناشئة تعقيدات وتكلفة عالية في حساب حجم بصمتها الكربونية لتقديمها للجهات التمويلية للحصول على تمويل أخضر. أداة برمجية تحلل فواتير الاستهلاك والعمليات وتولد تقارير كربونية معتمدة.,الشركات الناشئة والمنشآت التمويلية
1057,منظومة سديم,السياحة الفلكية والترفيه,يجد هواة رصد النجوم والتخييم الفلكي صعوبة في تحديد الأماكن الأقل تلوثاً ضوئياً في صحاري المملكة والتنبؤ بصفاء السماء لحظياً. تطبيق يدمج صور الأقمار الصناعية لخرائط التلوث الضوئي لاقتراح مواقع الرصد الفلكي.,"هواة الفلك، السياح، ومجموعات التخييم"
1058,راصد التجميد,سلامة الأغذية والتجزئة,يواجه المستهلكون خطورة شراء لحوم أو أغذية تعرضت للذوبان وإعادة التجميد نتيجة انقطاع الكهرباء المؤقت في السوبرماركت مما يسبب تسمماً. ملصق ذكي يتغير لونه بشكل دائم إذا تجاوزت العبوة حرارة معينة.,مستهلكو الأغذية ومفتشو الصحة والبلديات
1059,جراح الافتراضي,التعليم الطبي والرعاية,يفتقر الأطباء حديثو التخرج لبيئات تفاعلية آمنة ومقاسة لتدريبهم على جراحات الطوارئ النادرة والخطيرة قبل الممارسة الفعلية. بيئة محاكاة بالواقع المختلط (MR) تقيس دقة وثبات حركة يد الطبيب وتوجهه جراحياً.,كليات الطب والأطباء حديثو التخرج
1060,ميزان الماء,الاستدامة الصناعية,تستهلك خطوط إنتاج المصانع (كالأغذية والمشروبات) كميات ضخمة من المياه دون وجود رصد ميكروي يحدد مواضع الهدر في مراحل التصنيع. يقدم المشروع لوحة تحكم ذكية ترصد التدفق وتتنبأ بالهدر آلياً.,المصانع ومهندسو الاستدامة والتشغيل
1061,صيانة الملاعب,الإدارة الرياضية والمرافق,تعاني الأندية والمنشآت الرياضية من تلف الأرضيات العشبية والأجهزة نتيجة عشوائية جدولة الصيانة الدورية وغياب رصد كثافة الاستخدام اليومي. تطبيق يربط صيانة المرافق بحجم الاستخدام عبر مستشعرات حركية.,"الأندية الرياضية، وإدارات المرافق الحكومية"
1062,هوية منتج,الاقتصاد الإبداعي والتجارة,يواجه أصحاب المشاريع الناشئة صعوبة في العثور على مصممين محليين لابتكار هويات وتغليف لمنتجاتهم تعكس الثقافة السعودية بدقة. منصة تربط المصممين بالمنشآت وتوفر أدوات فحص وتطابق الهوية البصرية ثقافياً.,"رواد الأعمال، المصممون، ومصانع التعبئة"
1063,فاحص الابتكار,التقنية القانونية وبراءات الاختراع,يستغرق المبتكرون والمخترعون شهوراً في البحث يدوياً داخل قواعد البيانات للتأكد من عدم تشابه فكرتهم مع براءات اختراع سابقة. محرك بحث ذكي يحلل النصوص والرسوم الهندسية للتأكد من الأصالة فوراً.,"المخترعون، الباحثون، ومكاتب الملكية الفكرية"
1064,مساحة آمنة,الصحة النفسية وبيئة العمل,يتردد الموظفون في طلب الدعم النفسي لمواجهة ضغوط العمل خوفاً من التأثير على تقييمهم الوظيفي أو تسريب خصوصيتهم. منصة تقدم استشارات نفسية وجلسات جماعية مجهولة الهوية بالكامل وتضمن السرية.,الشركات والموظفون في البيئات عالية الضغط
1065,حافلة الطالب,النقل الذكي والتعليم,يواجه طلاب الجامعات في المحافظات الصغيرة صعوبة وتكلفة في العثور على وسائل نقل يومية منتظمة للجامعة. تطبيق ينظم رحلات نقل تشاركي (Car-pooling) مخصصة وآمنة للطلاب بناءً على جداول المحاضرات الفردية.,طلاب الجامعات وأولياء الأمور وشركات النقل
1066,نبض التوربين,الطاقة المتجددة والصيانة,تواجه محطات توليد طاقة الرياح تعطل التوربينات المفاجئ نتيجة إجهاد الشفرات لعدم وجود رصد ميكانيكي مستمر. نظام يربط الشفرات بمستشعرات الألياف الضوئية الذكية لقياس الإجهاد الهيكلي والتنبؤ بالخلل قبل الكسر.,مشغلو محطات طاقة الرياح والمهندسون
1067,رصيف الشحن,المدن الذكية واللوجستيات,تتسبب شاحنات توصيل البضائع للمحلات في اختناقات مرورية وسط المدن لعدم توفر مواقف أو أرصفة تفريغ شاغرة بانتظام. تطبيق يتيح حجز وجدولة أوقات استخدام أرصفة التحميل والتفريغ جغرافياً وتجنب الذروة.,"شركات الشحن والتوصيل، أمانات المدن، والمرور"
1068,غياث الرقمي,العمل الإنساني والإغاثي,تواجه المنظمات الإغاثية تعقيدات وبطء في فرز وتوجيه المساعدات الإنسانية العاجلة لمستحقيها في مناطق الأزمات لغياب البيانات الموحدة. منصة تعتمد على معالجة البيانات الضخمة وصور الأقمار الصناعية لتحديد الاحتياج.,الجمعيات الإغاثية والمنظمات الإنسانية
1069,شحن النخيل,الصادرات الزراعية واللوجستيات,تتأثر جودة التمور الفاخرة الطازجة المصدرة جوياً بأي تذبذب في مستويات الرطوبة والضغط داخل عنابر الشحن بالطائرات دون توثيق. وسم ذكي يوضع في حاويات الشحن يسجل المؤشرات البيئية طوال الرحلة لمنع الخسائر.,مصدرو التمور السعودية وشركات الشحن الجوي
1070,بيان التأمين,تقنيات التأمين (InsurTech),"يواجه المستهلكون صعوبة في فهم البنود القانونية المعقدة في وثائق التأمين، مما يعرضهم لرفض التعويض لجهلهم بالاستثناءات. أداة تلخص وثيقة التأمين بالذكاء الاصطناعي وتبسط الشروط والحقوق بلغة واضحة.",الأفراد والمستهلكون والمنشآت الناشئة
1071,مقياس النضج,الزراعة الذكية وفرز الأغذية,"يعتمد فرز نضج التمور في المصانع على الرؤية البصرية الخارجية فقط، مما قد يخفي عيوباً أو جفافاً داخلياً للنواة يتلف المنتج لاحقاً. جهاز فحص يعتمد على الأشعة القريبة من الحمراء لقياس نسبة الرطوبة والسكر داخلياً.",مصانع تعبئة التمور والمزارعون والمصدرون
1072,محفظة بصير,دعم ذوي الإعاقة والدمج الرقمي,يواجه المكفوفون صعوبة وتخوفاً من التعرض للاحتيال عند استلام أو دفع العملات الورقية والمعدنية المحلية لعدم قدرتهم على تمييزها يدوياً بسرعة. تطبيق بمسح بصري فوري يحدد فئة العملة وينطق قيمتها بوضوح.,المكفوفون وضعاف البصر
1073,صيانة الشبكة,البنية التحتية والشبكات,تتعرض خطوط نقل الكهرباء الهوائية للانقطاع المفاجئ بسبب العواصف الرملية أو الحرارة العالية لضعف التنبؤ بنقاط الضعف بالأسلاك. يستخدم المشروع المسح الليزري (LiDAR) الحراري عبر طائرات مسيرة لرصد تآكل الخطوط.,شركات الكهرباء والمهندسون وفنيو الميدان
1074,مسار الكشافة,التعليم اللامنهجي والشباب,"Tفتقر الجمعيات والمنظمات الشبابية لمنصات رقمية موحدة تنظم معسكرات الكشافة وتتبع مهارات وأوسمة المشاركين ميدانياً. منصة لجدولة الأنشطة، وتوثيق المهارات المكتسبة بالصور والتقييم لمشاركة الإنجازات.","جمعيات الكشافة، الطلاب، وأولياء الأمور"
1075,عين المطبخ,سلامة الأغذية والمطابخ السحابية,يصعب على منصات الطعام التحقق المستمر من التزام العاملين في المطابخ السحابية بارتداء القفازات وغطاء الرأس أثناء تحضير الطلبات. نظام مراقبة يعتمد على رؤية الحاسوب لرصد مخالفات السلامة وإخطار المشرف فوراً.,مشغلو المطابخ السحابية وسلاسل المطاعم
1076,محرر الصوت,الإعلام الرقمي وصناعة المحتوى,يستغرق صناع البودكاست والمحتوى الصوتي الناشئون ساعات طويلة في تنظيف التسجيلات من صدى الصوت والضوضاء المحيطة لجهلهم بهندسة الصوت. أداة تعتمد على الذكاء الاصطناعي لتنقية الصوت وتحسين نبرته بلمسة واحدة.,"صناع المحتوى الصوتي، الإعلاميون، والمسوقون"
1077,منصة كتابي,التشارك الاقتصادي والتعليم,"يواجه طلاب الجامعات عبئاً مالياً في شراء الكتب المدرسية والمراجع الأكاديمية الثمينة لكل فصل دراسي جديد رغم توفرها مستعملة لدى زملائهم. تطبيق يتيح تبادل، بيع، أو إعارة الكتب الأكاديمية بين طلاب الجامعة بأمان.",طلاب الجامعات والمعاهد العليا
1078,مرور الدرونز,المدن الذكية والنقل الجوي,"مع تزايد استخدام الطائرات المسيرة (Drones) في التوصيل والتصوير، يرتفع خطر تصادمها في الأجواء الحضرية لغياب التنسيق الجوي الميكروي. نظام إدارة حركة جوية منخفضة الارتفاع يحدد المسارات والمواعيد آلياً.",هيئات الطيران المدني والشركات المشغلة للدرونز
1079,وقف رقمي,التقنية المالية الوقفية,يفتقر المانحون والمساهمون في الأوقاف لآليات شفافة تتيح لهم تتبع الأثر التنموي والمالي الفعلي لمساهماتهم الوقفية بانتظام. منصة توثق الصكوك الوقفية وتتبع صرف العوائد في المشاريع عبر تقنية البلوكشين.,"الهيئات الوقفية، الجمعيات الأهلية، والمانحون"
1080,قيادة مرنة,دعم ذوي الإعاقة والنقل,يواجه الصم وضعاف السمع صعوبة في تعلم قيادة المركبات بالمدارس التقليدية لعدم توفر مدربين بلغة الإشارة أو محاكاة تفاعلية تناسبهم. نظام محاكاة قيادة ذكي يترجم التوجيهات وإشارات المرور الصوتية لبصرية وتفاعلية.,الصم وضعاف السمع ومدارس القيادة
1081,إنذار الرعي,الأمن البيئي والاستدامة,تتسبب حرائق الأعشاب المفاجئة في المراعي والغطاء النباتي المفتوح في خسائر بيئية ضخمة وصعوبة رصد بؤرة الحريق في دقائقها الأولى. نظام يحلل مؤشرات الجفاف والرياح وصور الأقمار الصناعية للتنبؤ والتحذير الاستباقي.,وزارة البيئة والقوات الخاصة للأمن البيئي
1082,مرسى الصيانة,اللوجستيات والنقل البحري,يواجه أصحاب قوارب الصيد واليخوت السياحية صعوبة في العثور على قطع غيار أصلية ومواعيد صيانة موثقة لآلياتهم البحرية بالورش المرفئية. تطبيق يوفر دليلاً لورش الصيانة البحرية وحجز المواعيد وتتبع قطع الغيار.,"ملاك القوارب واليخوت، وورش الصيانة البحرية"
1083,ملخص المحاضرة,التقنيات التعليمية والذكاء,"يستغرق الطلاب وقتاً في مراجعة وتدون الملاحظات خلف أساتذة الجامعات أثناء المحاضرات الصوتية الطويلة، مما يشتت تركيزهم عن الفهم. أداة تسجل المحاضرة وتحولها لملخص نصي منظم وخرائط ذهنية عربية مضبوطة.",طلاب الجامعات والمعاهد والمؤسسات التعليمية
1084,إمداد الحقل,الزراعة الذكية وسلاسل الإمداد,تعاني المزارع من تلف المحاصيل نتيجة استخدام أسمدة ومغذيات زراعية مغشوشة أو منتهية الصلاحية دون علم المزارع لضعف التوثيق. منصة تتبع تضمن سلامة وموثوقية الأسمدة من المصنع وحتى الحقل عبر الباركود المشفر.,"المزارعون، موردو المواد الزراعية، والجهات الرقابية"
1085,غرس الأخضر,الاستدامة والتقنية المالية,"يرغب الكثير من الأفراد في المساهمة في مشاريع التشجير ومكافحة التصحر، ولكنهم يفتقرون لمنصة موثوقة تتيح الاستثمار البيعي عبر أرصدة الكربون. منصة تتيح شراء الأشجار وتتبع نموها جغرافياً لتعويض الانبعاثات الفردية.","الأفراد، المنشآت المهتمة بالبيئة، والجمعيات"
1086,حامي التراث,إدارة المرافق والتراث العمراني,تواجه المباني والمساجد التاريخية القديمة خطر التلف الإنشائي نتيجة تسريبات المياه الخفية داخل الجدران الطينية أو الحجرية الحساسة. نظام يعتمد على مستشعرات رطوبة لاسلكية متناهية الصغر تزه في الجدران للإنذار المبكر.,هيئات تطوير المواقع التراثية ووزارة الثقافة
1087,مساعد يسر,الخدمات الحكومية الرقمية,يواجه كبار السن والأميّون صعوبة في التعامل الذاتي مع منصات الخدمات الحكومية الرقمية (كأبشر وناجز) لتعقد خطواتها يدوياً عليهم. مساعد صوتي ذكي تفاعلي يوجه المستخدم خطوة بخطوة بالصوت لإتمام المعاملة بأمان.,"كبار السن، الأميون، وإدارات التحول الرقمي"
1088,عين المنسوجات,التصنيع الذكي وقطاع الأعمال,تواجه مصانع المنسوجات والزي الموحد خسائر بسبب ظهور عيوب خياطة أو نسج ميكروية في دفعات الإنتاج الكبيرة لا تكتشف بالفحص البشري السريع. نظام مسح بصري ذكي على خطوط الإنتاج يكتشف العيوب ويفرز القطع آلياً.,مصانع الملابس والمنسوجات وإدارات الجودة
1089,مطبخ عضوي,الأمن الغذائي والتجارة,يجد المهتمون بالغذا الصحي صعوبة في الوصول المباشر والمستدام لمزارع الخضروات العضوية المحلية والشراء منها بدون وسطاء يرفعون السعر. تطبيق يربط أصحاب المزارع العضوية بالمستهلكين مباشرة وحجز حصاد أسبوعي.,المستهلكون المهتمون بالصحة وأصحاب المزارع
1090,راصد القفز,التقنية الرياضية والثروة الحيوانية,يواجه مدربو قفز الحواجز للخيل صعوبة في التحليل الدقيق لزوايا انطلاق الخيل واتزانه البدني أثناء القفز بالعين المجردة لتطوير الأداء. يستخدم التطبيق رؤية الحاسوب عبر الكاميرا الميدانية لتحليل هندسة القفزة.,"ملاك الخيل، الفرسان، والمدربون في الإسطبلات"
1091,فاحص التطبيق,الأمن السيبراني والبرمجيات,تواجه الشركات الناشئة خطر رفض تطبيقاتها من المتاجر الكبرى أو اختراقها لعدم توافق أكوادها مع الضوابط السيبرانية الوطنية (SCA). إضافة برمجية تفحص الكود وتطابقه بالمعايير المحلية قبل النشر وتحذر من الثغرات.,مطورو البرمجيات والشركات التقنية الناشئة
1092,غواص العلم,السياحة العلمية والبيئة البحرية,تفتقر الجهات البيئية لبيانات حية ومحدثة ومصورة عن أماكن تواجد الكائنات البحرية النادرة بالبحر الأحمر لقلة المتخصصين ميدانياً. تطبيق يتيح للغواصين الهواة رفع صور وإحداثيات مشاهداتهم وتصنيفها بالذكاء الاصطناعي.,"الغواصون الهواة، الباحثون، والهيئات البيئية"
1093,مزاد التمور,التقنية الزراعية المالية,تفتقر المزادات الموسمية الكبرى للتمور (كمزاد بريدة) لآليات رقمية تضمن شفافية التسعير وسرعة توثيق الصفقات والدفع الفوري للبائعين وسط الزحام. منصة للمزادات العلنية الرقمية مدعومة بالعقود الذكية لتوثيق البيع بلحظته.,تجار ومزارعو التمور ومنظمو المزادات الزراعية
1094,مسار القطار,تقنيات الحج والعمرة والنقل,يواجه الحجاج ارتباكاً وتكدساً خانقاً عند بوابات وأرصفة قطار المشاعر المقدسة لعدم معرفتهم اللحظية بالعربات الأقل ازدحاماً. نظام يحلل وزن الحافلات وكاميرات الرصيف ليوجه الحجاج عبر شاشات تفاعلية للأبواب الأنسب.,"الحجاج، وزارة الحج، وهيئة تشغيل القطارات"
1095,مخزون الأسطول,إدارة الأساطيل واللوجستيات,تعاني شركات النقل الكبرى من تجميد سيولتها المالية في مستودعات قطع غيار الشاحنات نتيجة الشراء العشوائي لقطع منخفضة الاستهلاك لغياب البيانات. نظام يتنبأ بعمر القطع الافتراضي ويؤتمت الشراء والطلب حسب الحاجة.,شركات النقل البري والخدمات اللوجستية ومدراء الأساطيل
1096,صنايعي مرن,الاقتصاد الدائري وقطاع الأعمال,"تواجه ورش ومصانع الديكور والأثاث مشكلة تكدس وفقدان السيولة في فوائض الأخشاب والمعادن الصلبة الصالحة للاستخدام والتي ترمى لاحقاً. تطبيق يتيح للورش تبادل، بيع، أو شراء الفوائض الصناعية فيما بينهم بأسعار مخفضة.",أصحاب ورش الخشب والمعادن ومصممو الديكور
1097,ميزان السكري,الصحة الرقمية ورعاية المرضى,يواجه مرضى السكري صعوبة بالغة في الحساب الدقيق لنسب الكربوهيدرات وجرعات الأنسولين المناسبة عند تناول الأطباق الشعبية السعودية (كالكبسة والجريش). تطبيق يحلل صورة الطبق ويقدر السعرات والكربوهيدرات بدقة محلياً.,مرضى السكري والعائلات وأخصائيو التغذية
1098,تاريخ مركبتك,تقنيات السيارات وحماية المستهلك,يتعرض مشتري السيارات المستعملة للاحتيال لعدم وجود سجل رقمي موحد يضمن دقة سجلات الصيانة الدورية السابقة وعدم التلاعب بممشى العداد. نظام يوثق سجلات الصيانة من الورش المعتمدة ويرفعها في سجل مشفر ومحمي.,مشتري وبائعي السيارات المستعملة والورش
1099,مرسم الافتراضي,التعليم الإبداعي والفنون,يفتقر المبتدئون الشغوفون بالفنون التشكيلية والنحت لبيئات تدريبية تفاعلية واقتصادية تتيح لهم تشكيل المجسمات واللوحات يدوياً دون هدر المواد الثمينة. تطبيق يوفر استوديو فنياً ثلاثي الأبعاد بالواقع الافتراضي (VR) للتدريب.,"هواة الفنون التشكيلية، الطلاب، والمراكز الثقافية"
1100,راصد المكب,البيئة والاستدامة المدنية,تواجه الأمانات صعوبة في الرصد والتحكم اللحظي بانبعاثات الغازات والروائح الكريهة الناتجة عن مكبات النفايات وتأثيرها الجغرافي على الأحياء القريبة. شبكة مستشعرات جغرافية مخصصة تحلل الغازات والرياح لتوجيه المعالجة البيئية.,"الأمانات، البلديات، والمنشآت البيئية وسكان المدن"
1101,راصد الزحف,الاستدامة والتصحر,تعاني المشاريع البيئية والبلدية من صعوبة التتبع اللحظي والدقيق لزحف الرمال وتأثيره على البنى التحتية للمدن الطرفية. نظام يحلل صور طائرات الدرونز والتعلم الآلي للتنبؤ بمسارات الزحف وتوجيه مصدات الرياح.,"الأمانات، البلديات، وهيئات الرقابة البيئية"
1102,امتثال الغذاء,سلامة الأغذية والذكاء الاصطناعي,تواجه سلاسل توريد المطاعم صعوبة في التحقق التلقائي والمستمر من التزام مسالخ ومصانع الدواجن الخارجية بمعايير الذبح الحلال ومعايير الهيئة العامة للغذاء والدواء. تطبيق يعتمد على كاميرات مراقبة ميدانية تحلل جودة الفرز آلياً.,سلاسل المطاعم ومفتشو الأغذية
1103,منصة توثيق,التقنية القانونية وبراءات الاختراع,يواجه المبتكرون والمخترعون خطر سرقة أفكارهم أو نماذجهم الأولية أثناء عرضها على المستثمرين في مراحلها المبكرة لغياب التوثيق القانوني السريع. منصة تتيح تسجيل وحماية النماذج والمستندات فورياً برمز مشفر بالبلوكشين.,"المخترعون، رواد الأعمال، والمستثمرون"
1104,إبحار آمن,اللوجستيات البحرية وحماية البيئة,"تواجه الموانئ التجارية خطورة الاصطدام الميكروي للسفن بالأرصفة نتيجة التيارات البحرية المفاجئة، مما يتلف الهياكل. منظومة مستشعرات ليزرية وموجية تقيس المسافة بدقة المليمتر وتقود السفينة ديناميكياً للرصيف.",إدارات الموانئ والشركات الملاحية
1105,مرشد الشيخوخة,الرعاية الصحية والذكاء المسكون,"يخشى كبار السن الذين يعيشون بمفردهم من نسيان إغلاق مواقد الغاز أو مصادر المياه مما يشكل خطراً على سلامتهم، مع رفضهم للكاميرات. نظام استشعار بيئي غير مرئي يحلل أنماط الحركة واستهلاك المرافق للتحذير من الخطر.","كبار السن، العوائل، ومراكز الرعاية الاجتماعية"
1106,كود الثغرة,الأمن السيبراني وتقنية المعلومات,تواجه المنشآت الحكومية خطورة استغلال الثغرات الصفرية (Zero-day) في حزم البرمجيات المفتوحة التي يستخدمها المطورون دون علم الإدارة. برمجية فحص مستمر تحلل الأكواد السحابية وتقارنها بقواعد بيانات التهديدات اللحظية.,مدراء تقنية المعلومات وأمن المعلومات بالمنشآت
1007,بصمة النسيج,الثقافة والاقتصاد الإبداعي,يواجه مصممو الأزياء التراثية صعوبة في التحقق من أصالة وجودة خيوط الأقمشة الفاخرة (كالبشت الحساوي) ومطابقتها للمواصفات القياسية المحلية. جهاز فحص بصري محمول يحلل النسيج ميكروسكوبياً لمطابقته ببصمة المصنع الأصلي.,"مصممو الأزياء، متاجر البشوت، والمشترون"
1108,راصد المداخن,الرقابة البيئية والاستدامة,تواجه الجهات الرقابية بالمدن الصناعية صعوبة في تتبع الانبعاثات الغازية الضارة التي تفرزها المصانع ليلاً بشكل مخالف. شبكة كاميرات طيفية حرارية ترصد مداخن المصانع على مدار الساعة وتفرز الغازات المنبعثة وتصنف خطورتها.,هيئات الرقابة البيئية وإدارات المدن الصناعية
1109,بوابة النحل,الثروة الزراعية والحيوانية,"يتعرض مربو النحل لخسائر كبيرة بسبب انتشار طفيل ""الواروا"" داخل الخلايا وصعوبة رصده بالعين المجردة في مراحله الأولى. خلية ذكية مزودة بماسح بصري عند المدخل يحلل أجسام النحل الداخل للخلية لاكتشاف الطفيل مبكراً.",النحالون ومنتجو العسل ومراكز الأبحاث الزراعية
1110,عالمي الصوتي,تكنولوجيا التعليم والدمج الرقمي,يواجه الأطفال المصابون بالصمم التام صعوبة في تعلم القراءة وفهم معاني الكلمات العربية لغياب الوسائط التفاعلية المرئية المخصصة. تطبيق يحول النصوص المكتوبة تلقائياً إلى رسوم متحركة ثلاثية الأبعاد تترجم الكلام للغة إشارة.,"الأطفال الصم، المدارس، وأولياء الأمور"
1111,فاحص التبريد,اللوجستيات الطبية وبنوك الدم,تِتلف عينات الأنسجة الطبية الحساسة أثناء نقلها بين المستشفيات نتيجة الاهتزازات القوية الحادة للشاحنات حتى لو كانت الحرارة مضبوطة. حافظة طبية ذكية مدمجة بحساسات تسارع دقيقة تسجل الصدمات على سجل مشفر.,"المختبرات الطبية، بنوك الدم، والمستشفيات"
1112,إسناد الإخلاء,الأمن والسلامة المدنية,يواجه مسؤولو السلامة في المجمعات الضخمة صعوبة في توجيه الحشود نحو المخارج الآمنة أثناء الطوارئ لعدم علمهم اللحظي بموقع بؤرة النيران أو الدخان. نظام لوحات إرشادية ديناميكية تغير اتجاه الأسهم تلقائياً حسب موقع الخطر.,"الدفاع المدني، فرق السلامة، وإدارات المجمعات"
1113,أمان الرافعات,السلامة المهنية وقطاع الإنشاءات,تقع حوادث انقلاب للرافعات البرجية بمواقع البناء نتيجة اختلال التربة أسفل القواعد بسبب الأمطار دون رصد هندسي استباقي. مستشعرات ميل وضغط متناهية الدقة تزرع بالقواعد ترسل تحذيرات فورية للجوال والرافعة قبل التحرك.,"شركات المقاولات، مهندسو الموقع، ومسؤولو السلامة"
1114,إيجاز الجلسات,التقنية القانونية وحوكمة القضاء,يستغرق المستشارون القانونيون ساعات طويلة في فرز وتصنيف مئات الصفحات من ضبوط المعاينات والتقارير الهندسية في قضايا المقاولات المعقدة. أداة ذكاء اصطناعي تستخرج التناقضات والتواريخ المحورية وتلخصها في جدول تنفيذي.,"المحامون، المستشارون القانونيون، والشركات الإنشائية"
1115,منصة تدوير,الاستدامة والاقتصاد الدائري,تواجه مصانع تدوير الإطارات صعوبة في الفرز والجمع اللوجستي السريع للإطارات التالفة من ورش ومحلات السيارات المتناثرة جغرافياً. منصة تنظم مسارات شاحنات الجمع بناءً على طلبات الورش وسعة التخزين الحية.,"محلات الإطارات، شركات التدوير، والجهات البيئية"
1116,تحكيم الأصول,حوكمة الشركات والتأجير,تقع نزاعات بين شركات تأجير السيارات الفاخرة وعملائها حول دقة رصد الخدوش والصدمات السفلية للهيكل بعد استرجاع المركبة. منصة مسح بصري أرضي بالذكاء الاصطناعي تطابق حالة السيارة قبل وبعد التأجير فورياً وبحياد.,"شركات تأجير السيارات، المستأجرون، وشركات التأمين"
1117,مسار الرؤية,دعم ذوي الإعاقة البصرية,يواجه ذوو الإعاقة البصرية صعوبة في التمييز بين المنتجات الغذائية والمنظفات المتشابهة في العبوات عند التسوق المستقل بالمنزل أو المتجر. تطبيق يستخدم التعرف الضوئي المتقدم وقراءة الباركود لنطق تفاصيل المنتج والجرعة.,المكفوفون وضعاف البصر ومتاجر التجزئة
1118,سوق الأنعام,الثروة الحيوانية والتجارة الرقمية,يواجه مشتري المواشي صعوبة في التحقق من السجل التطعيمي والصحي والمصدر الفعلي للماشية في الأسواق التقليدية المفتوحة. منصة تربط الماشية ببطاقات تعريفية رقمية (RFID) تضمن توثيق الفحوصات البيطرية من العيادات المعتمدة.,"مربو الأنعام، المستهلكون، والأطباء البيطريون"
1119,بوابة الفسح,اللوجستيات والتجارة الدولية,تستغرق مراجعة وتدقيق المستندات الجمركية لقطع غيار الآلات الصناعية المستوردة وقتاً طويلاً لتعدد المسميات التقنية المعقدة مما يعطل المصانع. منصة تعتمد على الذكاء الاصطناعي اللغوي لتصنيف وترجمة البنود جمركياً فوراً.,شركات الاستيراد والتصدير والمخلصون الجمركيون
1120,حماية الصوب,الزراعة الحديثة والمحميات,تتعرض بيوت زراعة الخضروات المحمية لتلف المحصول نتيجة اختلال نسب ثاني أكسيد الكربون ودرجات الرطوبة في أوقات معينة من اليوم. نظام أتمتة يربط حساسات الغاز والمناخ بمراوح وفتحات التهوية لضبط البيئة ذاتياً.,أصحاب البيوت المحمية والمستثمرون الزراعيون
1121,تأهل السمع,الرعاية التأهيلية والصحية,يواجه الأطفال الذين خضعوا لعمليات زراعة القوقعة صعوبة في الاستمرار بتمارين التمييز السمعي المنزلية المملة لغياب التوجيه التفاعلي. تطبيق ألعاب يحلل نطق وتفاعل الطفل ويقيس مدى تطور حاسة السمع برمجياً.,الأطفال زارعو القوقعة وأخصائيو النطق والتأهيل
1122,تواصل النزيل,قطاع الضيافة والسياحة,"يواجه نزلاء المنتجعات السياحية صعوبة في العثور على مرشدين محليين يجيدون لغات نادرة لتقديم جولات ثقافية مخصصة. تطبيق يربط النزلاء بمترجمين ومرشدين محليين مرخصين بناءً على الموقع، اللغة، والتقييمات.","المنتجعات السياحية، السياح الأجانب، والمرشدون"
1123,منصة عون,الاستدامة وحفظ الأطعمة,تواجه أسواق النفع العام (الخضار والفواكه) صعوبة في الفرز السريع للمنتجات التي أوشكت على النضج الزائد وتوجيهها للمصانع للاستفادة منها قبل التلف. تطبيق يربط الأسواق بمصانع العصائر والمربيات اللوجستية.,"أسواق الخضار، مصانع الأغذية، وجمعيات حفظ النعمة"
1124,راصد الإجهاد,السلامة المهنية والصناعية,يتعرض عمال المناجم أو الإنشاءات تحت الأرض لخطر الاختناق بالغازات السامة أو نقص الأكسجين دون علم المشرف الميداني فوراً. خوذة سلامة ذكية مزودة بحساسات غاز ومؤشرات حيوية تبث موقعه وحالته الصحية لحظياً.,شركات التعدين والمقاولات ومسؤولو السلامة المهنية
1125,مفتش التجزئة,العمليات الرقابية وحماية المستهلك,يستغرق فحص التزام المحلات بوضع ملصقات كفاءة الطاقة المعتمدة (من ساسو) على الأجهزة الكهربائية وقتاً طويلاً بالفرز اليدوي للمفتشين. تطبيق مسح بصري ذكي يقرأ الملصق ويطابقه بنظام المواصفات آلياً برقم الموديل.,المفتشون الميدانيون والجهات الرقابية وحماية المستهلك
1126,تثمين التراث,الثقافة والاقتصاد الإبداعي,"يواجه مشترو السجاد التراثي والقطع المنسوجة يدوياً (كالسدو الفاخر) صعوبة في تقدير قيمتها العادلة والتحقق من عمرها ونوع صبغتها. منصة تثمين تحلل النسيج، هوية الحرفي، وتاريخ القطعة لمنحها تقييماً سعرياً موثقاً.","صالات العرض التراثية، الحرفيون، والمشترون"
1127,تتبع اللقاحات,اللوجستيات الطبيّة والصيدلة,تتأثر سلامة اللقاحات الحساسة بأي انقطاع مؤقت للتبريد أثناء نقلها بين المستودعات الفرعية والعيادات دون وجود إثبات رقمي يحدد وقت الخلل بدقة. وسم ذكي مدمج بحافظة اللقاح يسجل تقلبات الحرارة على البلوكشين.,"المستشفيات، الصيدليات، وشركات التوزيع الطبي"
1128,منصة أثر,المسؤولية الاجتماعية والمدن,تواجه المنشآت صعوبة في توجيه دعمها المجتمعي لمشاريع تشجير تناسب الأحياء ذات الكثافة السكانية العالية ونقص المساحات الخضراء بدقة البيانات. منصة تحلل خرائط الحرارة والتشجير البلدية لتوجيه التمويل.,"الشركات الكبرى، البلديات، والجمعيات البيئية"
1129,حارس الخوادم,الأمن السيبراني وتقنية المعلومات,تتعرض الشبكات الداخلية للمنشآت لخطر تسريب البيانات عبر استغلال الموظفين لصلاحيات وصول ممنوحة لأجهزة تخزين خارجية (USB) غير مصرحة. نظام أمني ذكي يراقب سلوك نقل البيانات ويحجب الأجهزة المشبوهة تلقائياً.,مدراء أمن المعلومات (CISO) والشركات الكبرى
1130,إرشاد المعالم,السياحة الافتراضية والواقع المعزز,يفتقر زوار المزارع والمواقع الريفية التراثية (كواحات الأحساء) لدليل تفاعلي يستعرض تاريخ أنظمة الري القديمة والمزروعات محلياً أثناء جولاتهم. تطبيق يتيح جولات تفاعلية بالواقع المعزز والقصص الصوتية الموجهة جغرافياً.,"السياح، الزوار، وهيئات تطوير المواقع السياحية"
1131,عدسة الممرض,الرعاية الطبية وصرف الدواء,يواجه الكادر الطبي بالمستشفيات خطورة خلط عينات التحاليل المخبرية للمرضى المنومين لخطأ في كتابة الأسماء يدوياً وسط ضغط العمل. نظام مسح بصري يطابق الرمز الشريطي لسوار المريض بأنبوب العينة آلياً قبل السحب.,"الممرضون، الأطباء، وإدارات السلامة بالمستشفيات"
1132,تحليلات الأسطول,المدن الذكية وإدارة الحشود,تعاني شركات النقل المدرسي من هدر المسارات الطويلة وتأخر الطلاب نتيجة عدم مرونة الجدولة اليومية حسب غياب الطلاب اللحظي. تطبيق يحلل تأكيد حضور الطلاب صباحاً ويعيد تخطيط مسار الحافلة ديناميكياً لتوفير الوقت.,"شركات النقل التعليمي، المدارس، وأولياء الأمور"
1133,bوابة التوريد,سلاسل الإمداد للشركات,تواجه المنشآت الصناعية المتوسطة تعقيدات في فرز وعزل فواتير المشتريات المتعددة للتأكد من مطابقتها لأسعار الاتفاقيات الإطارية الموقعة مع الموردين. منصة فحص ومطابقة آلية للفواتير بالذكاء الاصطناعي لرصد التجاوزات.,مدراء المشتريات والمحاسبون بالشركات الصناعية
1134,راصد المذيبات,البيئة والصحة الصناعية,تعاني الأحياء القريبة من مصانع البتروكيماويات من انبعاثات مركبات عضوية متطايرة (VOCs) غير مرئية تؤثر على صحة السكان دون رصد دقيق. شبكة مستشعرات جغرافية توزع في الأحياء لبث قراءات جودة الهواء حية للبلدية.,"البلديات، هيئات البيئة، وسكان المدن"
1135,تشارُك الآلات,التشارك الاقتصادي والتقني,يواجه أصحاب الورش والمصانع الناشئة صعوبة وتكلفة باهظة في شراء آلات التصنيع الرقمي (كالمخارط الذكية CNC) لاستخدامها في مشاريع مؤقتة. تطبيق يتيح تأجير ساعات تشغيل الآلات الفائضة بين الورش بأمان وعقود.,أصحاب الورش والمصانع الصغيرة والمهندسون
1136,مسار الحقيبة,خدمات الطيران والمطارات,يعاني المسافرون من ذوي الإعاقة البصرية من صعوبة تتبع حقائبهم عند وصولها على سير الأمتعة بالمطارات وضياع وقتهم في البحث. نظام تتبع يربط وسم الحقيبة (RFID) بتطبيق يصدر تنبيهات صوتية أو اهتزازية عند اقتراب الحقيبة.,المسافرون المكفوفون وإدارات تشغيل المطارات
1137,وزن الحاوية,اللوجستيات والنقل البري,تواجه شاحنات نقل النفايات الصلبة الكبيرة غرامات أو صعوبة في تشغيل آليات الرفع نتيجة تجاوز الحاوية للوزن الآمن دون علم السائق ميدانياً. جهاز قياس يركب بنظام التعليق الهيدروليكي للشاحنة يحلل الوزن فورياً.,"سائقو شاحنات النفايات، شركات النقل، والبلديات"
1138,تحليلات الجري,الرياضة المجتمعية والصحة,تفتقر مجموعات الجري للهواة لأدوات تحلل نمط خطى الأعضاء (كدرجة ملامسة القدم للأرض) لتفادي إصابات الركبة الشائعة وتطوير الأداء الجماعي. تطبيق يدمج قراءات الحساسات المدمجة بالأحذية الذكية وتوليد تقارير.,مجموعات الجري الهواة وأندية الرياضة المجتمعية
1139,أمن السحابة,الحوسبة السحابية والأمن السيبراني,تتخوف المنشآت التعليمية من رفع سجلات اختبارات طلابها الحساسة للسحابة خوفاً من تسريب الأسئلة أو اختراق الخوادم من أطراف خارجية. يقدم المشروع حلول تشفير متطورة تتيح تصحيح ومعالجة البيانات وهي مشفرة كلياً بالخادم.,"المنشآت التعليمية، المدارس، والمنصات التقنية"
1140,فاحص الأسماك,فرز الأغذية آلياً والثروة السمكية,يستغرق فرز وتصنيف جودة الأسماك المستزرعة يدوياً في مصانع التعبئة وقتاً طويلاً ومجهوداً بشرياً لضمان خلوها من التلف غير الظاهري. يعتمد المشروع على رؤية الحاسوب والتحليل الطيفي لفرز الأسماك حسب الطزاجة آلياً.,مصانع تعبئة الأسماك ومشاريع الاستزراع السمكي
1141,بناء مرن,تكنولوجيا المقاولات والسلامة المهنية,تفتقر مواقع البناء الشاسعة لوسائل آلية تتحقق من التزام العمال بارتداء أحزمة الأمان عند العمل على السقالات المرتفعة لمنع السقوط. يعتمد النظام على كاميرات الموقع ورؤية الحاسوب لإرسال تنبيهات فورية للمشرف الميداني.,"شركات المقاولات، مهندسو الموقع، ومسؤولو السلامة"
1142,طاقة المستودع,الطاقة النظيفة والاستدامة,"تعاني المستودعات اللوجستية الضخمة من صعوبة حساب وتوزيع الطاقة المنتجة من الألواح الشمسية على الأقسام (تبريد، إضاءة) لتحقيق كفاءة التشغيل. يقدم التطبيق محاكاة رقمية تحلل أنماط الاستهلاك وتوزع الطاقة آلياً.","مدراء المستودعات، شركات اللوجستيات، والملاك"
1143,راصد المصروفات,الثقافة المالية للشباب,يواجه الشباب الناشئون صعوبة في فهم أساليب التخطيط المالي وتوزيع المدخرات بين الرغبات والاحتياجات الفعلية بطريقة عملية مبسطة تمنع الاستدانة. تطبيق يعتمد على ألعاب تفاعلية لإدارة ميزانية افتراضية وتحديات ادخار.,الشباب من سن 16-22 سنة وأولياء الأمور
1144,مسار الشحن,إدارة الأساطيل والخدمات اللوجستية,تواجه شركات الشحن البري خسائر مادية بسبب عدم كفاءة توزيع الأحمال داخل مقطورات الشحن مما يسبب انحراف الشاحنة عند الكبح المفاجئ. يستخدم النظام مستشعرات اتزان ذكية مع خوارزمية تقترح الترتيب الهندسي الأمثل.,شركات الشحن البري والخدمات اللوجستية وسلاسل الإمداد
1145,منصة وتد,التقنية القانونية وحوكمة الشركات,تجد المنشآت والشركات الناشئة صعوبة وتكلفة عالية في صياغة اتفاقيات توظيف الخبراء المستقلين (Freelance) وحفظ حقوق الملكية الفكرية للأكواد والتصاميم. تقدم المنصة مولداً ذكياً للعقود متوافقاً مع الأنظمة المحلية.,"رواد الأعمال، الشركات التقنية الناشئة، والقانونيون"
1146,إرواء ذكي,الزراعة الحديثة والاستدامة المائية,تعاني مزارع زراعة الأعلاف الخضراء من هدر كميات ضخمة من مياه الآبار الجوفية نتيجة الري العشوائي الثابت طوال اليوم دون مراعاة حرارة الجو. يوفر المشروع نظام ري مؤتمت يتحكم بالرشاشات المحورية بناءً على الطقس والتبخر.,أصحاب المزارع والمستثمرون الزراعيون والجهات البيئية
1147,مرشد السفاري,السياحة والترفيه الميداني,يواجه منظمو رحلات السفاري بالسيارات خطر فقدان تواصل القوافل وسط التضاريس الرملية الوعرة عند انقطاع شبكة الجوال التقليدية. يقدم التطبيق نظام تتبع ملاحة يعتمد على شبكات الاتصال المباشر اللاسلكي بين المركبات.,"منظمو الرحلات السياحية، هواة السفاري، وأمن الطرق"
1148,بيان الجرعة,الرعاية الصحية وصرف الأدوية,"يواجه كبار السن خطورة إهمال أو تكرار تناول جرعات الأدوية الحساسة (كمسيلات الدم) لنسيانهم، مما يشكل خطراً كبيراً على حياتهم. علبة أدوية ذكية مدمجة بحساسات ترسل تذكيراً صوتياً وتنبيهاً لجوال العائلة عند فتح الععلبة أو نسيانها.","كبار السن، مرضى الأمراض المزمنة، والعوائل"
1149,بناء آمن,السلامة المهنية وأمن المنشآت,تفتقر منشآت الإنشاءات لوسائل آلية ترصد دخول الأشخاص غير المصرح لهم والذين لا يرتدون بطاقات الهوية الرقمية الذكية للموقع الميداني الحساس. يعتمد النظام على الكاميرات ورؤية الحاسوب لإطلاق صفارات إنذار فورية.,"شركات المقاولات، مدراء المشاريع، ومسؤولو السلامة"
1150,عقاري الرقمي,التقنية العقارية والاستثمار,تستغرق إجراءات فحص التاريخ الإيجاري والنزاعات السابقة لعقار تجاري ضخم (كمجمع محلات) وقتاً طويلاً قبل الشراء مما يعطل الصفقات الاستثمارية. تجمع المنصة البيانات والسجلات في صك رقمي موحد وموثق لضمان الشفافية.,"المشترون، المستثمرون العقاريون، والوسطاء العقاريون"
1151,راصد الشقوق,صيانة الطرق والجسور,تواجه الأمانات صعوبة في تتبع الاتساع الميكروي والخطير للتشققات في الجسور الإسمنتية القديمة تحت ضغط الأحمال الثقيلة وعوامل الطقس. نظام يعتمد على مستشعرات الألياف الضوئية الموزعة لرصد التمدد الحراري والإنشائي لحظياً.,"الأمانات، البلديات، وشركات صيانة الجسور"
1152,منصة إبحار,السياحة والنقل البحري,يواجه منظمو الرحلات البحرية واليخوت تعقيدات في التنسيق اللحظي مع حرس الحدود لإصدار تصاريح الإبحار الفورية للسياح وسط مواسم الذروة. منصة تؤتمت عملية التقديم والمطابقة الجغرافية للتصاريح وتسريعها.,"ملاك اليخوت، شركات السياحة، والسياح"
1153,نبض الصومعة,الأمن الغذائي والتموين,تعاني صوامع تخزين القمح والغلال الاستراتيجية من خطر الاحتراق الذاتي نتيجة ارتفاع حرارة الغبار الناعم المتطاير داخل الصوامع دون رصد بشري. يقدم المشروع شبكة كواشف ليزرية حرارية تحذر من تركز الغبار استباقياً.,المؤسسة العامة للحبوب وإدارات الصوامع
1154,إسناد العقود,التقنية القانونية العقارية,تستغرق صياغة ومراجعة عقود المساهمات العقارية المشتركة وقتاً طويلاً لضمان توافقها تماماً مع اشتراطات الهيئة العامة للعقار وحفظ حقوق صغار المساهمين. منصة تولد وتدقق العقود آلياً بالذكاء الاصطناعي.,المطورون العقاريون والمساهمون
1155,منصة أريب,التقنيات التعليمية والمهنية,يواجه معلمو المدارس المهنية صعوبة في شرح التمديدات الكهربائية المعقدة للآلات الصناعية للطلاب دون مخاطر تجريبية ميدانية خطيرة. منصة محاكاة تفاعلية بالواقع المعزز (AR) تتيح تركيب الدوائر البرمجية بأمان.,"المعاهد الفنية، المعلمون، والطلاب"
1156,حصاد التكثيف,الاستدامة المائية والبيئة,تفرز مكيفات الهواء العملاقة بالمصانع كميات هائلة من مياه التكثيف النقية التي تذهب هباءً للصرف الصحي دون استغلال. يقدم المشروع نظام تجميع وفحص ذكي يعيد توجيه هذه المياه لخطوط التبريد الصناعي لتوفير الاستهلاك.,المصانع والمنشآت الصناعية الكبرى
1157,مرشد Mرفأ,اللوجستيات والنقل البحري,تواجه شاحنات النقل البري فترات انتظار طويلة داخل الموانئ لاستلام الحاويات لغياب الربط اللحظي مع رافعات السفن بالمحطة. يقدم المشروع نظام جدولة ديناميكي يوجه الشاحنات للبوابة الأكثر جاهزية للتسليم فوراً.,شركات الشحن البري وإدارات تشغيل الموانئ
1158,تحليلات النحل,الثروة الزراعية والحيوانية,"يواجه مربو النحل صعوبة في حماية خلاياهم من التغيرات المناخية المفاجئة (كالصقيع أو موجات الحر) في المراعي المفتوحة، مما يتلف المنحل. خلية ذكية مزودة بعزل حراري نشط يتحكم بالمناخ الداخلي تلقائياً.",النحالون ومنتجو العسل المحليون
1159,بناء واثق,قطاع المقاولات والإنشاءات,تقع خلافات بين الملاك والمقاولين حول جودة واستواء صب الخرسانة للأرضيات (الفلات سلاب) لغياب الفحص الفوري قبل الجفاف. تطبيق يحلل استواء الأسطح برؤية الحاسوب عبر مسح ليزري سريع من الجوال ميدانياً.,"المهندسون المشرفون، المقاولون، والملاك"
1160,عقاري الآمن,التقنية العقارية والعمليات,يواجه المستثمرون صعوبة في التحقق من التزام المباني التجارية القديمة بمعايير السلامة وكود الحريق لغياب سجل فحص موحد يثبت جودة الصيانة. منصة تجمع وتؤرشف سجلات فحص الدفاع المدني عبر وسم رقمي مشفر.,"المشترون، المستثمرون، وشركات إدارة المرافق"
1161,تذوق ذكي,جودة وسلامة الأغذية,تعاني مصانع إنتاج زيوت الطعام والزيوت النباتية من تفاوت درجات النقاء والأكسدة نتيجة الاعتماد على الفحص المخبري التقليدي البطيء. يقدم المشروع مستشعرات بصرية طيفية تراقب نقاء الزيت لحظياً أثناء التكرير.,مصانع إنتاج الزيوت ومختبرات الجودة
1162,نبيه القيادة,السلامة المرورية والنقل,تتسبب غفوة السائقين أو تشتتهم بالهاتف أثناء قيادة حافلات النقل العام بين المدن في حوادث مرورية خطيرة على الطرق الطويلة. يستخدم التطبيق كاميرا الحافلة الداخلية والذكاء الاصطناعي لتحليل تعابير الوجه وحركة العين وإصدار تنبيهات.,شركات النقل العام وسلاك الحافلات
1163,تواصل ناطق,دعم ذوي الإعاقة والدمج,يواجه الصم وضعاف السمع صعوبة في فهم الإعلانات والبيانات الصوتية العاجلة في مطارات ومحطات القطار لغياب الترجمة الفورية بلغتهم. يقدم المشروع شاشات تفاعلية تترجم الصوت لبلسان إشارة متحرك (Avatar).,الصم وضعاف السمع وإدارات المطارات والمحطات
1164,إمداد مرن,إدارة المخازن والتجارة,تعاني المتاجر الإلكترونية الناشئة من تلف المنتجات ذات الصلاحية المحدودة بالمخازن لضعف جدولة الصرف وترتيب الأولويات يدوياً. يوفر النظام إدارة ذكية للمخزون تعتمد على خوارزميات التنبؤ بالطلب والصلاحية.,أصحاب المتاجر الإلكترونية ومدراء المستودعات
1165,منصة صكوك,التقنية المالية (FinTech),يصعب على الشركات المتوسطة الحصول على تمويل سريع لتوسيع مصانعها لتعقد إجراءات الاقتراض البنكي التقليدي وشروطه الصارمة. تقدم المنصة نموذجاً لإصدار صكوك تمويلية رقمية تتيح للمستثمرين التمويل المباشر.,الشركات المتوسطة والمستثمرون الأفراد
1166,راصد التستر,الذكاء الاقتصادي والرقابي,تواجه الجهات الرقابية صعوبة في فرز ورصد الأنشطة التجارية التي تمارس التستر التجاري بناءً على البلاغات اليدوية أو الميدانية فقط. يعتمد المشروع على خوارزميات الذكاء الاصطناعي لتحليل الشذوذ في التدفقات النقدية البنكية.,وزارة التجارة والجهات الرقابية
1167,ميزان الشحن,اللوجستيات والنقل البري,تعاني شركات الشحن من تلف المساعدين والمحاور للشاحنات بسبب سوء توزيع الحمولات عشوائياً داخل المقطورة من العمال. يوفر التطبيق محاكاة ثلاثية الأبعاد (3D Packing) تقترح الترتيب الهندسي الأمثل للطرود.,شركات الشحن والخدمات اللوجستية وسلاسل الإمداد
1168,عين المحمية,حماية البيئة والاستدامة,تتعرض الغابات والمحميات الطبيعية لقطع الأشجار الجائر (الاحتطاب العشوائي) في المناطق الشاسعة التي يصعب تغطيتها أمنياً بالبشر. يوفر المشروع منظومة ميكروفونات ذكية أرضية تحلل الترددات الصوتية لاكتشاف المناشير فوراً.,القوات الخاصة للأمن البيئي وإدارات المحميات
1169,أرشيف مرن,إدارة الوثائق والشركات,تستغرق مراجعة وتصنيف السجلات والتقارير الطبية القديمة الممسوحة ضوئياً ساعات طوال لاستخراج التواريخ والأمراض السابقة للمريض لتشخيصه. يوفر النظام محرك بحث متقدماً يعتمد على التعرف الضوئي (OCR).,المستشفيات والشركات والجهات الإدارية
1170,رحلة باردة,اللوجستيات الطبية والصيدلة,تتعرض الأدوية واللقاحات الحساسة للتلف نتيجة تغير درجات الحرارة أثناء نقلها للمستودعات دون وجود إثبات رقمي يحدد وقت الخلل بدقة. يقدم المشروع مستشعرات مدمجة بالصناديق تسجل تقلبات الحرارة لحظياً.,شركات الأدوية والمستشفيات والموزعون اللوجستيون
1171,بطاقتي الذكية,تنظيم الفعاليات والمؤتمرات,يعاني منظمو المعارض الضخمة من تكدس الزوار عند البوابات لطباعة البطاقات التعريفية (Badges) ورقياً وفقدان الوقت الزمني. يوفر المشروع بطاقات رقمية تفاعلية تعتمد على الحبر الإلكتروني (E-ink) وتحدث البيانات آلياً.,منظمو المعارض والمؤتمرات والزوار
1172,مستشار البناء,العمارة المستدامة وكفاءة الطاقة,يجد الملاك صعوبة في تحديد المواد العازلة الأنسب لخفض استهلاك الكهرباء وتطابق معايير كود البناء السعودي بدقة تشريعية. يوفر التطبيق محرك محاكاة حرارية يحلل موقع الأرض والاتجاه الجغرافي لاقتراح أفضل العوازل.,المقبلون على البناء والمكاتب الهندسية
1173,عدسة اللثة,تقنيات طب الأسنان والصحة,يتجاهل الكثيرون أعراض التهابات الفم واللثة المبكرة لعدم رغبتهم في زيارة الطبيب بشكل دوري كنوع من الفحص الوقائي. يتيح التطبيق فحصاً أولياً وتحليلاً لدرجة الالتهاب عبر معالجة صورة مقربة ملتقطة بكاميرا الجوال.,الأفراد والعائلات
1174,إدارة المعايرة,التصنيع الذكي والصيانة,تعاني خطوط الإنتاج بالمصانع من ظهور عيوب تصنيعية متكررة بسبب اختلال توازن الآلات مع كثرة الاستخدام والتشغيل المستمر دون معايرة مسبقة. يربط المشروع الآلات بنظام ذكاء اصطناعي يحلل الاهتزازات الميكانيكية.,المصانع ومهندسو الصيانة والتشغيل
1175,خطّاط الرقمي,الثقافة والفنون الرقمية,تفتقر أدوات التصميم المعاصرة لنماذج تولد خطوطاً وتراكيب فنية مضبوطة بدقة تحاكي قواعد الخط العربي الأصيل (كالديواني والثلث والأندلسي). يقدم المشروع نموذج ذكاء اصطناعي توليدي مخصص لتوليد مخطوطات موزونة.,"المصممون، دور النشر، والجهات الثقافية"
1176,محاكي الحفر,التنقيب والتعدين والجيولوجيا,تواجه شركات التعدين مخاطر وتكاليف باهظة عند حفر آبار استكشافية عشوائية دون دراسة طبقات الأرض بدقة جيوفيزيائية كاملة. يقدم المشروع منصة محاكاة جيولوجية تحلل بيانات المسح الزلزالي للتنبؤ بالرواسب.,شركات التعدين والمهندسون الجيولوجيون
1177,تأهيل ذكي,الخدمات الاجتماعية والإصلاحية,تواجه المؤسسات الرعوية صعوبة في تصميم مسارات تدريبية ونفسية مخصصة للنزلاء تضمن نجاح اندماجهم في سوق العمل بعد خروجهم بشكل مستدام. توفر المنصة نظاماً ذكياً يدرس مهارات النزيل ويقترح له مساراً تعليمياً متدرجاً.,إدارات التأهيل والمؤسسات الاجتماعية والإصلاحيات
1178,شبكة الطقس,الأرصاد المدنية والبلديات,تفتقر بلديات المدن الفرعية لبيانات مناخية بالغة الدقة (Hyper-local) لرصد وتوقع السيول المفاجئة في أحياء محددة قبل تدفق السيول بالوديان. يدمج المشروع قراءات محطات الأرصاد المنزلية المصرحة عبر منصة موحدة.,مراكز الأرصاد والبلديات والأمانات
1179,مسار العيادات,إدارة المستشفيات والعمليات,"يضيع المرضى وقتاً طويلاً في التنقل والانتظار العشوائي بين غرف القياسات الحيوية، الطبيب، والمختبر داخل المراكز الطبية الكبيرة. يوفر التطبيق نظام توجيه ديناميكي يرسل للمريض عبر جواله الوجهة التالية الأقل ازدحاماً.",المستشفيات الكبرى والمراكز الطبية والمراجعون
1180,فرز المطالبات,التأمين الصحي والتقنية الطبية,تواجه المستشفيات تأخراً في الموافقة على طلبات الإجراءات الطبية من شركات التأمين بسبب الفرز والمراجعة اليدوية الطويلة للتقارير الحساسة. يعتمد النظام على المطابقة الآلية للطلبات مع وثيقة التأمين عبر خوارزميات اللغة.,شركات التأمين والمستشفيات والمنشآت الصحية
1181,تتبع المشتريات,التجارة الإلكترونية واللوجستيات,يواجه العملاء حيرة في تنسيق أوقاتهم لاستلام الطلبات الكبيرة (كالأجهزة الكهربائية) لعدم توفر تتبع حي لموقع الشاحنة بدقائق زمنية. يقدم المشروع نظام ملاحة يتيح للمشتري رؤية موقع السائق ووقت الوصول المتوقع.,متسوقو الإنترنت وشركات التوصيل والشحن
1182,فاحص الحيوية,الأمن السيبراني والتقنية المالية,يتزايد خطر الاحتيال المالي عبر استخدام صور أو فيديوهات مسجلة لتخطي أنظمة التعرف على الوجه في الحسابات البنكية المفتوحة برمجياً. يوفر المشروع نظاماً لفحص الحيوية (Liveness Detection) يطلب حركات عشوائية لحظية.,البنوك والمؤسسات المالية والمستفيدون
1183,درون زراعي,الزراعة الذكية وحماية المحاصيل,يصعب على مزارعي المساحات الشاسعة اكتشاف إصابة أشجار النخيل بسوسة النخيل الحمراء في مراحلها الأولى بالعين المجردة لتفادي اقتلاع الشجرة. يستخدم المشروع طائرات درونز تلتقط صوراً حرارية وطيفية للأشجار للتحليل المباشر.,أصحاب مزارع النخيل والجهات الزراعية والمستثمرون
1184,صيانة افتراضية,التعليم الفني والمهني والتطوير,يواجه متدربو صيانة الطائرات أو المحركات الضخمة خطورة وصعوبة في التدرب الميداني المباشر قبل تمكنهم من المهارات الميكانيكية الأساسية. يوفر التطبيق بيئة تدريب بالواقع الافتراضي (VR) تحاكي التفكيك بأمان وتفاعلية.,كليات الهندسة والمعاهد الفنية والمهنية والطلاب
1185,ملاحة المعرض,قطاع الفعاليات والمعارض والترفيه,يستغرق زوار المعارض التجارية الدولية وقتاً في البحث والوصول لأجنحة الشركات (Booths) وسط مئات الأجنحة والممرات المعقدة. يوفر التطبيق نظام خرائط داخلي يعتمد على مستشعرات بلوتوث منخفضة الطاقة لتوجيه الزائر.,منظمو المعارض والزوار والمؤتمرون والشركات
1186,مؤشر التوتر,إدارة بيئة العمل والموارد البشرية,تعاني الشركات من انخفاض إنتاجية الموظفين نتيجة ضغوط العمل المستمرة والاحتراق الوظيفي غير المرصود للإدارة مسبقاً. يقدم التطبيق استبيانات نبضية قصيرة وتحليلاً مجهول الهوية لمستويات الرضا والضغط لتقديم نصائح.,الشركات وإدارات الموارد البشرية والمسؤولون
1187,تثمين الأراضي,التقنية العقارية والاستثمار العقاري,"يعتمد تقييم الأراضي البيضاء أو العقارات التجارية على معايير شخصية وتخمينات عشوائية تفتقر للبيانات الدقيقة التاريخية عن السوق. يقدم المشروع محرك تثمين يحلل الصفقات الفعلية جغرافياً، ومخططات التطوير المحيطة لتقدير السعر.",المثمنون العقاريون والمستثمرون والملاك
1188,رادار المستهلك,حماية المستهلك والتموين,يواجه المتسوق تفاوت ميزانيات السلع التموينية بين المتاجر الكبرى والهايبرماركت في نفس المنطقة الجغرافية للحي السكني. يتيح التطبيق مقارنة حية وتلقائية لأسعار السلع ومجموع السلة الشرائية لتوجيه المستخدم للمتجر الأوفر.,المستهلكون والأسر بقطاع التجزئة
1189,ملابس ذكية,تقنيات المنسوجات والسلامة المهنية,يواجه رجال الإطفاء أو عمال العمليات الميدانية خطورة التعرض للإجهاد الحراري أو الدوار المفاجئ دون علم غرف التحكم والمراقبة الخلفية. يوفر المشروع ملابس ميدانية مزودة بألياف ذكية تقيس النبض والحرارة لحظياً.,"القطاعات الأمنية، الدفاع المدني، والمصانع الكبرى"
1190,موسم مرن,إدارة الحشود والتوظيف المؤقت,تواجه مواسم الفعاليات السياحية ضغطاً كبيراً وصعوبة في التوظيف السريع والمؤقت للكفاءات الوطنية لإدارة وتوجيه الحشود بالمواقع الميدانية. يربط التطبيق المنظمين بالشباب بناءً على الموقع الجغرافي والخبرات الموثقة.,منظمو الفعاليات والشباب الباحث عن عمل مرن
1191,شحن ذكي,السيارات الكهربائية والمدن الذكية,تعاني محطات الشحن العامة من تكدس السيارات وتوقفها طويلاً بعد انتهاء الشحن مما يحرم مستخدمين آخرين من الاستفادة من الشاحن السريع. يقدم المشروع نظام جدولة يفرض رسوماً ديناميكية تصاعدية بعد امتلاء البطارية.,مشغلو محطات الشحن وملاك السيارات الكهربائية
1192,تلخيص القضية,التقنية القانونية والمحاماة,يستغرق المحامون فترات طويلة في مراجعة وثائق القضايا المعقدة المكونة من مئات الصفحات لاستخراج التواريخ والأحداث والنزاعات المحورية. يقدم التطبيق خطاً زمنياً تفاعلياً آلياً يستخرج الالتزامات بمجرد رفع المستندات.,المحامون والمستشارون القانونيون والمنشآت
1193,أولوية الطرق,صيانة المدن والعمليات البلدية,تواجه الأمانات صعوبة في توزيع ميزانيات إعادة سفلتة الطرق بناءً على معايير الأولوية القصوى وحجم الضرر الفعلي للإسفلت. يقوم النظام بتحليل آلي لبلاغات الحفر وتداخلها مع كثافة الحركة المرورية لترتيب المهام صيانة.,أمانات المدن ووزارة البلديات وشركات الصيانة
1194,تدوين الفلكلور,الثقافة والفنون والموسيقى,يفتقر الباحثون في التراث الموسيقي إلى توثيق رقمي دقيق للنوتات والإيقاعات الشعبية السعودية لحمايتها من التحريف والاندثار الفني. يقوم المشروع بتحليل التسجيلات الصوتية القديمة وتدوينها موسيقياً بالذكاء الاصطناعي.,"هيئة الموسيقى، الباحثون، والفنانون والمهتمون"
1195,فرز البوليمرات,إعادة التدوير والاستدامة البيئية,"تواجه مصانع تدوير البلاستيك صعوبة وبطء في فرز الأنواع المختلفة من المواد (PET, HDPE) بدقة وسرعة يدوية عالية لإعادة التصنيع. يعتمد المشروع على الفرز البصري الذكي باستخدام كاميرات الأشعة تحت الحمراء القريبة لتصنيف البلاستيك آلياً.",مصانع البلاستيك وشركات التدوير والجهات البيئية
1196,وسم الأصول,إدارة الشركات والعمليات,"تعاني المنشآت المتوسطة من فقدان أو صعوبة جرد الأصول الثابتة (كأجهزة اللاب توب، الخوادم، والأثاث المكتبي) عند جردها السنوي اليدوي. يوفر التطبيق نظام جرد رقمي يربط الأصول بأوسمة (NFC) ذكية للمسح والتحقق الفوري.",إدارات العمليات وتقنية المعلومات بالشركات
1197,طوافي,تقنيات الحج والعمرة,"يواجه المعتمرون صعوبة في التركيز وحساب عدد أشواط الطواف والسعي لشدة الزحام، مما يسبب لهم الحيرة في إتمام مناسك العبادة بأمان. يوفر التطبيق تتبعاً جغرافياً دقيقاً داخل صحن الطواف لتنبيه المعتمر برقم الشوط والدعاء المناسب له.",الحجاج والمعتمرين زوار بيت الله الحرام
1198,مسار الشاحنة,النقل واللوجستيات والمدن,تستهلك شاحنات النقل الثقيل كميات وقود إضافية وتشكل خطورة بسبب اضطرارها للمرور بطرق ذات مرتفعات حادة أو زوايا ضيقة غير مهيأة لأوزانها الثقيلة. يقدم المشروع خرائط ذكية مخصصة للشاحنات تحسب الارتفاعات لتوفير الوقود والأمان.,شركات النقل البري وسلاسل الإمداد اللوجستي
1199,بصيرة الرسوم,دعم المكفوفين والتعليم الشامل,يواجه الطلاب المكفوفون حجزاً تعليمياً عند محاولة فهم الرسوم البيانية والجداول الإحصائية المتواجدة في الكتب المدرسية الرقمية والمناهج التعليمية. يوفر التطبيق محركاً يحلل محاور الرسم البياني ويحولها إلى وصف صوتي دقيق يشرح العلاقات.,الطلاب المكفوفون والمؤسسات التعليمية
1200,أمان الغذاء,سلامة الأغذية والصحة العامة,تواجه سلاسل المطاعم ومحلات اللحوم صعوبة في التأكد من خلو الشحنات الواردة من التلوث البكتيري الأولي الذي لا يظهر بالعين المجردة فوراً. يقدم المشروع جهاز فحص محمولاً يعتمد على التحليل الطيفي الفوري للكشف عن مؤشرات التلف.,"مفتشو البلدية، أصحاب المطاعم، والمستهلكون"
1201,راصد الشوائب,الصناعة والإنتاج,تواجه مصانع صهر وتشكيل الألومنيوم خسائر مالية بسبب ظهور فقاعات هوائية أو شوائب ميكروية داخل السبائك لا تكتشف إلا بعد الفحص النهائي. نظام يعتمد على الفحص الصوتي الصدري (Ultrasonic) على خط الإنتاج لاكتشاف العيوب بلحظتها.,مصانع المعادن والمهندسون الصناعيون
1202,منصة وفاق,التقنية القانونية (LegalTech),تقع نزاعات وخلافات طويلة بين الشركاء في الشركات الناشئة حول آليات تفعيل بنود التخارج أو نسب التصويت عند الأزمات. منصة توفر حوكمة رقمية وعقوداً مبرمجة تفصل وتنفذ القرارات تلقائياً بناءً على ميثاق الشركاء.,رواد الأعمال والشركات الناشئة
1203,نبض الصهريج,الأمن البيئي والسلامة,تواجه محطات معالجة مياه الصرف الصحي خطورة تسرب غاز الميثان القابل للاشتعال بتركيزات عالية في الخزانات المغلقة دون إنذار مبكر. يقدم المشروع شبكة كواشف غازية كيميائية متصلة سحابياً للتهوية الآلية فوراً عند الخطر.,محطات المعالجة ومشغلو المنشآت البيئية
1204,إسناد الشحن,سلاسل الإمداد والتجارة,تعاني شركات استيراد الأجهزة الإلكترونية من صعوبة التحقق التلقائي من مطابقة الأرقام التسلسلية (Serial Numbers) للشحنات الضخمة مع الفواتير الأصلية بالميناء. تطبيق بمسح بصري متوازي يطابق آلاف الأرقام بثوانٍ.,شركات الاستيراد والمخلصون الجمركيون
1205,منصة أريب,تقنيات التعليم الشامل,يواجه الطلاب المصابون بصعوبات الحساب (Dyscalculia) تحدياً كبيراً في استيعاب العمليات الحسابية والكسور عبر الرموز التجريدية الصماء. منصة تحول الأرقام إلى مجسمات بصرية تفاعلية تتغير أبعادها ديناميكياً مع المدخلات.,الطلاب ذوو صعوبات الحساب والمدارس
1206,حصاد الحرارة,الطاقة والاستدامة,"تعاني مراكز البيانات الضخمة (Data Centers) من هدر حراري هائل ناتج عن خوادم التشغيل المستمرة، مما يتطلب طاقة تبريد مكلفة. نظام ذكي يعيد توجيه وتدوير هذه الحرارة المهدرة وتحويلها لطاقة كهربائية تشغيلية بديلة.",مشغلو مراكز البيانات والشركات التقنية
1207,مرشد المرفأ,اللوجستيات والنقل البحري,"تواجه قاطرات سحب السفن بالموانئ تعقيدات في تقدير قوة الشد المناسبة لوزن السفينة والتيارات الموجية اللحظية، مما قد يتلف هيكل الرصيف. نظام يحلل أبعاد وزوايا السفينة عبر مستشعرات موجية لضبط الشد آلياً.",إدارات الموانئ والشركات الملاحية
1208,تحليلات النبت,الزراعة الذكية والبيئة,"يواجه مزارعو نباتات الزينة والزهور الفاخرة صعوبة في التنبؤ ببدء إصابة الجذور بالعفن الفطري غير الظاهر على الأوراق، مما يتلف المحصول. يستخدم المشروع مستشعرات صوتية أرضية دقيقة تحلل طيف حركة المياه بالجذور.",مزارعو المشاتل ومصدرو الزهور الفاخرة
1209,بناء واثق,قطاع المقاولات والإنشاءات,تقع أخطاء في تركيب الألواح الزجاجية للواجهات (Curtain Walls) في الأبراج الشاهقة نتيجة الانحرافات المليمترية أثناء الرفع الميداني. تطبيق يربط ماسح الليزر بكاميرا كرين الرفع لمطابقة زوايا التركيب آلياً بالمخطط.,شركات المقاولات والمهندسون المشرفون
1210,عقاري الآمن,التقنية العقارية العقود,"يواجه المستأجرون عقبات في إثبات أحقيتهم باسترداد مبلغ ""التأمين المسترد"" من الملاك عند نهاية العقد بسبب النزاعات حول حالة الشقة. منصة توثق حالة العقار بتقارير بصرية مشفرة بالبلوكشين عند الدخول والخروج للفيصل.","المستأجرون، الملاك، والوسطاء العقاريون"
1211,نقاء الطهي,جودة وسلامة الأغذية,تعاني مطاعم الوجبات السريعة من صعوبة الرصد التلقائي لتدهور نقاء زيت القلي وزيادة المركبات القطبية الضارة نتيجة الاستخدام الطويل. جهاز فحص بصري مدمج بالمقلاة يراقب جودة الزيت ويقفل التشغيل آلياً عند التلف.,سلاسل المطاعم ومفتشو الصحة العامة
1212,نبيه الطاقم,الرعاية الصحية والعمليات,يتعرض الكادر التمريضي في أقسام العناية المركزة للاحتراق الوظيفي وضعف الانتباه بسبب كثرة الإنذارات الصوتية الخاطئة من الأجهزة (Alarm Fatigue). خوارزمية ذكية تفرز وتدمج الإنذارات لتبث فقط الحالات الحرجة فعلياً.,"الممرضون، أطباء العناية، وإدارات المستشفيات"
1213,تواصل ناطق,دعم ذوي الإعاقة الشامل,يواجه المكفوفون صعوبة في تمييز ممرات المشاة الآمنة أو العوائق الأرضية المفاجئة أثناء السير في المجمعات المفتوحة. يقدم المشروع حذاءً ذكياً مزوداً بحساسات فوق صوتية ومحركات اهتزازية توجه المستخدم للمسار الصحيح.,المكفوفون وضعاف البصر ومصممو المدن
1214,إمداد مرن,سلاسل الإمداد والتجارة,"تواجه المتاجر الإلكترونية لبيع قطع غيار السيارات صعوبة في التنبؤ بحجم الطلب الموسمي على البطاريات والمكابح، مما يسبب تكدس أو نفاد المخزون. نظام يحلل بيانات الأحوال الجوية وعمر المركبات بالسوق لأتمتة الطلب.",متاجر قطع الغيار وشركات التوزيع اللوجستي
1215,منصة صكوك,التقنية المالية (FinTech),يجد أصحاب الأراضي البيضاء صعوبة في الحصول على تمويل سريع لتطوير البنية التحتية لأراضيهم لرفض البنوك التمويل المباشر بدون ضمانات سائلة. منصة تطرح صكوك تطوير رقمية تتيح للأفراد الاستثمار في الأرض المضمونة.,المطورون العقاريون والمستثمرون الأفراد
1216,راصد الامتثال,الاقتصاد الرقمي والحوكمة,تواجه منصات التجارة الإلكترونية صعوبة في الفرز الآلي للإعلانات أو المنتجات المخالفة لأنظمة وزارة التجارة وحقوق الملكية الفكرية. نظام يعتمد على رؤية الحاسوب ومعالجة اللغة لحجب المنتجات المقلدة فور رفعها للمنصة.,منصات البيع والتجارة الإلكترونية والجهات الرقابية
1217,ميزان النقل,اللوجستيات الذكية,تعاني شركات شحن الطرود من هدر الوقت والوقود بسبب عشوائية توزيع مسارات التوصيل اليومي للسائقين في المدن الكبرى دون مراعاة أحجام السلع. خوارزمية تعيد تخطيط المسار جغرافياً بناءً على حجم وسعة الشاحنة الحية.,شركات توصيل الطرود وإدارة الأساطيل اللوجستية
1218,عين المحمية,حماية البيئة والاستدامة,تواجه المحميات الطبيعية خطورة انتشار النباتات الدخيلة والغازية التي تقضي على الغطاء النباتي المحلي وتصعب متابعتها بالبشر. يستخدم المشروع صوراً جوية بطيف بؤري مخصص لرصد وتحديد بؤر النباتات الغازية لإبادتها.,إدارات المحميات الطبيعية وهيئات الرقابة البيئية
1219,أرشيف ذكي,تقنيات الشركات والعمليات,تستغرق مراجعة وتصنيف ملفات السجلات الأكاديمية والشهادات القديمة الممسوحة ضوئياً ساعات طوال للتحقق من معادلتها ومطابقتها للشروط. يوفر النظام نموذجاً ذكياً يقوم بالتعرف الضوئي (OCR) وفرز الدرجات تلقائياً.,"الجامعات، إدارات القبول، والمؤسسات التعليمية"
1220,رحلة الدم,الرعاية الصحية واللوجستيات,تفتقر بنوك الدم لأدوات تضمن سلامة وموثوقية الصفائح الدموية الحساسة أثناء شحنها بين المستشفيات نتيجة تأثرها بالاهتزازات الشديدة. حافظة ذكية مدمجة بحساسات تسارع تقيس الاهتزاز وتبث تقارير جودة لحظية للمستلم.,"بنوك الدم، المستشفيات، والمختبرات الطبية"
1221,تذاكر آمنة,الفعاليات والترفيه,يواجه منظمو المؤتمرات الطبية والاقتصادية الحساسة خطر دخول أشخاص بهويات مزورة أو تذاكر مستعارة لغياب التحقق الفوري من الموثوقية المهنية. نظام يربط التذكرة الرقمية بالهوية المهنية الموثقة ويتحقق منها عبر البلوكشين.,منظمو المؤتمرات الأكاديمية والوفود المهنية
1222,مستشار العزل,كفاءة الطاقة والعمارة,يواجه المهندسون صعوبة في الحساب الدقيق لكفاءة تبريد الواجهات الزجاجية للأبراج التجارية تحت تأثير الانعكاس الضوئي للمباني المجاورة. يقدم المشروع محرك محاكاة حرارية يدرس البيئة المحيطة والارتداد الضوئي.,المكاتب الاستشارية الهندسية والمطورون العقاريون
1223,عدسة الأسنان,تقنيات طب الأسنان والصحة,يواجه أطباء التقويم صعوبة في المتابعة الأسبوعية لمدى التزام المرضى بارتداء القوالب الشفافة المنزلية وتطور حركة الأسنان بدقة بدون زيارة العيادة. تطبيق يحلل مسحاً ثلاثي الأبعاد بالفلاش يرسله المريض من منزله.,أطباء الأسنان ومراجعي عيادات التقويم
1224,إدارة الاهتزاز,التصنيع الذكي والصيانة,تعاني توربينات توليد الطاقة الهيدروليكية بالمصانع من التوقف المفاجئ نتيجة اختلال توازن الشفرات بسبب الترسبات الملحية غير المرئية. يربط المشروع التوربين بحساسات حرارية واهتزازية تتنبأ بالخلل قبل تأثر كفاءة التوليد.,المصانع ومهندسو الصيانة والتشغيل الميكانيكي
1225,خطوط التراث,الثقافة والفنون الرقمية,تفتقر منصات النشر الرقمية لخطوط عربية ديناميكية تتكيف آلياً مع أحجام الشاشات المختلفة دون الإخلال بالقواعد الجمالية للخط الكوفي. يقدم المشروع نموذج ذكاء اصطناعي لإنشاء خطوط مرنة (Variable Fonts) موزونة هندسياً.,"المصممون، مطورو المواقع، ودور النشر الرقمية"
1226,محاكي الرواسب,التعدين والطاقة والجيولوجيا,تواجه شركات التنقيب عن الرخام مخاطر مالية عند قص كتل صخرية شاسعة تكتشف لاحقاً احتواءها على عروق تصدعات خفية تمنع استخدامها التجاري. جهاز مسح راداري محمول يحلل سلامة ونقاء الكتل الصخرية بالعمق فوراً.,"محاجر الرخام، الجيولوجيون، وشركات المواد"
1227,تأهيل مرن,الخدمات الاجتماعية والرعوية,تواجه مراكز الرعاية صعوبة في قياس مدى التطور الحركي والنفسي لمبتوري الأطراف أثناء تدربهم على الأطراف الصناعية الذكية بالمنزل. توفر المنصة مستشعرات مدمجة بالطرف الصناعي تبث زوايا الحركة والضغط للطبيب المتابع.,مرضى بتر الأطراف وأطباء التأهيل ومراكز الرعاية
1228,راصد السيول,إدارة الأرصاد والمدن الذكية,تفتقر غرف الطوارئ لبيانات دقيقة توضح سرعة تدفق المياه داخل قنوات التصريف المغلقة تحت الأرض أثناء العواصف المطرية لتوقع طفح الشوارع. شبكة مستشعرات ضغط وموجات تزرع بالأنفاق وتبث القراءات حية بلحظتها.,"الدفاع المدني، غرف العمليات بالأمانات، والبلديات"
1229,مسار الطوارئ,إدارة المستشفيات والعمليات,يعاني الكادر الطبي في المستشفيات الكبيرة من ضياع أوقات حاسمة في البحث عن الكراسي المتحركة أو أجهزة تخطيط القلب الشاغرة والقريبة لعدم جردها اللحظي. نظام تتبع داخلي يربط الأجهزة بأوسمة (NFC/BLE) لتحديد موقعها على الخارطة.,"الممرضون، الأطباء، وإدارات تشغيل المستشفيات"
1230,فرز المطالبات,التأمين الصحي والذكاء الاصطناعي,"تقع خلافات بين المستشفيات وشركات التأمين حول رفض موافقة عمليات ""انحراف الحاجز الأنفي"" للاشتباه بكونها تجميلية وليست علاجية. نظام يحلل صور الأشعة المقطعية المرفوعة بالذكاء الاصطناعي لإثبات الحاجة الطبية فوراً وبحياد.",شركات التأمين الصحي وأطباء الأنف والأذن
1231,تتبع المشتريات,التجارة الإلكترونية واللوجستيات,يواجه المستهلكون صعوبة في استلام السلع الطازجة (كاللحوم والأسماك) من المتاجر الإلكترونية لعدم تحديد موعد وصول دقيق يضمن تواجدهم بالمنزل لمنع تلفها. يقدم المشروع نظام ملاحة ذكي يحدد نافذة وصول لا تتجاوز 15 دقيقة.,متسوقو الإنترنت ومتاجر الأغذية الطازجة
1232,فاحص الحيوية,الأمن السيبراني والتقنية المالية,يتزايد خطر الاحتيال عبر تخطي أنظمة البصمة الصوتية للبنوك باستخدام أصوات مولدة بالذكاء الاصطناعي التوليدي لسرقة الحسابات. يوفر المشروع نظام فحص للترددات الصوتية يحلل الحيوية (Liveness) ويميز الصوت البشري الحقيقي.,البنوك والمنشآت المالية ومطورو الأنظمة الأمنية
1233,درون زراعي,الزراعة الذكية وحماية البيئة,يصعب على مزارعي أشجار المانجو في جازان رصد إصابة الثمار بذبابة الفاكهة في مراحلها الأولى يدوياً قبل فساد المحصول كاملاً. يستخدم المشروع طائرات درونز بمسح بصري ميكروي يحلل التغير اللوني للثمار واكتشاف الآفة استباقياً.,مزارعو المانجو والجهات الزراعية والمستثمرون
1234,صيانة افتراضية,التعليم الفني والمهني والتدريب,يواجه متدربو صيانة المولدات الكهربائية عالية الجهد خطورة الصعق أو الخطأ أثناء التدريب الميداني المباشر قبل التمكن المهني. يوفر التطبيق بيئة تدريب تفاعلية بالواقع الافتراضي (VR) تحاكي التعامل مع المولدات وأعطالها بأمان.,طلاب كليات التقنية والمعاهد الفنية والمهنية
1235,ملاحة المعرض,قطاع الفعاليات والمعارض والضيافة,يواجه العارضون في المؤتمرات الدولية صعوبة في قياس عدد الزوار الفعليين الذين توقفوا أمام جناحهم ومدى جاذبية معروضاتهم بدقة البيانات. يوفر التطبيق نظام تحليل لخرائط الحرارة والوقت المستغرق للزائر عبر حساسات ذكية بالموقع.,"الشركات العارضة، منظمو المعارض، ومحللو البيانات"
1236,مؤشر التوتر,إدارة بيئة العمل والموارد البشرية,تعاني المنشآت الطبية من انخفاض تركيز الممارسين الصحيين نتيجة ضغط نوبات العمل الطويلة (الشفتات) دون رصد مستويات الإجهاد البدني. يقدم التطبيق لوحة تحكم تحلل ساعات العمل وتوزيع المهام للتنبؤ بالإنهاك واقتراح التبديل.,المستشفيات وإدارات الموارد البشرية الطبية
1237,تثمين الأراضي,التقنية العقارية والاستثمار,يواجه المطورون العقاريون صعوبة في تقدير القيمة المالية المستقبلية العادلة للأراضي المخصصة لبناء مجمعات لوجستية لغياب ربط البيانات المرورية. محرك تثمين يحلل كثافة حركة الشاحنات وقرب الأرض من الموانئ والطرق السريعة.,"المستثمرون، المطورون العقاريون، والمثمنون"
1238,رادار المستهلك,حماية المستهلك والتموين والتجارة,يواجه المتسوق تفاوت ميزانيات وأسعار حليب الأطفال والمستلزمات الطبية بين الصيدليات المختلفة في نفس الحي لغياب الشفافية السعرية. يتيح التطبيق مقارنة حية وتلقائية للأسعار وتوجيه المستخدم للصيدلية الأقل تكلفة وسلة الشراء.,المستهلكون والأسر بقطاع التجزئة والصيدلة
1239,ملابس ذكية,تقنيات المنسوجات والسلامة المهنية,يواجه عمال النظافة والصيانة بالمطارات الكبرى والموانئ خطورة التعرض للدهس ليلاً لضعف الرؤية البصرية من سائقي الآلات الثقيلة. يوفر المشروع سترات ميدانية مزودة بإضاءة نشطة وألياف عاكسة ومستشعرات تقارب تطلق إنذاراً عند اقتراب الآلة.,"عمال الميدان، شركات الصيانة، وإدارات المطارات"
1240,موسم مرن,إدارة الحشود والتوظيف المؤقت,تواجه المجمعات التجارية والوجهات السياحية صعوبة في التنبؤ بأعداد المنظمين الإضافيين المطلوبين لإدارة الحشود في أوقات العروض الموسمية المفاجئة. يحلل التطبيق بيانات الحجوزات والطقس لأتمتة طلب كوادر تنظيم مرنة ومؤقتة.,"منظمو الفعاليات، المجمعات، والشباب الباحث عن عمل"
1241,شحن ذكي,السيارات الكهربائية والمدن الذكية,تواجه الفنادق والمنتجعات صعوبة في توزيع طاقة الشحن الكهربائي المتاحة على سيارات النزلاء دون تجاوز القدرة الاستيعابية للمبنى. يقدم المشروع نظام توزيع ديناميكي يضبط سرعة شحن كل سيارة بناءً على موعد مغادرة النزيل المجدول.,"الفنادق، المنتجعات، وملاك السيارات الكهربائية"
1242,تلخيص القضية,التقنية القانونية والمحاماة,يستغرق المحامون فترات طويلة في مراجعة صكوك الرهن والنزاعات العقارية المتشابكة الممتدة لعقود لاستخراج الملاك السابقين والالتزامات الحالية. يقدم التطبيق خطاً زمنياً تفاعلياً آلياً يستخرج تسلسل الملكية بمجرد رفع الملفات.,"المحامون، المستشارون القانونيون، والوسطاء العقاريون"
1243,أولوية الطرق,صيانة المدن والعمليات البلدية,"تواجه البلديات صعوبة في الرصد الميداني الفوري لهبوط أغطية غرف التفتيش (البيارات) في الشوارع، مما يتلف السيارات ويهدد السلامة. يقوم النظام بتحليل حساسات التسارع في سيارات النقل العام لرصد وتحديد موقع الهبوط تلقائياً.","البلديات، الأمانات، وشركات صيانة الطرق"
1244,تدوين الفلكلور,الثقافة والفنون والتقنيات الثقافية,يفتقر صناع الأفلام والمصممون لتوثيق رقمي دقيق يوضح الأبعاد الهندسية والزخارف المعمارية للمباني التراثية في منطقة عسير (القصور الطينية). يقوم المشروع بمسح بؤري ثلاثي الأبعاد (3D Scanning) لأرشفة الزخارف وحمايتها.,"هيئة التراث، المصممون، ومطورو الرسوم ثلاثية الأبعاد"
1245,فرز البوليمرات,إعادة التدوير والاستدامة البيئية,تواجه مصانع تدوير الإطارات صعوبة في فرز وفصل الأسلاك الفولاذية الداخلية المدمجة بالمطاط يدوياً وبكفاءة عالية لإعادة الاستخدام الصناعي. يعتمد المشروع على الفرز المغناطيسي الذكي عالي الكثافة لفصل المعادن آلياً وبسرعة.,"مصانع تدوير الإطارات، شركات الاستدامة، والمصانع"
1246,وسم الأصول,إدارة الشركات والعمليات والحوكمة,تعاني المستشفيات من صعوبة الجرد السنوي اليدوي لآلاف العهد الطبية غير الحيوية (كالأدوات الجراحية اليدوية) وضياع بعضها أثناء التعقيم. يوفر التطبيق نظام جرد رقمي يربط الأجهزة بأوسمة (RFID) ذكية للمسح والتحقق الجماعي.,إدارات العمليات وتقنية المعلومات بالمستشفيات
1247,طوافي,تقنيات الحج والعمرة والمدن,يواجه المعتمرون صعوبة في العثور على أفراد عائلاتهم عند تشتتهم وسط الازدحام الشديد بصحن الطواف لضعف إشارات الـ GPS الداخلية بالمبنى. يوفر التطبيق تتبعاً محلياً دقيقاً يعتمد على شبكة موجات البلوتوث (BLE Beacons) الداخلية الحية.,الحجاج والمعتمرين والعوائل زوار الحرمين
1248,مسار الشاحنة,النقل واللوجستيات وسلاسل الإمداد,تشكل شاحنات نقل المركبات (السطحات الكبيرة) خطورة عند مرورها أسفل الجسور واللوحات الإرشادية لعدم علم السائق بالارتفاع الدقيق للحمولة بعد التحميل. يقدم المشروع حساس ليزر يقيس ارتفاع الحمولة فورياً ويحذر السائق برمجياً.,"سائقو الشاحنات، شركات النقل اللوجستي، وأمن الطرق"
1249,بصيرة الرسوم,دعم المكفوفين والتعليم الشامل,يواجه الطلاب المكفوفون حجزاً تعليمياً عند محاولة فهم الخرائط الجغرافية والحدود السياسية والتضاريس في الكتب المدرسية الرقمية والمناهج. يوفر التطبيق محركاً يحلل خطوط الخريطة ويحولها إلى تذبذبات واهتزازات مشفرة على الشاشة اللمسية.,الطلاب المكفوفون والمؤسسات التعليمية والمدارس
1250,أمان الغذاء,سلامة الأغذية والصحة العامة,تواجه مصانع تعليب الأغذية صعوبة في التأكد اللحظي من خلو العبوات المعدنية من تسرب ميكروي للهواء قد يفسد المنتج قبل الشحن لغياب الفحص الآلي. يقدم المشروع نظام فحص حراري نبضي للكشف عن عيوب الإغلاق آلياً.,مصانع تعليب الأغذية ومفتشو الجودة والسلامة
1251,راصد التآكل,قطاع الطاقة والصناعة,تواجه محطات تحلية المياه خطورة التآكل الداخلي السريع لأنابيب التناضح العكسي نتيجة التغيرات الكيميائية للمياه دون رصد مبكر. يستخدم المشروع مستشعرات الفحص بالتيارات الدوامية النبضية (PEC) للتنبؤ بالتآكل.,محطات تحلية المياه والمهندسون الصناعيون
1252,منصة إيجاز,التقنية القانونية (RegTech),تواجه المنشآت الطبية تعقيدات وتأخيراً في مراجعة وتحديث سياساتها الداخلية للتأكد من مطابقتها لتحديثات واشتراطات هيئة الغذاء والدواء المستمرة. يوفر النظام فحصاً آلياً ومطابقة فورية للوائح.,المستشفيات والمراكز الطبية وإدارات الالتزام
1253,نبض التخزين,الأمن الغذائي والتموين,تتعرض مخازن البطاطس والبصل الاستراتيجية للتلف والتعفن نتيجة ارتفاع غاز الإيثيلين ومستويات الرطوبة دون رصد استباقي. يقدم المشروع شبكة مستشعرات غازية كيميائية متصلة سحابياً للتهوية الآلية فوراً.,شركات الإنتاج الزراعي وإدارات المستودعات
1254,إسناد التوريد,سلاسل الإمداد والشركات,تواجه مصانع التعبئة صعوبة في التحقق الآلي واللحظي من دقة أوزان المواد الخام الواردة في الحاويات الضخمة ومطابقتها للفواتير قبل التفريغ. نظام يدمج حساسات مسح ليزري (LiDAR) لحساب الحجم والوزن فورياً.,مدراء المشتريات بالمصانع وشركات الشحن
1255,منصة وتيرة,تقنيات حوكمة الشركات,تفتقر مجالس إدارات الجمعيات التعاونية لأدوات تضمن التوثيق الرقمي السري والشفاف للتصويت على القرارات وتوزيع الأرباح السنوية دون تلاعب. منصة تعتمد على البلوكشين لإدارة الاجتماعات والتصويت بهوية رقمية.,"الجمعيات التعاونية، المساهمون، ومجالس الإدارة"
1256,حصاد الضوء,الطاقة النظيفة والاستدامة,تواجه واجهات المباني الزجاجية الضخمة (الأبراج) هدراً كبيراً للطاقة نتيجة التعرض المستمر لأشعة الشمس الحارقة مما يزيد من أحمال التبريد. يقدم المشروع زجاجاً شمسياً ذكياً (BIPV) يولد طاقة كهربائية من واجهة البرج.,المطورون العقاريون ومهندسو العمارة الخضراء
1257,مرشد المرجان,البيئة البحرية والسياحة,تواجه المحميات البحرية في نيوم والبحر الأحمر صعوبة في تتبع نمو وصحة كتل المرجان الاصطناعي المستزرع بدقة البيانات البصرية المستمرة. يستخدم المشروع غواصات ذاتية القيادة مبرمجة برؤية الحاسوب للمسح.,"الهيئات البيئية، الباحثون، ومراكز العلوم البحرية"
1258,تحليلات النبت,الزراعة الذكية والمحميات,"يواجه مزارعو البيوت المحمية صعوبة في التنبؤ بانتشار حشرة ""الذبابة البيضاء"" بأوراق الطماطم قبل ظهور أعراض التلف البصري الشامل. نظام يعتمد على الكاميرات فائقة الطيفية (Hyperspectral) لاكتشاف الآفة مبكراً.",المزارعون ومستثمرو مشاريع الزراعة الحديثة
1259,بناء واثق,قطاع المقاولات والإنشاءات,تقع أخطاء في فحص مطابقة عزم شد البراغي والروابط المعدنية بالجسور الحديدية الكبرى لضيق وقت الفحص البشري اليدوي ميدانياً. تطبيق يربط مفاتيح الشد الرقمية بلوحة تحكم توثق قوة الربط لكل برغي جغرافياً.,"مهندسو السلامة، شركات المقاولات، والمشرفون"
1260,عقاري الآمن,التقنية العقارية والاستثمار,يواجه المستثمرون الأجانب صعوبة في فهم وتتبع التاريخ القانوني والرهونات والنزاعات العقارية السابقة لأراضي الأبراج قبل الشراء. منصة تجمع وتؤرشف السجلات التاريخية في صك رقمي موحد وموثق بالبلوكشين.,"المستثمرون، المطورون العقاريون، والوسطاء"
1261,نقاء الألبان,جودة وسلامة الأغذية,تواجه مصانع الألبان خطورة تلوث دفعات الإنتاج بالمضادات الحيوية نتيجة عدم دقة الفرز الأولي للحليب الوارد من المزارع يدوياً. جهاز فحص محمول يعتمد على التحليل الطيفي الفلوري للكشف عن المتبقيات بدقائق.,"مصانع الألبان، مختبرات الجودة، ومفتشو الصحة"
1262,نبيه الطاقم,الرعاية الصحية والعمليات,يواجه أطباء جراحة العظام تعقيدات في الضبط الدقيق لزوايا تركيب المسامير الطبية أثناء العمليات الجراحية الحرجة لضعف المحاكاة اللحظية. نظارة واقع معزز (AR) تسقط نموذج العظام ثلاثي الأبعاد على جسم المريض بدقة.,جراحو العظام والمستشفيات والمراكز الطبية
1263,تواصل ناطق,دعم ذوي الإعاقة والدمج,يواجه الطلاب المكفوفون حجزاً تعليمياً عند محاولة فهم الرموز والاتفاقيات الكيميائية المعقدة بالمعامل لعدم توفر قراءة صوتية تفسيرية حية. تطبيق مسح بصري ذكي يحلل التفاعل الكيميائي ويشرح النتيجة صوتياً بليغاً.,الطلاب المكفوفون والمؤسسات التعليمية والمدارس
1264,إمداد مرن,سلاسل الإمداد والخدمات اللوجستية,تعاني شركات نقل المنتجات المبردة الطازجة من تلف البضائع نتيجة فتح أبواب الشاحنة بشكل متكرر وغير مصرح من السائقين طوال الرحلة. قفل ذكي للحاويات يربط بالـ GPS ولا يفتح إلا عند مطابقة إحداثيات الموقع المستهدف.,شركات الشحن اللوجستي وموردي السلع الطازجة
1265,منصة صكوك,التقنية المالية (FinTech),يصعب على رواد الأعمال الحصول على تمويل بضمان أصول منقولة (كالمعدات أو البضائع بالمستودعات) لتعقد إجراءات التقييم والتسجيل البنكي. منصة توثق وتقيم الأصول رقمياً وتطرحها كفرص تمويلية قصيرة الأجل للأفراد.,"رواد الأعمال، الشركات الناشئة، والمستثمرون"
1266,راصد الامتثال,الاقتصاد الرقمي والرقابة,تواجه منصات التجارة الإلكترونية صعوبة في الرصد التلقائي للحسابات التي تمارس البيع الوهمي أو تضخيم التقييمات يدوياً (Review Manipulation). خوارزمية ذكية تحلل الشذوذ في سلوك التقييمات وحظر الحسابات فوراً.,"منصات البيع الإلكتروني، التجار، والجهات الرقابية"
1267,ميزان الشحن,اللوجستيات الذكية والشحن,تعاني شركات شحن الأثاث من هدر المساحات الداخلية في المقطورات نتيجة عشوائية ترتيب القطع الكبيرة يدوياً من العمال. يوفر التطبيق محاكاة ثلاثية الأبعاد (3D Packing) تقترح الترتيب الهندسي الأمثل للقطع لرفع سعة الشحن.,شركات شحن الأثاث والتجزئة والمنشآت اللوجستية
1268,عين المحمية,حماية البيئة والاستدامة,تواجه المحميات الطبيعية الشاسعة خطورة التعدي برمي النفايات الصلبة أو مخلفات التخييم في أودية يصعب مراقبتها بالفرق البشرية بانتظام. يستخدم المشروع كاميرات حرارية متصلة بخوارزمية رصد الشاحنات والمركبات للتوثيق الفوري.,القوات الخاصة للأمن البيئي وإدارات المحميات
1269,أرشيف ذكي,تقنيات الشركات والعمليات,تستغرق مراجعة وتصنيف ملفات الفواتير الضريبية القديمة الممسوحة ضوئياً ساعات طوال للتحقق من مطابقتها للفحص الضريبي السنوي من المراجعين. يوفر النظام نموذجاً ذكياً يقوم بالتعرف الضوئي (OCR) وفرز المبالغ تلقائياً.,"المحاسبون، المراجعون القانونيون، والشركات"
1270,رحلة اللقاح,الرعاية الصحية واللوجستيات,تفتقر المستشفيات لأدوات تضمن سلامة وموثوقية سلاسل تبريد عينات النخاع العظمي الحساسة أثناء نقلها جوياً بين مدن المملكة لضمان حيويتها. حافظة طبية ذكية متبعة بالأقمار الصناعية تبث المؤشرات الحرارية لحظياً.,"بنوك النخاع، المستشفيات، والمراكز الطبية"
1271,تذاكر آمنة,الفعاليات والترفيه والمؤتمرات,يواجه منظمو المعارض الفنية والفعاليات النادرة خطر انتشار تذاكر السوق السوداء المقلدة والتلاعب بالأسعار وإعادة البيع غير القانوني. يعتمد المشروع على إصدار تذاكر رقمية مشفرة كأصول (NFT) ترتبط بمحفظة المشتري الرسمية.,منظمو المعارض الفنية وجمهور الترفيه والفعاليات
1272,مستشار العزل,كفاءة الطاقة والعمارة المستدامة,يواجه المقبلون على بناء المصانع صعوبة في تحديد سماكة العوازل الأنسب للأسقف المعدنية لخفض أحمال التبريد وتطابق معايير كود البناء السعودي. يوبتطبيق محرك محاكاة حرارية يحلل مساحة المصنع والطقس التاريخي.,"أصحاب المصانع، المقبلون على البناء، والمهندسون"
1273,عدسة الأسنان,تقنيات طب الأسنان والصحة,يواجه أطباء الأسنان صعوبة في التشخيص المبكر لتآكل عظام الفك الداخلي (الامتصاص العظمي) عبر صور الأشعة التقليدية الرمادية البسيطة. يقدم النظام حلاً يعتمد على تقنيات معالجة الصور لتلوين وتحديد بؤر التآكل بدقة.,أطباء وجراحو الأسنان والمراكز الطبية
1274,إدارة الاهتزاز,التصنيع الذكي والصيانة,تعاني توربينات توليد الطاقة بطاقة الرياح من التوقف المفاجئ نتيجة اختلال توازن عمور الدوران بسبب الارتجاجات الميكانيكية غير المرصودة. يربط المشروع التوربين بحساسات اهتزاز (Accelerometers) للتنبؤ بالصيانة الوقائية.,مشغلو محطات طاقة الرياح ومهندسو الصيانة
1275,خطوط التراث,الثقافة والفنون الرقمية,تفتقر منصات التصميم لنماذج تولد خطوطاً وتراكيب فنية مضبوطة بدقة تحاكي قواعد الخط الديواني الجلي الأصيل بكافة أبعاده الهندسية الدقيقة. يقدم المشروع نموذج ذكاء اصطناعي توليدي مخصص لابتكار لوحات موزونة.,"المصممون، دور النشر، والجهات الثقافية"
1276,محاكي الرواسب,التعدين والطاقة والجيولوجيا,تواجه شركات الاستكشاف التعديني مخاطر باهظة عند حفر آبار عشوائية للبحث عن رواسب الذهب دون دراسة طبقات الأرض بدقة جيوفيزيائية. يقدم المشروع منصة محاكاة ثلاثية الأبعاد تحلل بيانات المسح المغناطيسي والزلزالي.,شركات التعدين والمهندسون الجيولوجيون والباحثون
1277,تأهيل مرن,الخدمات الاجتماعية والإصلاحية,تواجه المؤسسات الرعوية صعوبة في التقييم السلوكي والنفسي الدوري للنزلاء داخل الإصلاحيات لقياس مدى جاهزيتهم للاندماج بسوق العمل. توفر المنصة مسارات تعليمية وتقييمية ذكية تقيس التطور المهني للنزيل بانتظام.,إدارات التأهيل والمؤسسات الاجتماعية والإصلاحيات
1278,راصد السيول,إدارة الأرصاد والمدن الذكية,تفتقر بلديات المدن الفرعية لبيانات مناخية شديدة المحلية (Hyper-local) لرصد وتوقع تدفق مياه السيول في شعاب محددة قبل وصولها للمناطق السكنية. يدمج المشروع قراءات محطات الأرصاد المنزلية الصغيرة المصرحة.,مراكز الأرصاد والبلديات والأمانات
1279,مسار الطوارئ,إدارة المستشفيات والعمليات,يعاني المرضى المنومون بالمستشفيات من تأخر استجابة الممرضين لنداءات الطوارئ العاجلة نتيجة عشوائية توزيع أجهزة النداء يدوياً وضغط العمل. يوفر التطبيق نظام جدولة ديناميكي يوجه النداء للممرض الأقرب جغرافياً لغرفة المريض.,"الممرضون، الأطباء، وإدارات تشغيل المستشفيات"
1280,فرز المطالبات,التأمين الصحي والعمليات,"تواجه المستشفيات تأخراً في تسوية وفحص مطالبات التأمين الطبي لعمليات ""استئصال اللوزتين"" للاشتباه بوجود تكرار في الفواتير أو الخدمات. يعتمد النظام على الفرز والمطابقة الآلية للمستندات عبر الذكاء الاصطناعي اللغوي.",شركات التأمين والمستشفيات والمنشآت الصحية
1281,تتبع المشتريات,التجارة الإلكترونية واللوجستيات,يواجه المستهلكون صعوبة في استلام الطرود الثمينة (كالمجوهرات) من المتاجر الإلكترونية لعدم توفر تتبع حي ومحمي يضمن الهوية الرقمية للمستلم لمنع الاحتيال. نظام ملاحة يربط التسليم ببصمة الوجه أو رمز نفاذ للمشتري.,متسوقو الإنترنت ومتاجر المجوهرات وشركات الشحن
1282,فاحص الحيوية,الأمن السيبراني والتقنية المالية,يتزايد خطر الاحتيال عبر تخطي أنظمة التعرف على الوجه بالبنوك باستخدام أقنعة ثلاثية الأبعاد (3D Masks) متقنة تحاكي وجه العميل الفعلي. يوفر المشروع نظاماً لفحص الحيوية الحراري (Thermal Liveness) لتمييز حرارة البشر الحية.,البنوك والمنشآت المالية ومطورو الأنظمة الأمنية
1283,درون زراعي,الزراعة الذكية وحماية البيئة,"يصعب على مزارعي أشجار الزيتون في الجوف رصد إصابة المحاصيل بمرض ""عين الطائر"" الفطري في مراحله الأولى بالعين المجردة لتفادي تلف الزيت. يستخدم المشروع طائرات درونز تلتقط صوراً متعددة الأطياف للأشجار للتحليل المباشر.",مزارعو الزيتون والجهات الزراعية والمستثمرون
1284,صيانة افتراضية,التعليم الفني والمهني والتدريب,يواجه متدربو صيانة محطات الطاقة الشمسية خطورة الصعق أو احتراق الألواح أثناء التدريب الميداني المباشر قبل التمكن المهني الكامل. يوفر التطبيق بيئة تدريب بالواقع الافتراضي (VR) تحاكي التعامل مع الألواح والمحولات بأمان.,طلاب كليات التقنية والمعاهد الفنية والمهنية
1285,ملاحة المعرض,قطاع الفعاليات والمعارض والترفيه,يواجه منظمو الفعاليات الترفيهية صعوبة في التوجيه الفوري للحشود نحو الألعاب والمطاعم الأقل ازدحاماً داخل المدينة الترفيهية لتقليل طوابير الانتظار. يوفر التطبيق خرائط داخلية ذكية وبثاً حياً لنسب الازدحام للزوار.,"منظمو المهرجانات، الزوار، وإدارات المجمعات"
1286,مؤشر التوتر,إدارة بيئة العمل والموارد البشرية,تعاني شركات الاتصال ومراكز خدمة العملاء (Call Centers) من انخفاض جودة الردود نتيجة الاحتراق الوظيفي والتووتر غير المرصود للموظفين. يقدم التطبيق تحليلاً صوتياً برمجياً لنبرة صوت الموظف لرصد الإجهاد والتحذير.,الشركات وإدارات الموارد البشرية ومراكز الاتصال
1287,تثمين الأراضي,التقنية العقارية والاستثمار العقاري,يواجه المطورون العقاريون صعوبة في التقدير المالي العادل لتكلفة تسوية وعمليات الحفر للأراضي الجبلية الوعرة قبل الشراء. محرك تثمين يحلل البيانات الطبوغرافية والارتفاعات للأرض لتقدير السعر وتكلفة التطوير الهندسية.,"المستثمرون، المطورون العقاريون، والمثمنون"
1288,رادار المستهلك,حماية المستهلك والتموين والتجارة,يواجه المتسوق تفاوت أسعار الزيوت النباتية والسلع الأساسية بين محلات البقالة الصغيرة والهايبرماركت في نفس الحي السكني لغياب الرقابة السعرية. يتيح التطبيق مقارنة حية وتلقائية للأسعار وتوجيه المستخدم للأوفر.,المستهلكون والأسر بقطاع التجزئة والتجارة
1289,ملابس ذكية,تقنيات المنسوجات والسلامة المهنية,يواجه الغواصون التجاريون في أعمال صيانة أنابيب الموانئ خطورة انخفاض حرارة الجسم المفاجئ في أعماق البحر دون علم طاقم الدعم فوق السطح. يوفر المشروع بدلات غوص مزودة بألياف ذكية تقيس الحرارة والنبض وتبثها برمجياً.,"الغواصون التجاريون، شركات الصيانة البحرية، والموانئ"
1240,موسم مرن,إدارة الحشود والتوظيف المؤقت,تواجه المهرجانات السياحية صعوبة في التوزيع الجغرافي اللحظي لمنظمي الحشود داخل ساحات الفعاليات المفتوحة بناءً على تذبذب تدفق الجماهير. يحلل التطبيق كاميرات الموقع لتوجيه كوادر التنظيم المرنة ميدانياً آلياً.,منظمو الفعاليات والشباب الباحث عن عمل مرن
1291,شحن ذكي,السيارات الكهربائية والمدن الذكية,تواجه مواقف الشركات الكبرى صعوبة في تنظيم أوقات شحن سيارات الموظفين الكهربائية خلال ساعات العمل دون التسبب في زيادة أحمال المبنى. يقدم المشروع نظام جدولة يوزع طاقة الشحن ديناميكياً بناءً على جدول انصراف الموظف.,الشركات الكبرى وملاك السيارات الكهربائية والموظفون
1292,تلخيص القضية,التقنية القانونية والمحاماة,يستغرق المحامون فترات طويلة في مراجعة قضايا الملكية الفكرية وتنازع العلامات التجارية المعقدة المكونة من مئات الصفحات لاستخراج التواريخ والأدلة. يقدم التطبيق خطاً زمنياً تفاعلياً آلياً يستخرج نقاط النزاع برمجياً.,المحامون والمستشارون القانونيون والشركات التجارية
1293,أولوية الطرق,صيانة المدن والعمليات البلدية,تواجه البلديات صعوبة في الرصد الميداني اللحظي لتجمع مياه الأمطار والسيول في النقاط المنخفضة من الشوارع (البحيرات) لإنقاذ السائقين وتوجيه الصيانة. يقوم النظام بتحليل بلاغات وتصوير الجوال جغرافياً وأتمتة المهام.,"البلديات، الأمانات، ووزارة الشؤون البلدية والقروية"
1294,تدوين الفلكلور,الثقافة والفنون والتقنيات الثقافية,يفتقر الباحثون التراثيون لتوثيق رقمي دقيق يوضح النقوش والزخارف المعمارية للأبواب النجدية القديمة لحمايتها من الاندثار الفني والثقافي. يقوم المشروع بمسح ليزري ثلاثي الأبعاد (3D) لأرشفة الزخارف بدقة هندسية ومشاركتها.,"هيئة التراث، المصممون، ومطورو الرسوم ثلاثية الأبعاد"
1295,فرز البوليمرات,إعادة التدوير والاستدامة البيئية,تواجه مصانع تدوير البلاستيك صعوبة في فرز العبوات الملونة عن العبوات الشفافة بدقة وسرعة يدوية عالية لتأثيرها على جودة الحبيبات المنتجة. يعتمد المشروع على الفرز البصري الذكي عبر خوارزميات الذكاء الاصطناعي لتصنيف الألوان.,مصانع تدوير البلاستيك وشركات الاستدامة والبيئة
1296,وسم الأصول,إدارة الشركات والعمليات والحوكمة,تعاني الفنادق من صعوبة الجرد السنوي اليدوي لآلاف الأصول الثابتة الحساسة كالأثاث الفاخر واللوحات وضياع بعضها أثناء عمليات النقل بين الغرف. يوفر التطبيق نظام جرد رقمي يربط الأصول بأوسمة (NFC) للمسح الفوري.,إدارات العمليات وتقنية المعلومات بالفنادق والمنشآت
1297,طوافي,تقنيات الحج والعمرة والمدن,يواجه المعتمرون صعوبة في العثور على مواقع عربات التنقل الكهربائية المتاحة الشاغرة داخل أدوار المسعى لشدة الازدحام وحيرتهم في المسارات. يوفر التطبيق تتبعاً حياً وجغرافياً بدقة لمواقع العربات الشاغرة عبر حساسات الوزن الحية.,الحجاج والمعتمرين زوار الحرم المكي الشريف
1298,مسار الشاحنة,النقل واللوجستيات وسلاسل الإمداد,تشكل شاحنات نقل المواد السائلة (الوايتات) خطورة انقلاب عند تحرك السائل داخل الصهريج في المنعطفات لغياب رصد اتزان الحمولة من السائق. يقدم المشروع حساسات ضغط مدمجة بالصهريج تحلل حركة السائل وتحذر السائق برمجياً.,"سائقو الشاحنات، شركات النقل اللوجستي، وأمن الطرق"
1299,بصيرة الرسوم,دعم المكفوفين والتعليم الشامل,يواجه الطلاب المكفوفون حجزاً تعليمياً عند محاولة فهم المخططات التشريحية وأعضاء الجسم بالكتب المدرسية الرقمية والمناهج العلمية. يوفر التطبيق محركاً يحلل خطوط الرسم التشريحي ويحولها إلى تذبذبات واهتزازات مشفرة على الشاشة.,الطلاب المكفوفون والمؤسسات التعليمية والمدارس
1300,أمان الغذاء,سلامة الأغذية والصحة العامة,تواجه مصانع تعليب الألبان صعوبة في التأكد من خلو العبوات الكرتونية من ثقوب ميكروية قد تسبب فساد المنتج وتغير مذاقه قبل وصوله للمتاجر. يقدم المشروع نظام فحص ضوئي ليزري سريع للكشف عن عيوب التغليف آلياً.,مصانع الأغذية ومفتشو الجودة والسلامة والبلديات
1301,راصد التآكل,قطاع الطاقة والصناعة,تواجه محطات تحلية المياه خطورة التآكل الداخلي السريع لأنابيب التناضح العكسي نتيجة التغيرات الكيميائية للمياه دون رصد مبكر. يستخدم المشروع مستشعرات الفحص بالتيارات الدوامية النبضية (PEC) للتنبؤ بالتآكل.,محطات تحلية المياه والمهندسون الصناعيون
1302,منصة إيجاز,التقنية القانونية (RegTech),تواجه المنشآت الطبية تعقيدات وتأخيراً في مراجعة وتحديث سياساتها الداخلية للتأكد من مطابقتها لتتحديثات واشتراطات هيئة الغذاء والدواء المستمرة. يوفر النظام فحصاً آلياً ومطابقة فورية للوائح.,المستشفيات والمراكز الطبية وإدارات الالتزام
1303,نبض التخزين,الأمن الغذائي والتموين,تصرخ مخازن البطاطس والبصل الاستراتيجية للتلف والتعفن نتيجة ارتفاع غاز الإيثيلين ومستويات الرطوبة دون رصد استباقي. يقدم المشروع شبكة مستشعرات غازية كيميائية متصلة سحابياً للتهوية الآلية فوراً.,شركات الإنتاج الزراعي وإدارات المستودعات
1304,إسناد التوريد,سلاسل الإمداد والشركات,تواجه مصانع التعبئة صعوبة في التحقق الآلي واللحظي من دقة أوزان المواد الخام الواردة في الحاويات الضخمة ومطابقتها للفواتير قبل التفريغ. نظام يدمج حساسات مسح ليزري (LiDAR) لحساب الحجم والوزن فورياً.,مدراء المشتريات بالمصانع وشركات الشحن
1305,منصة وتيرة,تقنيات حوكمة الشركات,تفتقر مجالس إدارات الجمعيات التعاونية لأدوات تضمن التوثيق الرقمي السري والشفاف للتصويت على القرارات وتوزيع الأرباح السنوية دون تلاعب. منصة تعتمد على البلوكشين لإدارة الاجتماعات والتصويت بهوية رقمية.,"الجمعيات التعاونية، المساهمون، ومجالس الإدارة"
1306,حصاد الضوء,الطاقة النظيفة والاستدامة,تواجه واجهات المباني الزجاجية الضخمة (الأبراج) هدراً كبيراً للطاقة نتيجة التعرض المستمر لأشعة الشمس الحارقة مما يزيد من أحمال التبريد. يقدم المشروع زجاجاً شمسياً ذكياً (BIPV) يولد طاقة كهربائية من واجهة البرج.,المطورون العقاريون ومهندسو العمارة الخضراء
1307,مرشد المرجان,البيئة البحرية والسياحة,تواجه المحميات البحرية في نيوم والبحر الأحمر صعوبة في تتبع نمو وصحة كتل المرجان الاصطناعي المستزع بدقة البيانات البصرية المستمرة. يستخدم المشروع غواصات ذاتية القيادة مبرمجة برؤية الحاسوب للمسح.,"الهيئات البيئية، الباحثون، ومراكز العلوم البحرية"
1308,تحليلات النبت,الزراعة الذكية والمحميات,"يواجه مزارعو البيوت المحمية صعوبة في التنبؤ بانتشار حشرة ""الذبابة البيضاء"" بأوراق الطماطم قبل ظهور أعراض التلف البصري الشامل. نظام يعتمد على الكاميرات فائقة الطيفية (Hyperspectral) لاكتشاف الآفة مبكراً.",المزارعون ومستثمرو مشاريع الزراعة الحديثة
1309,بناء واثق,قطاع المقاولات والإنشاءات,تقع أخطاء في فحص مطابقة عزم شد البراغي والروابط المعدنية بالجسور الحديدية الكبرى لضيق وقت الفحص البشري اليدوي ميدانياً. تطبيق يربط مفاتيح الشد الرقمية بلوحة تحكم توثق قوة الربط لكل برغي جغرافياً.,"مهندسو السلامة، شركات المقاولات، والمشرفون"
1310,عقاري الآمن,التقنية العقارية والاستثمار,يواجه المستثمرون الأجانب صعوبة في فهم وتتبع التاريخ القانوني والرهونات والنزاعات العقارية السابقة لأراضي الأبراج قبل الشراء. منصة تجمع وتؤرشف السجلات التاريخية في صك رقمي موحد وموثق بالبلوكشين.,"المستثمرون، المطورون العقاريون، والوسطاء"
1311,نقاء الألبان,جودة وسلامة الأغذية,تواجه مصانع الألبان خطورة تلوث دفعات الإنتاج بالمضادات الحيوية نتيجة عدم دقة الفرز الأولي للحليب الوارد من المزارع يدوياً. جهاز فحص محمول يعتمد على التحليل الطيفي الفلوري للكشف عن المتبقيات بدقائق.,"مصانع الألبان، مختبرات الجودة، ومفتشو الصحة"
1312,نبيه الطاقم,الرعاية الصحية والعمليات,يواجه أطباء جراحة العظام تعقيدات في الضبط الدقيق لزوايا تركيب المسامير الطبية أثناء العمليات الجراحية الحرجة لضعف المحاكاة اللحظية. نظارة واقع معزز (AR) تسقط نموذج العظام ثلاثي الأبعاد على جسم المريض بدقة.,جراحو العظام والمستشفيات والمراكز الطبية
1313,تواصل ناطق,دعم ذوي الإعاقة والدمج,يواجه الطلاب المكفوفون حجزاً تعليمياً عند محاولة فهم الرموز والاتفاقيات الكيميائية المعقدة بالمعامل لعدم توفر قراءة صوتية تفسيرية حية. تطبيق مسح بصري ذكي يحلل التفاعل الكيميائي ويشرح النتيجة صوتياً بليغاً.,الطلاب المكفوفون والمؤسسات التعليمية والمدارس
1314,إمداد مرن,سلاسل الإمداد والخدمات اللوجستية,تعاني شركات نقل المنتجات المبردة الطازجة من تلف البضائع نتيجة فتح أبواب الشاحنة بشكل متكرر وغير مصرح من السائقين طوال الرحلة. قفل ذكي للحاويات يربط بالـ GPS ولا يفتح إلا عند مطابقة إحداثيات الموقع المستهدف.,شركات الشحن اللوجستي وموردي السلع الطازجة
1315,منصة صكوك,التقنية المالية (FinTech),يصعب على رواد الأعمال الحصول على تمويل بضمان أصول منقولة (كالمعدات أو البضائع بالمستودعات) لتعقد إجراءات التقييم والتسجيل البنكي. منصة توثق وتقيم الأصول رقمياً وتطرحها كفرص تمويلية قصيرة الأجل للأفراد.,"رواد الأعمال، الشركات الناشئة، والمستثمرون"
1316,راصد الامتثال,الاقتصاد الرقمي والرقابة,تواجه منصات التجارة الإلكترونية صعوبة في الرصد التلقائي للحسابات التي تمارس البيع الوهمي أو تضخيم التقييمات يدوياً (Review Manipulation). خوارزمية ذكية تحلل الشذوذ في سلوك التقييمات وحظر الحسابات فوراً.,"منصات البيع الإلكتروني، التجار، والجهات الرقابية"
1317,ميزان الشحن,اللوجستيات الذكية والشحن,تعاني شركات شحن الأثاث من هدر المساحات الداخلية في المقطورات نتيجة عشوائية ترتيب القطع الكبيرة يدوياً من العمال. يوفر التطبيق محاكاة ثلاثية الأبعاد (3D Packing) تقترح الترتيب الهندسي الأمثل للقطع لرفع سعة الشحن.,شركات شحن الأثاث والتجزئة والمنشآت اللوجستية
1318,عين المحمية,حماية البيئة والاستدامة,تواجه المحميات الطبيعية الشاسعة خطورة التعدي برمي النفايات الصلبة أو مخلفات التخييم في أودية يصعب مراقبتها بالفرق البشرية بانتظام. يستخدم المشروع كاميرات حرارية متصلة بخوارزمية رصد الشاحنات والمركبات للتوثيق الفوري.,القوات الخاصة للأمن البيئي وإدارات المحميات
1319,أرشيف ذكي,تقنيات الشركات والعمليات,تستغرق مراجعة وتصنيف ملفات الفواتير الضريبية القديمة الممسوحة ضوئياً ساعات طوال للتحقق من مطابقتها للفحص الضريبي السنوي من المراجعين. يوفر النظام نموذجاً ذكياً يقوم بالتعرف الضوئي (OCR) وفرز المبالغ تلقائياً.,"المحاسبون، المراجعون القانونيون، والشركات"
1320,رحلة اللقاح,الرعاية الصحية واللوجستيات,تفتقر المستشفيات لأدوات تضمن سلامة وموثوقية سلاسل تبريد عينات النخاع العظمي الحساسة أثناء نقلها جوياً بين مدن المملكة لضمان حيويتها. حافظة طبية ذكية متبعة بالأقمار الصناعية تبث المؤشرات الحرارية لحظياً.,"بنوك النخاع، المستشفيات، والمراكز الطبية"
1321,تذاكر آمنة,الفعاليات والترفيه والمؤتمرات,يواجه منظمو المعارض الفنية والفعاليات النادرة خطر انتشار تذاكر السوق السوداء المقلدة والتلاعب بالأسعار وإعادة البيع غير القانوني. يعتمد المشروع على إصدار تذاكر رقمية مشفرة كأصول (NFT) ترتبط بمحفظة المشتري الرسمية.,منظمو المعارض الفنية وجمهور الترفيه والفعاليات
1322,مستشار العزل,كفاءة الطاقة والعمارة المستدامة,يواجه المقبلون على بناء المصانع صعوبة في تحديد سماكة العوازل الأنسب للأسقف المعدنية لخفض أحمال التبريد وتطابق معايير كود البناء السعودي. يوبتطبيق محرك محاكاة حرارية يحلل مساحة المصنع والطقس التاريخي.,"أصحاب المصانع، المقبلون على البناء، والمهندسون"
1323,عدسة الأسنان,تقنيات طب الأسنان والصحة,يواجه أطباء الأسنان صعوبة في التشخيص المبكر لتآكل عظام الفك الداخلي (الامتصاص العظمي) عبر صور الأشعة التقليدية الرمادية البسيطة. يقدم النظام حلاً يعتمد على تقنيات معالجة الصور لتلوين وتحديد بؤر التآكل بدقة.,أطباء وجراحو الأسنان والمراكز الطبية
1324,إدارة الاهتزاز,التصنيع الذكي والصيانة,تعاني توربينات توليد الطاقة بطاقة الرياح من التوقف المفاجئ نتيجة اختلال توازن عمور الدوران بسبب الارتجاجات الميكانيكية غير المرصودة. يربط المشروع التوربين بحساسات اهتزاز (Accelerometers) للتنبؤ بالصيانة الوقائية.,مشغلو محطات طاقة الرياح ومهندسو الصيانة
1325,خطوط التراث,الثقافة والفنون الرقمية,تفتقر منصات التصميم لنماذج تولد خطوطاً وتراكيب فنية مضبوطة بدقة تحاكي قواعد الخط الديواني الجلي الأصيل بكافة أبعاده الهندسية الدقيقة. يقدم المشروع نموذج ذكاء اصطناعي توليدي مخصص لابتكار لوحات موزونة.,"المصممون، دور النشر، والجهات الثقافية"
1326,محاكي الرواسب,التعدين والطاقة والجيولوجيا,تواجه شركات الاستكشاف التعديني مخاطر باهظة عند حفر آبار عشوائية للبحث عن رواسب الذهب دون دراسة طبقات الأرض بدقة جيوفيزيائية. يقدم المشروع منصة محاكاة ثلاثية الأبعاد تحلل بيانات المسح المغناطيسي والزلزالي.,شركات التعدين والمهندسون الجيولوجيون والباحثون
1327,تأهيل مرن,الخدمات الاجتماعية والإصلاحية,تواجه المؤسسات الرعوية صعوبة في التقييم السلوكي والنفسي الدوري للنزلاء داخل الإصلاحيات لقياس مدى جاهزيتهم للاندماج بسوق العمل. توفر المنصة مسارات تعليمية وتقييمية ذكية تقيس التطور المهني للنزيل بانتظام.,إدارات التآهيل والمؤسسات الاجتماعية والإصلاحيات
1328,راصد السيول,إدارة الأرصاد والمدن الذكية,تفتقر بلديات المدن الفرعية لبيانات مناخية شديدة المحلية (Hyper-local) لرصد وتوقع تدفق مياه السيول في شعاب محددة قبل وصولها للمناطق السكنية. يدمج المشروع قراءات محطات الأرصاد المنزلية الصغيرة المصرحة.,مراكز الأرصاد والبلديات والأمانات
1329,مسار الطوارئ,إدارة المستشفيات والعمليات,يعاني المرضى المنومون بالمستشفيات من تأخر استجابة الممرضين لنداءات الطوارئ العاجلة نتيجة عشوائية توزيع أجهزة النداء يدوياً وضغط العمل. يوفر التطبيق نظام جدولة ديناميكي يوجه النداء للممرض الأقرب جغرافياً لغرفة المريض.,"الممرضون، الأطباء، وإدارات تشغيل المستشفيات"
1330,فرز المطالبات,التأمين الصحي والعمليات,"تواجه المستشفيات تأخراً في تسوية وفحص مطالبات التأمين الطبي لعمليات ""استئصال اللوزتين"" للاشتباه بوجود تكرار في الفواتير أو الخدمات. يعتمد النظام على الفرز والمطابقة الآلية للمستندات عبر الذكاء الاصطناعي اللغوي.",شركات التأمين والمستشفيات والمنشآت الصحية
1331,تتبع المشتريات,التجارة الإلكترونية واللوجستيات,يواجه المستهلكون صعوبة في استلام الطرود الثمينة (كالمجوهرات) من المتاجر الإلكترونية لعدم توفر تتبع حي ومحمي يضمن الهوية الرقمية للمستلم لمنع الاحتيال. نظام ملاحة يربط التسليم ببصمة الوجه أو رمز نفاذ للمشتري.,متسوقو الإنترنت ومتاجر المجوهرات وشركات الشحن
1332,فاحص الحيوية,الأمن السيبراني والتقنية المالية,يتزايد خطر الاحتيال عبر تخطي أنظمة التعرف على الوجه بالبنوك باستخدام أقنعة ثلاثية الأبعاد (3D Masks) متقنة تحاكي وجه العميل الفعلي. يوفر المشروع نظاماً لفحص الحيوية الحراري (Thermal Liveness) لتمييز حرارة البشر الحية.,البنوك والمنشآت المالية ومطورو الأنظمة الأمنية
1333,درون زراعي,الزراعة الذكية وحماية البيئة,"يصعب على مزارعي أشجار الزيتون في الجوف رصد إصابة المحاصيل بمرض ""عين الطائر"" الفطري في مراحله الأولى بالعين المجردة لتفادي تلف الزيت. يستخدم المشروع طائرات درونز تلتقط صوراً متعددة الأطياف للأشجار للتحليل المباشر.",مزارعو الزيتون والجهات الزراعية والمستثمرون
1334,صيانة افتراضية,التعليم الفني والمهني والتدريب,يواجه متدربو صيانة محطات الطاقة الشمسية خطورة الصعق أو احتراق الألواح أثناء التدريب الميداني المباشر قبل التمكن المهني الكامل. يوفر التطبيق بيئة تدريب بالواقع الافتراضي (VR) تحاكي التعامل مع الألواح والمحولات بأمان.,طلاب كليات التقنية والمعاهد الفنية والمهنية
1335,ملاحة المعرض,قطاع الفعاليات والمعارض والترفيه,يواجه منظمو الفعاليات الترفيهية صعوبة في التوجيه الفوري للحشود نحو الألعاب والمطاعم الأقل ازدحاماً داخل المدينة الترفيهية لتقليل طوابير الانتظار. يوفر التطبيق خرائط داخلية ذكية وبثاً حياً لنسب الازدحام للزوار.,"منظمو المهرجانات، الزوار، وإدارات المجمعات"
1336,مؤشر التوتر,إدارة بيئة العمل والموارد البشرية,تعاني شركات الاتصال ومراكز خدمة العملاء (Call Centers) من انخفاض جودة الردود نتيجة الاحتراق الوظيفي والتوتر غير المرصود للموظفين. يقدم التطبيق تحليلاً صوتياً برمجياً لنبرة صوت الموظف لرصد الإجهاد والتحذير.,الشركات وإدارات الموارد البشرية ومراكز الاتصال
1337,تثمين الأراضي,التقنية العقارية والاستثمار العقاري,يواجه المطورون العقاريون صعوبة في التقدير المالي العادل لتكلفة تسوية وعموم الحفر للأراضي الجبلية الوعرة قبل الشراء. محرك تثمين يحلل البيانات الطبوغرافية والارتفاعات للأرض لتقدير السعر وتكلفة التطوير الهندسية.,"المستثمرون، المطورون العقاريون، والمثمنون"
1338,رادار المستهلك,حماية المستهلك والتموين والتجارة,يواجه المتسوق تفاوت أسعار الزيوت النباتية والسلع الأساسية بين محلات البقالة الصغيرة والهايبرماركت في نفس الحي السكني لغياب الرقابة السعرية. يتيح التطبيق مقارنة حية وتلقائية للأسعار وتوجيه المستخدم للأوفر.,المستهلكون والأسر بقطاع التجزئة والتجارة
1339,ملابس ذكية,تقنيات المنسوجات والسلامة المهنية,يواجه الغواصون التجاريون في أعمال صيانة أنابيب الموانئ خطورة انخفاض حرارة الجسم المفاجئ في أعماق البحر دون علم طاقم الدعم فوق السطح. يوفر المشروع بدلات غوص مزودة بألياف ذكية تقيس الحرارة والنبض وتبثها برمجياً.,"الغواصون التجاريون، شركات الصيانة البحرية، والموانئ"
1340,موسم مرن,إدارة الحشود والتوظيف المؤقت,تواجه المهرجانات السياحية صعوبة في التوزيع الجغرافي اللحظي لمنظمي الحشود داخل ساحات الفعاليات المفتوحة بناءً على تذبذب تدفق الجماهير. يحلل التطبيق كاميرات الموقع لتوجيه كوادر التنظيم المرنة ميدانياً آلياً.,منظمو الفعاليات والشباب الباحث عن عمل مرن
1341,شحن ذكي,السيارات الكهربائية والمدن الذكية,تواجه مواقف الشركات الكبرى صعوبة في تنظيم أوقات شحن سيارات الموظفين الكهربائية خلال ساعات العمل دون التسبب في زيادة أحمال المبنى. يقدم المشروع نظام جدولة يوزع طاقة الشحن ديناميكياً بناءً على جدول انصراف الموظف.,الشركات الكبرى وملاك السيارات الكهربائية والموظفون
1342,تلخيص القضية,التقنية القانونية والمحاماة,يستغرق المحامون فترات طويلة في مراجعة قضايا الملكية الفكرية وتنازع العلامات التجارية المعقدة المكونة من مئات الصفحات لاستخراج التواريخ والأدلة. يقدم التطبيق خطاً زمنياً تفاعلياً آلياً يستخرج نقاط النزاع برمجياً.,المحامون والمستشارون القانونيون والشركات التجارية
1343,أولوية الطرق,صيانة المدن والعمليات البلدية,تواجه البلديات صعوبة في الرصد الميداني اللحظي لتجمع مياه الأمطار والسيول في النقاط المنخفضة من الشوارع (البحيرات) لإنقاذ السائقين وتوجيه الصيانة. يقوم النظام بتحليل بلاغات وتصوير الجوال جغرافياً وأتمتة المهام.,"البلديات، الأمانات، ووزارة الشؤون البلدية والقروية"
1344,تدوين الفلكلور,الثقافة والفنون والتقنيات الثقافية,يفتقر الباحثون التراثيون لتوثيق رقمي دقيق يوضح النقوش والزخارف المعمارية للأبواب النجدية القديمة لحمايتها من الاندثار الفني والثقافي. يقوم المشروع بمسح ليزري ثلاثي الأبعاد (3D) لأرشفة الزخارف بدقة هندسية ومشاركتها.,"هيئة التراث، المصممون، ومطورو الرسوم ثلاثية الأبعاد"
1345,فرز البوليمرات,إعادة التدوير والاستدامة البيئية,تواجه مصانع تدوير البلاستيك صعوبة في فرز العبوات الملونة عن العبوات الشفافة بدقة وسرعة يدوية عالية لتأثيرها على جودة الحبيبات المنتجة. يعتمد المشروع على الفرز البصري الذكي عبر خوارزميات الذكاء الاصطناعي لتصنيف الألوان.,مصانع تدوير البلاستيك وشركات الاستدامة والبيئة
1346,وسم الأصول,إدارة الشركات والعمليات والحوكمة,تعاني الفنادق من صعوبة الجرد السنوي اليدوي لآلاف الأصول الثابتة الحساسة كالأثاث الفاخر واللوحات وضياع بعضها أثناء عمليات النقل بين الغرف. يوفر التطبيق نظام جرد رقمي يربط الأصول بأوسمة (NFC) للمسح الفوري.,إدارات العمليات وتقنية المعلومات بالفنادق والمنشآت
1347,طوافي,تقنيات الحج والعمرة والمدن,يواجه المعتمرون صعوبة في العثور على مواقع عربات التنقل الكهربائية المتاحة الشاغرة داخل أدوار المسعى لشدة الازدحام وحيرتهم في المسارات. يوفر التطبيق تتبعاً حياً وجغرافياً بدقة لمواقع العربات الشاغرة عبر حساسات الوزن الحية.,الحجاج والمعتمرين زوار الحرم المكي الشريف
1348,مسار الشاحنة,النقل واللوجستيات وسلاسل الإمداد,تشكل شاحنات نقل المواد السائلة (الوايتات) خطورة انقلاب عند تحرك السائل داخل الصهريج في المنعطفات لغياب رصد اتزان الحمولة من السائق. يقدم المشروع حساسات ضغط مدمجة بالصهريج تحلل حركة السائل وتحذر السائق برمجياً.,"سائقو الشاحنات، شركات النقل اللوجستي، وأمن الطرق"
1349,بصيرة الرسوم,دعم المكفوفين والتعليم الشامل,يواجه الطلاب المكفوفون حجزاً تعليمياً عند محاولة فهم المخططات التشريحية وأعضاء الجسم بالكتب المدرسية الرقمية والمناهج العلمية. يوفر التطبيق محركاً يحلل خطوط الرسم التشريحي ويحولها إلى تذبذبات واهتزازات مشفرة على الشاشة.,الطلاب المكفوفون والمؤسسات التعليمية والمدارس
1350,أمان الغذاء,سلامة الأغذية والصحة العامة,تواجه مصانع تعليب الألبان صعوبة في التأكد من خلو العبوات الكرتونية من ثقوب ميكروية قد تسبب فساد المنتج وتغير مذاقه قبل وصوله للمتاجر. يقدم المشروع نظام فحص ضوئي ليزري سريع للكشف عن عيوب التغليف آلياً.,مصانع الأغذية ومفتشو الجودة والسلامة والبلديات
1351,راصد الحطام,تقنيات الفضاء والطيران,يواجه مشغلو الأقمار الصناعية الناشئة خطر الاصطدام بالمخلفات الفضائية الدقيقة المتزايدة في المدارات المنخفضة. يقدم المشروع منصة محاكاة وتتبع تعتمد على خوارزميات الذكاء الاصطناعي للتنبؤ بمسارات الحطام وتحذير الغرف.,مراكز أبحاث الفضاء والشركات المشغلة
1352,إرثنا الرقمي,الثقافة والسياحة الافتراضية,"يفتقر صناع الأفلام والمنصات العالمية لمراجع ثلاثية الأبعاد (3D) موثقة ومطابقة هندسياً لتفاصيل النقوش الصخرية بموقع ""جبة"" التراثي. مشروع مسح ليزري عالي الدقة لإنشاء مكتبة أصول رقمية تراثية.","مصممو الألعاب، صناع الأفلام، والباحثون"
1353,جسر الكفاءة,الموارد البشرية والشركات,تواجه الشركات صعوبة في التحقق التلقائي والعميق من مدى ملاءمة المشاريع السابقة (Portfolio) للمصممين والمطورين المستقلين قبل التعاقد. نظام ذكي يحلل الأكواد والتصاميم المرفوعة ويقيس جودتها برمجياً.,الشركات ورواد الأعمال والمستقلون
1354,منصة وقاء,الأمن السيبراني والصناعي,تتعرض أنظمة التحكم الصناعية (SCADA) في مصانع البتروكيماويات لخطر الاختراقات السيبرانية عبر ثغرات في الشبكات الهوائية المحلية. يوفر المشروع نظام حماية يحجب أي حزم بيانات غير متطابقة مع نمط تشغيل الآلة.,مصانع البتروكيماويات ومدراء أمن المعلومات
1355,ميزان الإرث,التقنية القانونية (LegalTech),"يواجه الأفراد والمكاتب القانونية تعقيدات وتأخيراً في الحساب الدقيق لتقسيم التركات والمواريث المعقدة التي تشمل عقارات، أسهم، وأصولاً عينية متعددة. منصة تؤتمت الحساب الشرعي والنظامي وتولد تقريراً معتمداً.","المكاتب القانونية، القضاة، والأسر"
1356,راصد الجهد,الطاقة والشبكات الذكية,تعاني المنشآت الطبية من مخاطر تلف الأجهزة الحساسة (كأجهزة الرنين المغناطيسي) نتيجة التذبذب الميكروي غير المرصود في جهد الشبكة الكهربائية الداخلية. نظام مستشعرات يراقب جودة الموجة الكهربائية لحظياً.,المستشفيات ومهندسو الصيانة والمرافق
1357,حصاد العمودي,الزراعة الذكية والاستدامة,تواجه مزارع الزراعة العمودية (Vertical Farming) مشكلة تفاوت نمو الأوراق نتيجة عدم انتظام توزيع طيف الإضاءة الصناعية (LED) داخل الأرفف الكثيفة. نظام يربط مستشعرات الضوء بمحركات تضبط زوايا الإضاءة ذاتياً.,مستثمرو الزراعة الحديثة ومشاريع الأمن الغذائي
1358,نبض الصهريج,الخدمات اللوجستية والسلامة,تشكل شاحنات نقل المواد الكيميائية السائلة خطورة تآكل جدران الخزان الداخلية بفعل التفاعلات غير المرئية مما يهدد بالتسرب. يقدم المشروع مستشعرات كيميائية تقيس انبعاثات الخزان وتتنبأ بضعف الهيكل الإنشائي.,شركات النقل اللوجستي الكيميائي والدفاع المدني
1359,إسناد التمويل,التقنية المالية (FinTech),تواجه منشآت المقاولات الصغيرة صعوبة في الحصول على تمويل تشغيلي لآلاتها لعدم قدرة البنوك على رصد إنتاجية الآلة ميدانياً كضمان. تطبيق يربط حساسات تشغيل الآلات الثقيلة بالمنصة لتقديم تقييم ائتماني حي.,شركات المقاولات الناشئة والمنشآت التمويلية
1360,بوابة الفرز,سلامة الأغذية والتجزئة,يستغرق فرز وتصنيف جودة محصول الطماطم (حسب درجة النضج الداخلي والخلو من العفن غير الظاهر) يدوياً وقتاً طويلاً بمصانع التعبئة. يعتمد المشروع على الفرز البصري بالأشعة فائقة الطيفية آلياً وسريعاً.,مصانع تعليب الأغذية والمزارعون المصدرون
1361,عدسة الحركة,الرعاية التأهيلية والرياضة,يواجه مرضى الجلطات الدماغية صعوبة في التقييم المنزلي الدقيق لمدى استجابة الأطراف لتمارين إعادة التأهيل لغياب الطبيب. تطبيق يستخدم رؤية الحاسوب عبر كاميرا الهاتف لقياس زوايا حركة المفاصل بالمليمتر.,مرضى إعادة التأهيل وأطباء العلاج الطبيعي
1362,تواصل بالإشارة,دعم ذوي الإعاقة والتعليم,يواجه الصم وضعاف السمع حجزاً في الاندماج بالندوات والمحاضرات العامة لعدم توفر مترجم لغة إشارة في كل الأوقات. تطبيق يعتمد على معالجة الصوت الفوري وتحويله لبلسان إشارة متحرك (Avatar) ثلاثي الأبعاد على الشاشة.,فئة الصم والبكم ومنظمو الفعاليات والمؤسسات
1363,إمداد مرن,اللوجستيات وسلاسل الإمداد,تعاني متاجر بيع اللحوم والدواجن المجمدة من خسائر مالية نتيجة ذوبان المنتجات أثناء النقل بسبب فتح أبواب الشاحنة المتكرر دون توثيق. قفل ذكي يسجل لحظات فتح الأبواب ويربطها جغرافياً على سجل مشفر.,شركات التوزيع وموردو الأغذية ومحلات التجزئة
1364,دليل الحشود,تقنيات الحج والعمرة والمدن,يواجه حجاج بيت الله الحرام ارتباكاً في العثور على المسارات الأقل ازدحاماً أثناء الانتقال المشي بين مخيمات منى وجسر الجمرات لضيق المساحات. تطبيق يحلل الكاميرات الميدانية ويوجه الحجاج عبر لوحات ديناميكية.,"الحجاج، وزارة الحج، والجهات التنظيمية"
1365,تلخيص البحث,التعليم العالي والبحث العلمي,يستغرق الباحثون الأكاديميون وقتاً طويلاً في قراءة ومقارنة مئات الأبحاث الطبية المنشورة باللغة العربية لاستخراج النتائج المتطابقة. أداة تعتمد على معالجة اللغات الطبيعية لتلخيص الأبحاث وإنشاء جدول مقارنة آلي.,"الأكاديميون، الباحثون، وطلاب الدراسات العليا"
1366,راصد المخلفات,حماية البيئة والاستدامة,تواجه البلديات صعوبة في الرصد اللحظي لامتلاء حاويات النفايات التجارية الكبيرة بالمجمعات مما يسبب تكدسها وتلوث البيئة. مستشعر ليزري يركب داخل الحاوية يقيس مستوى الامتلاء ويبث مسار الشاحنات الأمثل آلياً.,"الأمانات، البلديات، وشركات إدارة النفايات"
1367,تفتيش اللحام,المقاولات والإنشاءات الصناعية,يواجه مهندسو الإشراف صعوبة في فحص سلامة نقاط لحام أنابيب الغاز الطبيعي داخل المنشآت تحت الأرض للتأكد من خلوها من الفراغات. جهاز فحص محمول يعتمد على الأشعة السينية النبضية يحلل نقاء اللحام فورياً.,شركات الغاز والمقاولات والمهندسون المشرفون
1368,بصمة النقاء,جودة وسلامة الأغذية,يواجه مستوردو حبوب القهوة الفاخرة صعوبة في التثبت من خلو الشحنات الواردة من السموم الفطرية الميكروية (Mycotoxins) بالفحص البشري السريع. جهاز فحص محمول يعتمد على الاستشعار الضوئي الكيميائي للكشف الفوري.,مستوردو ومحامص القهوة ومفتشو الجودة
1369,مرشد الطيران,قطاع الطيران واللوجستيات,تعاني شركات الطيران من هدر الوقود بسبب صعوبة التنبؤ الدقيق بالتغيرات المفاجئة في تيارات الرياح العمودية (Wind Shear) حول مدرج المطار. نظام يدمج بيانات الرادار الليزري (LiDAR) لتوجيه الطيارين استباقياً.,"شركات الطيران، الطيارون، وإدارات تشغيل المطارات"
1370,مستشار الاستهلاك,كفاءة الطاقة والاستدامة,تواجه المصانع المتوسطة صعوبة في تصنيف وتوزيع تكلفة استهلاك الكهرباء على خطوط الإنتاج المختلفة لغياب العدادات الميكروية. نظام ذكي يحلل البصمة الموجية للكهرباء الإجمالية ويفكك استهلاك كل آلة برمجياً.,أصحاب المصانع ومدراء التشغيل والصيانة
1371,تأهيل النطق,الرعاية التأهيلية والصحية,يواجه الأطفال المصابون بالحبسة الكلامية التطورية مللاً من جلسات التدريب المنزلي التقليدية لغياب التوجيه التفاعلي المقاس. تطبيق ألعاب يحلل موجات صوت الطفل ويقيس دقة مخارج الحروف ويمنحه نقاط إنجاز.,الأطفال ذوو اضطرابات النطق وأخصائيو التأهيل
1372,بوابة العقار,التقنية العقارية والاستثمار,"يواجه مشتري العقارات التجارية صعوبة في التحقق من دقة بيانات ""العائد الإيجاري التاريخي"" المكتوبة في الإعلانات لغياب السجلات المعتمدة. منصة توثق التحصيل المالي الفعلي للعقار عبر تكامل وسيط مشفر بالبلوكشين.","المستثمرون العقاريون، الملاك، والوسطاء"
1373,راصد التآكل,البنية التحتية والمدن الذكية,تتعرض شبكات أنابيب المياه العذبة تحت المدن لخسائر هدر ضخمة نتيجة التآكل الكيميائي الخفي للجدران الإسمنتية للأنابيب الضخمة. روبوت مسح ذكي يتنقل داخل الأنبوب يحلل سلامة الهيكل عبر الموجات الكهرومغناطيسية.,"شركات المياه الوطنية، البلديات، والأمانات"
1374,ملابس الميدان,السلامة المهنية والأمن,يواجه الفنيون في محطات التوليد الكهربائية خطورة التعرض للصعق بالقوس الكهربائي (Arc Flash) لعدم رصد اقترابهم من النطاق الخطر. سترات ميدانية مزودة بحساسات تقارب تطلق اهتزازاً حاداً وتقطع التيار آلياً.,"فنيو الكهرباء، شركات الطاقة، ومدراء السلامة"
1375,موسم مرن,إدارة الحشود والفعاليات,يواجه منظمو المهرجانات المفتوحة صعوبة في التنبؤ ببدء تكدس الجماهير عند مخارج معينة مما يسبب ارتباكاً في إدارة الحشود. نظام يحلل التدفق البشري عبر كاميرات المراقبة للتنبؤ بالاختناق قبل حدوثه بـ 10 دقائق.,منظمو الفعاليات والترفيه وفرق تنظيم الحشود
1376,شحن ذكي,السيارات الكهربائية والطاقة,تعاني المجمعات السكنية الحديثة من ضعف التوزيع العادل لطاقة الشحن المتاحة بين سيارات السكان الكهربائية دون تجاوز حمل المبنى. يقدم المشروع نظام توزيع ديناميكي يوازن الأحمال بناءً على نمط استهلاك الشقق.,ملاك الشقق السكنية وملاك السيارات الكهربائية
1377,إيجاز القضية,التقنية القانونية والمحاماة,يستغرق المحامون وقتاً طويلاً في فرز وتصنيف وثائق النزاعات العقارية المعقدة الممتدة لعقود لاستخراج تسلسل الملكية والرهونات. يقدم التطبيق خطاً زمنياً تفاعلياً آلياً يستخرج الأسماء والالتزامات فوراً.,"المحامون، المستشارون القانونيون، والمنشآت العقارية"
1378,أولوية الطرق,صيانة المدن والعمليات البلدية,تواجه الأمانات صعوبة في الفرز الميداني الفوري لدرجة خطورة وتأثير تشققات الإسفلت (كالتشققات التمساحية) لترتيب ميزانيات الصيانة. نظام يمسح الطرق برؤية الحاسوب لتصنيف نوع وخطورة الشروخ تلقائياً.,"الأمانات، البلديات، وشركات صيانة الطرق"
1379,تدوين الفلكلور,الثقافة والفنون والتقنيات,يفتقر الباحثون التراثيون لتوثيق رقمي دقيق يحمي الأنماط الهندسية والزخارف الجبصية للأبنية القديمة (كالنقش العسيري والنجدي). يقوم المشروع بمسح بؤري ثلاثي الأبعاد (3D) لأرشفة الزخارف بدقة وحمايتها.,"هيئة التراث، المصممون، ومطورو الرسوم ثلاثية الأبعاد"
1380,فرز البوليمرات,إعادة التدوير والاستدامة البيئية,تواجه مصانع تدوير البلاستيك صعوبة وبطء في فرز العبوات البلاستيكية بناءً على سماكة ونقاء المادة يدوياً لإعادة استخدامها صناعياً. يعتمد المشروع على الفرز البصري الذكي والأشعة تحت الحمراء لتصنيف الكثافة.,مصانع تدوير البلاستيك وشركات الاستدامة والبيئة
1381,وسم الأصول,إدارة الشركات والحوكمة,تعاني المستشفيات من صعوبة الجرد السنوي اليدوي لآلاف العهد الطبية غير الحيوية (كالأدوات الجراحية اليدوية) وضياع بعضها أثناء عمليات النقل والتعقيم. يوفر التطبيق نظام جرد رقمي يربط الأصول بأوسمة (RFID).,إدارات العمليات وتقنية المعلومات بالمستشفيات
1382,طوافي المطور,تقنيات الحج والعمرة والمدن,يواجه المعتمرون صعوبة في العثور على مواقع عربات التنقل الكهربائية المتاحة الشاغرة داخل أدوار المسعى لشدة الازدحام وحيرتهم في المسارات. يوفر التطبيق تتبعاً حياً وجغرافياً بدقة لمواقع العربات الشاغرة.,الحجاج والمعتمرين زوار الحرم المكي الشريف
1383,مسار الشاحنة,النقل واللوجستيات وسلاسل الإمداد,تشكل شاحنات نقل المواد السائلة (الوايتات) خطورة انقلاب عند تحرك السائل داخل الصهريج في المنعطفات لغياب رصد اتزان الحمولة من السائق. يقدم المشروع حساسات ضغط مدمجة بالصهريج تحلل حركة السائل.,"سائقو الشاحنات، شركات النقل اللوجستي، وأمن الطرق"
1384,بصيرة الرسوم,دعم المكفوفين والتعليم الشامل,يواجه الطلاب المكفوفون حجزاً تعليمياً عند محاولة فهم المخططات التشريحية وأعضاء الجسم بالكتب المدرسية الرقمية والمناهج العلمية. يوفر التطبيق محركاً يحلل خطوط الرسم التشريحي ويحولها إلى تذبذبات واهتزازات مشفرة.,الطلاب المكفوفون والمؤسسات التعليمية والمدارس
1385,أمان الغذاء,سلامة الأغذية والصحة العامة,تواجه مصانع تعليب الأغذية صعوبة في التأكد من خلو العبوات الكرتونية من ثقوب ميكروية قد تسبب فساد المنتج وتغير مذاقه قبل وصوله للمتاجر. يقدم المشروع نظام فحص ضوئي ليزري سريع للكشف عن عيوب التغليف آلياً.,مصانع الأغذية ومفتشو الجودة والسلامة والبلديات
1386,راصد الزحف,الاستدامة والتصحر,تعاني المشاريع البيئية والبلدية من صعوبة التتبع اللحظي والدقيق لزحف الرمال وتأثيره على البنى التحتية للمدن الطرفية. نظام يحلل صور طائرات الدرونز والتعلم الآلي للتنبؤ بمسارات الزحف وتوجيه مصدات الرياح.,"الأمانات، البلديات، وهيئات الرقابة البيئية"
1387,امتثال الغذاء,سلامة الأغذية والذكاء الاصطناعي,تواجه سلاسل توريد المطاعم صعوبة في التحقق التلقائي والمستمر من التزام مسالخ ومصانع الدواجن الخارجية بمعايير الذبح الحلال ومعايير الهيئة العامة للغذاء والدواء. تطبيق يعتمد على كاميرات مراقبة ميدانية.,سلاسل المطاعم ومفتشو الأغذية
1388,منصة توثيق,التقنية القانونية وبراءات الاختراع,يواجه المبتكرون والمخترعون خطر سرقة أفكارهم أو نماذجهم الأولية أثناء عرضها على المستثمرين في مراحلها المبكرة لغياب التوثيق القانوني السريع. منصة تتيح تسجيل وحماية النماذج والمستندات فورياً برمز مشفر.,"المخترعون، رواد الأعمال، والمستثمرون"
1389,إبحار آمن,اللوجستيات البحرية وحماية البيئة,"تواجه الموانئ التجارية خطورة الاصطدام الميكروي للسفن بالأرصفة نتيجة التيارات البحرية المفاجئة، مما يتلف الهياكل. منظومة مستشعرات ليزرية وموجية تقيس المسافة بدقة المليمتر وتقود السفينة ديناميكياً للرصيف.",إدارات الموانئ والشركات الملاحية
1390,مرشد الشيخوخة,الرعاية الصحية والذكاء المسكون,"يخشى كبار السن الذين يعيشون بمفردهم من نسيان إغلاق مواقد الغاز أو مصادر المياه مما يشكل خطراً على سلامتهم، مع رفضهم للكاميرات. نظام استشعار بيئي غير مرئي يحلل أنماط الحركة واستهلاك المرافق.","كبار السن، العوائل، ومراكز الرعاية الاجتماعية"
1391,كود الثغرة,الأمن السيبراني وتقنية المعلومات,تواجه المنشآت الحكومية خطورة استغلال الثغرات الصفرية (Zero-day) في حزم البرمجيات المفتوحة التي يستخدمها المطورون دون علم الإدارة. برمجية فحص مستمر تحلل الأكواد السحابية وتقارنها بقواعد بيانات التهديدات.,مدراء تقنية المعلومات وأمن المعلومات بالمنشآت
1392,بصمة النسيج,الثقافة والاقتصاد الإبداعي,يواجه مصممو الأزياء التراثية صعوبة في التحقق من أصالة وجودة خيوط الأقمشة الفاخرة (كالبشت الحساوي) ومطابقتها للمواصفات القياسية المحلية. جهاز فحص بصري محمول يحلل النسيج ميكروسكوبياً لمطابقته ببصمة المصنع.,"مصممو الأزياء، متاجر البشوت، والمشترون"
1393,راصد المداخن,الرقابة البيئية والاستدامة,تواجه الجهات الرقابية بالمدن الصناعية صعوبة في تتبع الانبعاثات الغازية الضارة التي تفرزها المصانع ليلاً بشكل مخالف. شبكة كاميرات طيفية حرارية ترصد مداخن المصانع على مدار الساعة وتفرز الغازات المنبعثة.,هيئات الرقابة البيئية وإدارات المدن الصناعية
1394,بوابة النحل,الثروة الزراعية والحيوانية,"يتعرض مربو النحل لخسائر كبيرة بسبب انتشار طفيل ""الواروا"" داخل الخلايا وصعوبة رصده بالعين المجردة في مراحله الأولى. خلية ذكية مزودة بماسح بصري عند المدخل يحلل أجسام النحل الداخل للخلية لاكتشاف الطفيل.",النحالون ومنتجو العسل ومراكز الأبحاث الزراعية
1395,عالمي الصوتي,تكنولوجيا التعليم والدمج الرقمي,يواجه الأطفال المصابون بالصمم التام صعوبة في تعلم القراءة وفهم معاني الكلمات العربية لغياب الوسائط التفاعلية المرئية المخصصة. تطبيق يحول النصوص المكتوبة تلقائياً إلى رسوم متحركة ثلاثية الأبعاد تترجم لغة الإشارة.,"الأطفال الصم، المدارس، وأولياء الأمور"
1396,فاحص التبريد,اللوجستيات الطبية وبنوك الدم,تتلف عينات الأنسجة الطبية الحساسة أثناء نقلها بين المستشفيات نتيجة الاهتزازات القوية الحادة للشاحنات حتى لو كانت الحرارة مضبوطة. حافظة طبية ذكية مدمجة بحساسات تسارع دقيقة تسجل الصدمات.,"المختبرات الطبية، بنوك الدم، والمستشفيات"
1397,إسناد الإخلاء,الأمن والسلامة المدنية,يواجه مسؤولو السلامة في المجمعات الضخمة صعوبة في توجيه الحشود نحو المخارج الآمنة أثناء الطوارئ لعدم علمهم اللحظي بموقع بؤرة النيران. نظام لوحات إرشادية ديناميكية تغير اتجاه الأسهم تلقائياً حسب موقع الخطر.,"الدفاع المدني، فرق السلامة، وإدارات المجمعات"
1398,أمان الرافعات,السلامة المهنية وقطاع الإنشاءات,تقع حوادث انقلاب للرافعات البرجية بمواقع البناء نتيجة اختلال التربة أسفل القواعد بسبب الأمطار دون رصد هندسي استباقي. مستشعرات ميل وضغط متناهية الدقة تزرع بالقواعد ترسل تحذيرات فورية للجوال.,"شركات المقاولات، مهندسو الموقع، ومسؤولو السلامة"
1399,إيجاز الجلسات,التقنية القانونية وحوكمة القضاء,يستغرق المستشارون القانونيون ساعات طويلة في فرز وتصنيف مئات الصفحات من ضبوط المعاينات والتقارير الهندسية في قضايا المقاولات المعقدة. أداة ذكاء اصطناعي تستخرج التناقضات وتلخصها في جدول تنفيذي.,"المحامون، المستشارون القانونيون، والشركات الإنشائية"
1400,منصة تدوير,الاستدامة والاقتصاد الدائري,تواجه مصانع تدوير الإطارات صعوبة في الفرز والجمع اللوجستي السريع للإطارات التالفة من ورش ومحلات السيارات المتناثرة جغرافياً. منصة تنظم مسارات شاحنات الجمع بناءً على طلبات الورش وسعة التخزين.,"محلات الإطارات، شركات التدوير، والجهات البيئية"
1401,راصد الفتوق,القطاع الصناعي والطاقة,تواجه خزانات الضغط العالي في مصانع الغاز خطورة حدوث تشققات ميكروية غير مرئية نتيجة الإجهاد الحراري المستمر. يستخدم المشروع تقنية التصوير بالانبعاث الصوتي (Acoustic Emission) لرصد تصدع الهياكل لحظياً.,مصانع الغاز والنفط ومهندسو السلامة
1402,منصة إرشاد,السياحة البيئية والمغامرات,يواجه محبو استكشاف الكهوف والمغارات الجبلية خطورة نقص الأكسجين أو الضياع لغياب التغطية اللاسلكية. يقدم المشروع أجهزة بث محلية منخفضة الطاقة (LoRa) ترسم مسار المغامرة وتتبع المؤشرات الحيوية للفريق.,هواة تسلق الجبال وسياح المغامرات
1403,بوابة اللوجستي,اللوجستيات وسلاسل الإمداد,تواجه شركات الشحن الدولي تعقيدات في الفرز الآلي وتصنيف شهادات المطابقة الكيميائية للمواد الخام الواردة عبر الموانئ. منصة تعتمد على الذكاء الاصطناعي اللغوي لمطابقة الشهادات بالمواصفات السعودية.,شركات الاستيراد والتصدير والمخلصون
1404,تفتيش التعبئة,سلامة وجودة الأغذية,تعاني مصانع تعبئة العصائر من هدر دفعات إنتاج كاملة بسبب عدم الإغلاق المحكم للأغطية (عيوب السدادات) دون رصد فوري. نظام فحص بصري ذكي ثلاثي الأبعاد (3D Vision) يكتشف ميل الأغطية على خط الإنتاج.,مصانع المشروبات والأغذية وإدارات الجودة
1405,منصة وتيرة,التقنية القانونية (LegalTech),تستغرق صياغة ومراجعة اتفاقيات التوزيع الحصري بين المصانع والوكلاء التجاريين وقتاً طويلاً لضمان توافقها مع نظام الامتياز التجاري المحدث. منصة تولد وتدقق العقود آلياً بناءً على قطاع العمل.,"رواد الأعمال، المصانع، والمستشارون القانونيون"
1406,توجيه الإضاءة,المدن الذكية وكفاءة الطاقة,تستهلك الواجهات المضيئة للأبراج والمباني التجارية طاقة هائلة لعملها بكثافة ثابتة طوال الليل بغض النظر عن ضوء القمر أو حركة المارة. نظام تحكم يضبط شدة الإضاءة ديناميكياً بناءً على حساسات الطقس.,إدارة الأبراج والمجمعات التجارية والبلديات
1407,توطين الأصول,الثقافة والاقتصاد الإبداعي,يواجه مطورو المحتوى المرئي صعوبة في العثور على مؤثرات صوتية وبيئية رقمية تحاكي الطبيعة الصوتية للمناطق السعودية (كالرياح الصحراوية أو أهازيج البحر). مكتبة صوتية رقمية ذكية للأصول الصوتية الموثقة.,صناع الأفلام ومطورو الألعاب والمسوقون
1408,راصد النقاء,البيئة والاستدامة المائية,تواجه مزارع الروبيان الساحلية خطورة نفوق الإنتاج نتيجة التغير الفجائي في مستويات الملوحة أو تركز الأمونيا بالمياه. منظومة عوامات ذكية تقيس الخصائص الكيميائية للمياه وتبث المؤشرات بلحظتها للمزارع.,مشاريع الاستزراع المائي ومزارعو الروبيان
1409,بصمة المعدن,قطاع التعدين والاستثمار,"يواجه مستثمرو المعادن الثمينة صعوبة في التحقق الفوري من جودة ونقاء خام ""السيليكا"" المستخرج محلياً قبل نقله لمصانع الزجاج. جهاز فحص محمول يعتمد على التحليل الطيفي الفلوري للكشف عن النسبة بالميدان.","شركات التنقيب، الجيولوجيون، ومصانع الزجاج"
1410,عالمي الحركي,الرعاية التأهيلية والصحة,يواجه الأطفال المصابون بالشلل الدماغي الحركي صعوبة في الالتزام بجلسات العلاج الطبيعي المنزلي لضعف المحفزات البصرية وتكلفة الأجهزة. تطبيق يحول التمارين الحركية لألعاب واقع معزز (AR) تقيس المدى الحركي.,الأطفال ذوو الإعاقة الحركية ومراكز التأهيل
1411,فاحص العزل,كفاءة الطاقة والعمارة,تقع عيوب في جودة تنفيذ العزل الحراري للمباني تحت الإنشاء لا تكتشف إلا بعد السكن وارتفاع فاتورة الكهرباء. تطبيق يستخدم التصوير الحراري عبر الهاتف ومطابقته بكود البناء السعودي لرصد الفراغات بالعزل.,المقبلون على بناء المنازل والمهندسون المشرفون
1412,إسناد الإغاثة,العمل الإنساني والإغاثي,تواجه الجمعيات الخيرية صعوبة في التوزيع اللوجستي العادل للمساعدات العينية (كالأجهزة الكهربائية) بناءً على الاحتياج الفعلي والنمو الأسري. منصة تحلل البيانات الديموغرافية والاجتماعية لتوجيه الدعم.,الجمعيات الأهلية والمؤسسات الإنسانية والمانحون
1413,أمان الحاوية,اللوجستيات والشحن المبرد,تتأثر جودة الشحنات الدوائية الحساسة (كاللقاحات) بالاهتزازات والارتجاجات القوية الناتجة عن الطرق الوعرة أثناء النقل البري. حافظة ذكية مدمجة بحساسات تسارع دقيقة تسجل الصدمات على سجل مشفر بالبلوكشين.,شركات الأدوية والمستشفيات والموزعون اللوجستيون
1414,إيجاز المعاملة,تقنيات الشركات والحوكمة,يستغرق الموظفون وقتاً طويلاً في قراءة مئات بريد المعاملات الإدارية اليومية الطويلة لاستخراج الطلبات والتكليفات المحورية. أداة تعتمد على الذكاء الاصطناعي تلخص البريد وتولد قائمة مهام تنفيذية تلقائياً.,المدراء التنفيذيون وموظفو الشركات والمنشآت
1415,منصة تدوير,الاستدامة والاقتصاد الدائري,تواجه مصانع تدوير الأثاث الخشبي صعوبة في الجمع اللوجستي للمخلفات الخشبية الكبيرة من المنازل والمجمعات السكنية يدوياً. منصة تربط الأفراد بشركات التدوير وتنظم مسارات الشاحنات حسب الطلب.,"الأسر، شركات التدوير، والمنشآت البيئية"
1416,تحكيم المطالبات,تقنيات التأمين (InsurTech),تقع نزاعات بين شركات التأمين والمؤمن لهم حول القيمة العادلة لتعويض الهواتف الذكية التالفة نتيجة الحوادث لغياب الفحص التقني المحايد. تطبيق يحلل الأعطال الداخلية للهاتف برمجياً لتقدير تكلفة الإصلاح.,شركات تأمين الأجهزة ومحلات الصيانة والمستهلكون
1417,مسار الرؤية,دعم ذوي الإعاقة البصرية,يواجه المكفوفون صعوبة في معرفة مواعيد وأرقام حافلات النقل العام عند وقوفهم في المحطات لغياب اللوحات الصوتية. تطبيق يربط هاتف المستخدم بالحافلة القادمة عبر موجات البلوتوث لتنبيهه صوتياً برقم الرحلة.,المكفوفون وضعاف البصر وركاب النقل العام
1418,سوق الصوف,الثروة الحيوانية والاقتصاد الريفي,"يواجه مربو الماشية صعوبة في تسويق وبيع صوف الأغنام بعد موسم الجز، مما يسبب هدر المواد أو رميها. منصة تربط المربين بمصانع السجاد والمنسوجات المحلية لتسهيل البيع والجمع اللوجستي المنظم.",مربو الأنعام ومصانع المنسوجات والسجاد المحلي
1419,بوابة الفسح,الجمارك واللوجستيات الدولية,تستغرق مراجعة وتدقيق المستندات الجمركية للمواد الطبية والمخبرية المستوردة وقتاً طويلاً لتعدد المسميات العلمية المعقدة. منصة تعتمد على معالجة اللغات الطبيعية لتصنيف وترجمة البنود جمركياً فوراً.,شركات الاستيراد والتصدير والمخلصون الجمركيون
1420,حماية المحصول,الزراعة الذكية والمحميات,"تتعرض بيوت زراعة الخيار لانتشار مرض ""البياض الدقيقي"" الفطري بسرعة فائقة قبل ظهور الأعراض البصرية على كامل الأوراق. نظام يستخدم مستشعرات رطوبة الأوراق مع رؤية الحاسوب لاكتشاف البؤر الأولى.",المزارعون ومستثمرو مشاريع الزراعة الحديثة
1421,تأهيل السمع,الرعاية التأهيلية والصحية,يواجه البالغون مستخدمو السماعات الطبية لأول مرة صعوبة في التكيف مع الأصوات البيئية المحيطة وفهم الكلام وسط الضجيج. تطبيق يوفر تمارين تمييز سمعي صوتية مخصصة تتدرج في الصعوبة وتقيس التطور.,مستخدمو السماعات الطبية وأخصائيو السمع والتأهيل
1422,تواصل المورد,سلاسل الإمداد للشركات,تواجه الشركات الكبرى تعقيدات في التتبع اللحظي لالتزام الموردين الخارجيين بالمعايير البيئية والعمالية المعتمدة في كراسة الشروط. منصة توثق سجل الامتثال للموردين عبر سجلات رقمية مشفرة بالبلوكشين.,"الشركات الكبرى، الموردون، وإدارات المشتريات"
1423,منصة عون,الاستدامة والمسؤولية البيئية,تواجه الفنادق صعوبة في فرز وتصنيف الصابون ومستحضرات العناية المستخدمة جزئياً من النزلاء للتخلص منها بيئياً دون هدر. منصة تنظم جمع هذه المواد ومعالجتها كيميائياً لإنتاج منظفات صناعية للمرافق.,"الفنادق، المنتجعات السياحية، وشركات التدوير البيئي"
1424,راصد الإجهاد,السلامة المهنية والصناعية,يتعرض فنيو صيانة توربينات الغاز بالمصانع لخطر استنشاق غازات سامة متسربة بتركيزات متناهية الصغر دون ملاحظة بشرية. خوذة سلامة مدمجة بحساسات غازية دقيقة تبث إنذاراً فورياً لغرفة العمليات.,شركات الطاقة والمصانع ومسؤولو السلامة المهنية
1425,مفتش التجزئة,العمليات الرقابية وحماية المستهلك,"يستغرق مفتشو وزارة التجارة وقتاً في فحص الالتزام بوضع ""بطاقة السعر"" ومطابقتها لنظام الكاشير بالمحلات يدوياً وسط مئات المنتجات. تطبيق بمسح بصري يقرأ السعر على الرف ويطابقه بالنظام آلياً.",المفتشون الميدانيون والجهات الرقابية وحماية المستهلك
1426,تثمين الفنون,الثقافة والاقتصاد الإبداعي,"يواجه الرسامون المحليون صعوبة في تقدير القيمة السوقية العادلة للوحاتهم الزيتية الفنية لغياب الشفافية وسجلات الصفقات المماثلة. منصة تثمين تحلل أبعاد اللوحة، المواد المستخدمة، وسجل الفنان لتحديد السعر.","صالات العرض الفنية، الفنانون التشكيليون، والمشترون"
1427,تتبع الأمتعة,قطاع الطيران والمطارات,يعاني المسافرون من القلق والوقوف الطويل غير المنظم أمام سير الحقائب بالمطارات دون معرفة موعد خروج حقائبهم بالتحديد بعد الهبوط. يوفر النظام تتبعاً داخلياً حياً للحقيبة منذ خروجها من الطائرة عبر موجات الراديو (RFID).,المسافرون وإدارات تشغيل وفحص المطارات
1428,منصة أثر,الرعاية الاجتماعية والخيرية,"تواجه حواضن الأيتام صعوبة في إدارة وتوزيع أموال الكفالات بشكل مرن يلبي الاحتياجات المتغيرة للطفل (تعليم، صحة، ترفيه) وتوثيقها للكفلاء بأمان. توفر المنصة محفظة رقمية ذكية تتيح إدارة الميزانيات وتوثيق المصاريف.","الجمعيات الخيرية، دور الرعاية، والكفلاء"
1429,حارس الشبكة,تقنية المعلومات والسيبراني,تتعرض خوادم المنشآت الناشئة لبطء مفاجئ أو توقف تام بسبب هجمات حجب الخدمة (DDoS) غير المرصودة في دقائقها الأولى يدوياً. يوفر المشروع نظام حماية سحابياً يعتمد على تعلم الآلة لتحليل الشذوذ في تدفق البيانات وحجبها تلقائياً.,الشركات التقنية ومسؤولو الشبكات وأمن المعلومات
1430,إرشاد السياح,السياحة البيئية والطبيعية,يواجه زوار المحميات الطبيعية حيرة في العثور على مسارات المشي الآمنة وأماكن رصد الحيوانات المصرحة دون الإضرار بالبيئة الفطرية الحساسة. يقدم التطبيق نظام خرائط تفاعلياً يعتمد على مستشعرات جغرافية لتنبيه الزائر بالحدود.,"السياح، هواة الطبيعة، وإدارات المحميات الفطرية"
1431,عدسة الدواء,السلامة الطبية والصيدلة,يواجه الصيادلة بالمستشفيات خطورة صرف أدوية متشابهة جداً في الشكل الخارجي والعلبة ولكنها مختلفة تماماً في المادة الفعالة والجرعة (Look-Alike). يوفر النظام فحصاً بصرياً ذكياً عند التعبئة للتأكد من الرمز الشريطي والمحتوى.,الصيادلة والمستشفيات والمراكز الطبية
1432,تحليلات النشر,الإعلام الرقمي والثقافة,تفتقر المواقع الثقافية والتعليمية السعودية لأدوات تقيس بدقة مدى ملاءمة صياغة مقالاتها لمستويات القراءة لدى الفئات العمرية المختلفة بالسوق. يقدم المشروع أداة تحليل لغوي تحسب مؤشر صعوبة النص واقترح البدائل.,"دور النشر، كتاب المحتوى، والمؤسسات التعليمية"
1433,بوابة المصانع,سلاسل الإمداد والمشتريات,تواجه المصانع الصغيرة صعوبة في شراء المواد الخام بأسعار تنافسية لقلة كميات طلباتها مقارنة بالمصانع الضخمة والشركات الكبرى. تجمع المنصة طلبات المشتريات للمصانع الصغيرة في صفقة موحدة للحصول على خصومات الكمية.,أصحاب المصانع الصغيرة ومدراء المشتريات والتموين
1434,راصد الأراضي,حماية البيئة والاستدامة,"تعاني الأراضي البيضاء والمخططات الناشئة من الرمي العشوائي لمخلفات البناء والهدم ليلاً، مما يشوه المظهر الحضري ويصعب تعقبه بالبشر بانتظام. يستخدم المشروع كاميرات حرارية متصلة بخوارزمية رصد الشاحنات لتوثيق المخالفات.","الأمانات، البلديات، وهيئات الرقابة البيئية"
1435,تأجير مرن,التشارك الاقتصادي والتقني,يواجه المهندسون والمصممون الهواة صعوبة وتكلفة باهظة في استئجار المعدات النادرة والثقيلة (كماسحات الليزر ثلاثية الأبعاد) لأيام معدودة بأمان وموثوقية. يقدم التطبيق منصة تأجير موثوقة تضمن فحص الهوية وعقود التأمين التلقائية.,"المهندسون، المصممون، وشركات تأجير المعدات"
1436,مسار الركاب,النقل الذكي والمدن,يعاني مستخدمو حافلات النقل العام من الازدحام وصعوبة معرفة عدد المقاعد الشاغرة في الحافلة القادمة للتخطيط لرحلتهم بكفاءة زمنية. يوفر التطبيق تنبؤات حية تعتمد على كاميرات الحافلة الداخلية ومستشعرات الوزن الأرضية.,ركاب حافلات النقل العام وإدارات النقل والبلديات
1437,وزن شاحنتك,اللوجستيات والنقل البري,تواجه الشاحنات غرامات مالية عالية عند نقاط الوزن على الطرق لعدم علم السائق بالحمل الدقيق بعد تحميل البضاعة ميدانياً بالكامل. يوفر المشروع تطبيقاً يربط بحساسات ضغط هيدروليكية بالمركبة لحساب الوزن فورياً قبل الانطلاق.,سائقو الشاحنات وشركات النقل البري وسلاسل الإمداد
1438,تحليلات اللياقة,الرياضة المجتمعية والصحة,تفتقر مجموعات الدراجات الهوائية والجري للهواة لأدوات تجمع بيانات الأعضاء وتحللها لتقديم تحديات جماعية مخصصة ترفع اللياقة البدنية والنشاط. يتيح التطبيق ربط الساعات الذكية للأعضاء وتوليد لوحات صدارة تفاعلية للمجموعات.,مجموعات الهواة وأندية الرياضة والياقة المجتمعية
1439,أمن البيانات,الحوسبة السحابية والسيبراني,تتخوف المنشآت الطبية والمالية من رفع السجلات الصحية الحساسة للسحابة خوفاً من تسريبها أو اختراقها من مزودي الخدمة الخارجيين. يقدم المشروع حلول تشفير متطورة تتيح معالجة البيانات والبحث فيها وهي مشفرة بالكامل بالخادم.,المستشفيات والشركات الناشئة في القطاع الصحي والمالي
1440,فاحص التمور,فرز الأغذية والزراعة الذكية,يستغرق فرز وتصنيف جودة التمور يدوياً في مصانع التعبئة وقتاً طويلاً ومجهوداً بشرياً ضخماً لتلبية الطلب ومعايير التصدير العالمية الحساسة. يعتمد المشروع على رؤية الحاسوب والذكاء الاصطناعي لفرز التمور حسب الحجم واللون والعيوب آلياً.,مصانع تعبئة وتصدير التمور والمزارعون والمستثمرون
1441,كود التطابق,التقنية المالية والتأمين الصحي,تواجه شركات التأمين صعوبة في الكشف عن الفواتير الطبية المكررة أو المتلاعب بها والمقدمة من مستشفيات متعددة لنفس المريض وعلاجه. خوارزمية ذكية تطابق الأكواد الطبية وتاريخ تقديم المطالبات لرصد الشبهات المالية آلياً.,شركات التأمين الصحي والمستشفيات والمراكز الطبية
1442,منصة وتيرة,إدارة المشاريع واللوجستيات,يعاني مديرو المشاريع اللوجستية من تشتت البيانات عند تتبع أداء الشاحنات والمستودعات والموردين عبر منصات رقمية منفصلة ومتباعدة. يوفر المشروع لوحة تحكم موحدة تجمع البيانات الحية وتحللها للتنبؤ بمواعيد التوصيل بدقة.,شركات النقل وسلاسل الإمداد وإدارات العمليات
1443,راصد الفقد,الطاقة والاستدامة البيئية,تواجه المجمعات السكنية الكبرى هدراً غير مرصود في شبكات توزيع الغاز المركزي نتيجة وجود تسريبات ميكروية خفية وعميقة تحت الأرض. يقدم المشروع مستشعرات ضغط حرارية تحلل تدفق الغاز وتحدد مكان الخلل بدقة وأمان.,شركات الغاز وإدارات المجمعات السكنية والعقارية
1444,إسناد العقود,التقنية القانونية وإدارة الأعمال,تستغرق مراجعة وتدقيق عقود الامتياز التجاري (Franchise) وقتاً طويلاً للتأكد من مطابقتها لاشتراطات وحوكمة الهيئة العامة للمنشآت المحدثة. نظام ذكي يطابق بنود العقد بالأنظمة ويبرز أي ثغرات قانونية خطيرة للمستثمر.,"رواد الأعمال، المستثمرون، والقانونيون والمحامون"
1445,منصة أريب,التقنيات التعليمية والذكاء,يواجه المعلمون صعوبة في قياس مدى استيعاب الطلاب للمفاهيم الرياضية والهندسية المعقدة عبر طرائق التعليم التقليدي التلقيني الجاف. منصة تعليم تكيفي تحول المعادلات إلى مجسمات تفاعلية تتغير هندسياً حسب استجابة الطالب.,"المدارس، المعلمون، وطلاب المراحل التعليمية المختلفة"
1446,حصاد المياه,الاستدامة والأمن المائي,تعاني المجمعات الصناعية من هدر مياه التبريد الناتجة عن المولدات والآلات الضخمة وصعوبة إعادة تدويرها آلياً بناءً على مستوى نقائها اللحظي. صمامات رقمية ذكية تفحص نقاء المياه برمجياً وتوجهها لإعادة الاستخدام في المرافق.,المصانع والمنشآت الصناعية الكبرى وإدارات البيئة
1447,مرشد الميناء,اللوجستيات والنقل البحري,تواجه السفن التجارية فترات انتظار طويلة بالمرافئ لعدم التنسيق الدقيق بين موعد وصول السفينة وجاهزية رافعات الحاويات وسائقين الشحن بالميناء. يقدم المشروع نظام جدولة ديناميكي يتنبأ بأوقات التفريغ بناءً على البيانات الحية.,إدارات الموانئ والشركات الملاحية وسلاسل الإمداد
1448,تحليلات المناحل,الثروة الزراعية والتموين,يصعب على مربي النحل تحديد المواقع الجغرافية المثالية لنقل الخلايا والمناحل حسب مواسم تفتح الأزهار وتوفر الغطاء النباتي الطبيعي محلياً. يحلل التطبيق صور الأقمار الصناعية وبيانات الطقس لاقتراح أماكن الإنتاج الأعلى للعسل.,النحالون ومربو النحل المحليون ومنتجو الأغذية العضوية
1449,بناء واثق,قطاع المقاولات والإنشاءات,تقع خلافات هندسية ومالية بين المقاولين والملاك حول دقة نسب الإنجاز الفعلي للمباني قبل صرف الدفعات المالية لغياب التوثيق المحايد. يوفر التطبيق ميزة المسح بالليزر (LiDAR) عبر الجوال لمطابقة البناء الفعلي بالمخطط الهندسي.,"الملاك، المقاولون، والمكاتب الاستشارية والهندسة"
1450,عقاري الآمن,التقنية العقارية والعمليات,يواجه المستأجرون الجدد مخاوف من التعرض للاحتيال المالي عبر دفع عربون لعقارات وهمية أو غير مصرحة في وسائل التواصل الاجتماعي التقليدية. توفر المنصة نظام حجز وسيطاً يربط الهوية الرقمية للمؤجر بالصك الفعلي المعتمد للعقار.,المستأجرون والوسطاء العقاريون والملاك والتجار
1451,راصد الفتوق,القطاع الصناعي والطاقة,تواجه خزانات الضغط العالي في مصانع الغاز خطورة حدوث تشققات ميكروية غير مرئية نتيجة الإجهاد الحراري المستمر. يستخدم المشروع تقنية التصوير بالانبعاث الصوتي (Acoustic Emission) لرصد تصدع الهياكل لحظياً.,مصانع الغاز والنفط ومهندسو السلامة
1452,منصة إرشاد,السياحة البيئية والمغامرات,يواجه محبو استكشاف الكهوف والمغارات الجبلية خطورة نقص الأكسجين أو الضياع لغياب التغطية اللاسلكية. يقدم المشروع أجهزة بث محلية منخفضة الطاقة (LoRa) ترسم مسار المغامرة وتتبع المؤشرات الحيوية للفريق.,هواة تسلق الجبال وسياح المغامرات
1453,بوابة اللوجستي,اللوجستيات وسلاسل الإمداد,تواجه شركات الشحن الدولي تعقيدات في الفرز الآلي وتصنيف شهادات المطابقة الكيميائية للمواد الخام الواردة عبر الموانئ. منصة تعتمد على الذكاء الاصطناعي اللغوي لمطابقة الشهادات بالمواصفات السعودية.,شركات الاستيراد والتصدير والمخلصون
1454,تفتيش التعبئة,سلامة وجودة الأغذية,تعاني مصانع تعبئة العصائر من هدر دفعات إنتاج كاملة بسبب عدم الإغلاق المحكم للأغطية (عيوب السدادات) دون رصد فوري. نظام فحص بصري ذكي ثلاثي الأبعاد (3D Vision) يكتشف ميل الأغطية على خط الإنتاج.,مصانع المشروبات والأغذية وإدارات الجودة
1455,منصة وتيرة,التقنية القانونية (LegalTech),تستغرق صياغة ومراجعة اتفاقيات التوزيع الحصري بين المصانع والوكلاء التجاريين وقتاً طويلاً لضمان توافقها مع نظام الامتياز التجاري المحدث. منصة تولد وتدقق العقود آلياً بناءً على قطاع العمل.,"رواد الأعمال، المصانع، والمستشارون القانونيون"
1456,توجيه الإضاءة,المدن الذكية وكفاءة الطاقة,تستهلك الواجهات المضيئة للأبراج والمباني التجارية طاقة هائلة لعملها بكثافة ثابتة طوال الليل بغض النظر عن ضوء القمر أو حركة المارة. نظام تحكم يضبط شدة الإضاءة ديناميكياً بناءً على حساسات الطقس.,إدارة الأبراج والمجمعات التجارية والبلديات
1457,توطين الأصول,الثقافة والاقتصاد الإبداعي,يواجه مطورو المحتوى المرئي صعوبة في العثور على مؤثرات صوتية وبيئية رقمية تحاكي الطبيعة الصوتية للمناطق السعودية (كالرياح الصحراوية أو أهازيج البحر). مكتبة صوتية رقمية ذكية للأصول الصوتية الموثقة.,صناع الأفلام ومطورو الألعاب والمسوقون
1458,راصد النقاء,البيئة والاستدامة المائية,تواجه مزارع الروبيان الساحلية خطورة نفوق الإنتاج نتيجة التغير الفجائي في مستويات الملوحة أو تركز الأمونيا بالمياه. منظومة عوامات ذكية تقيس الخصائص الكيميائية للمياه وتبث المؤشرات بلحظتها للمزارع.,مشاريع الاستزراع المائي ومزارعو الروبيان
1459,بصمة المعدن,قطاع التعدين والاستثمار,"يواجه مستثمرو المعادن الثمينة صعوبة في التحقق الفوري من جودة ونقاء خام ""السيليكا"" المستخرج محلياً قبل نقله لمصانع الزجاج. جهاز فحص محمول يعتمد على التحليل الطيفي الفلوري للكشف عن النسبة بالميدان.","شركات التنقيب، الجيولوجيون، ومصانع الزجاج"
1460,عالمي الحركي,الرعاية التأهيلية والصحة,يواجه الأطفال المصابون بالشلل الدماغي الحركي صعوبة في الالتزام بجلسات العلاج الطبيعي المنزلي لضعف المحفزات البصرية وتكلفة الأجهزة. تطبيق يحول التمارين الحركية لألعاب واقع معزز (AR) تقيس المدى الحركي.,الأطفال ذوو الإعاقة الحركية ومراكز التأهيل
1461,فاحص العزل,كفاءة الطاقة والعمارة,تقع عيوب في جودة تنفيذ العزل الحراري للمباني تحت الإنشاء لا تكتشف إلا بعد السكن وارتفاع فاتورة الكهرباء. تطبيق يستخدم التصوير الحراري عبر الهاتف ومطابقته بكود البناء السعودي لرصد الفراغات بالعزل.,المقبلون على بناء المنازل والمهندسون المشرفون
1462,إسناد الإغاثة,العمل الإنساني والإغاثي,تواجه الجمعيات الخيرية صعوبة في التوزيع اللوجستي العادل للمساعدات العينية (كالأجهزة الكهربائية) بناءً على الاحتياج الفعلي والنمو الأسري. منصة تحلل البيانات الديموغرافية والاجتماعية لتوجيه الدعم.,الجمعيات الأهلية والمؤسسات الإنسانية والمانحون
1463,أمان الحاوية,اللوجستيات والشحن المبرد,تتأثر جودة الشحنات الدوائية الحساسة (كاللقاحات) بالاهتزازات والارتجاجات القوية الناتجة عن الطرق الوعرة أثناء النقل البري. حافظة ذكية مدمجة بحساسات تسارع دقيقة تسجل الصدمات على سجل مشفر بالبلوكشين.,شركات الأدوية والمستشفيات والموزعون اللوجستيون
1464,إيجاز المعاملة,تقنيات الشركات والحوكمة,يستغرق الموظفون وقتاً طويلاً في قراءة مئات بريد المعاملات الإدارية اليومية الطويلة لاستخراج الطلبات والتكليفات المحورية. أداة تعتمد على الذكاء الاصطناعي تلخص البريد وتولد قائمة مهام تنفيذية تلقائياً.,المدراء التنفيذيون وموظفو الشركات والمنشآت
1465,منصة تدوير,الاستدامة والاقتصاد الدائري,تواجه مصانع تدوير الأثاث الخشبي صعوبة في الجمع اللوجستي للمخلفات الخشبية الكبيرة من المنازل والمجمعات السكنية يدوياً. منصة تربط الأفراد بشركات التدوير وتنظم مسارات الشاحنات حسب الطلب.,"الأسر، شركات التدوير، والمنشآت البيئية"
1466,تحكيم المطالبات,تقنيات التأمين (InsurTech),تقع نزاعات بين شركات التأمين والمؤمن لهم حول القيمة العادلة لتعويض الهواتف الذكية التالفة نتيجة الحوادث لغياب الفحص التقني المحايد. تطبيق يحلل الأعطال الداخلية للهاتف برمجياً لتقدير تكلفة الإصلاح.,شركات تأمين الأجهزة ومحلات الصيانة والمستهلكون
1467,مسار الرؤية,دعم ذوي الإعاقة البصرية,يواجه المكفوفون صعوبة في معرفة مواعيد وأرقام حافلات النقل العام عند وقوفهم في المحطات لغياب اللوحات الصوتية. تطبيق يربط هاتف المستخدم بالحافلة القادمة عبر موجات البلوتوث لتنبيهه صوتياً برقم الرحلة.,المكفوفون وضعاف البصر وركاب النقل العام
1468,سوق الصوف,الثروة الحيوانية والاقتصاد الريفي,"يواجه مربو الماشية صعوبة في تسويق وبيع صوف الأغنام بعد موسم الجز، مما يسبب هدر المواد أو رميها. منصة تربط المربين بمصانع السجاد والمنسوجات المحلية لتسهيل البيع والجمع اللوجستي المنظم.",مربو الأنعام ومصانع المنسوجات والسجاد المحلي
1469,بوابة الفسح,الجمارك واللوجستيات الدولية,تستغرق مراجعة وتدقيق المستندات الجمركية للمواد الطبية والمخبرية المستوردة وقتاً طويلاً لتعدد المسميات العلمية المعقدة. منصة تعتمد على معالجة اللغات الطبيعية لتصنيف وترجمة البنود جمركياً فوراً.,شركات الاستيراد والتصدير والمخلصون الجمركيون
1470,حماية المحصول,الزراعة الذكية والمحميات,"تتعرض بيوت زراعة الخيار لانتشار مرض ""البياض الدقيقي"" الفطري بسرعة فائقة قبل ظهور الأعراض البصرية على كامل الأوراق. نظام يستخدم مستشعرات رطوبة الأوراق مع رؤية الحاسوب لاكتشاف البؤر الأولى.",المزارعون ومستثمرو مشاريع الزراعة الحديثة
1471,مرصد المياه,المدن الذكية والاستدامة,تواجه البلديات صعوبة في رصد مواقع انكسار أنابيب المياه العذبة بالشبكات الفرعية للأحياء بشكل سريع قبل غرق الشوارع. نظام يحلل الهبوط المفاجئ في الضغط عبر حساسات موزعة لتحديد موقع الكسر الجغرافي.,شركة المياه الوطنية والبلديات والأمانات
1472,نبض الشحنة,اللوجستيات الحساسة والأمن,تتعرض شحنات اللوحات الفنية والأصول الثمينة المنقولة بين المتاحف لخطر السرقة أو استبدالها بقطع مقلدة دون رصد لحظي. وسم رقمي ذكي مشفر بالبلوكشين يقيس البصمة الموجية للقطعة ويطلق إنذاراً عند التلاعب.,"المتاحف، المعارض الفنية، وشركات التأمين"
1473,بوابة المقاصة,التقنية المالية والشركات,تواجه المنشآت الصغيرة تعقيدات وتأخيراً في تسوية المبالغ والديون المتبادلة بينها وبين الشركات الأخرى يدوياً (التقاص المالي). منصة رقمية تؤتمت عمليات التقاص والمطابقة المالية آلياً لتوفير السيولة.,الشركات الصغيرة والمتوسطة والمحاسبون
1474,تفتيش التوربين,الطاقة النظيفة والصيانة,تعاني محطات توليد الطاقة الكهرومائية من تآكل الشفرات الداخلية بفعل الدوامات المائية دون رصد استباقي كافٍ قبل تعطل التوليد. يستخدم النظام الفحص الحراري بالليزر للكشف عن الإجهاد الإنشائي للشفرات.,مشغلو محطات الطاقة المتجددة والمهندسون
1475,منصة أريب,تقنيات حوكمة التعليم,تواجه المدارس الأهلية صعوبة في التقييم التلقائي لمدى التزام المعلمين بالخطة الزمنية المعتمدة للمناهج الدراسية وسط الفصول المتعددة. نظام ذكي يحلل عناوين الدروس المسجلة ويطابقها بجدول الوزارة آلياً.,إدارات المدارس الأهلية والمشرفون التربويون
1476,حصاد الضوضاء,الاستدامة وطاقة المستقبل,تفرز الآلات الضخمة في المنشآت الصناعية مستويات تفوق ديسبل الأمان من الضوضاء المستمرة التي تذهب هدراً وتسبب احتراقاً سمعياً للعمال. يقدم المشروع صفائح بيزوإلكترونية تحول الموجات الصوتية لطاقة.,المصانع والمنشآت الصناعية الكبرى
1477,مرشد الطوافة,تقنيات الحج والعمرة واللوجستيات,يواجه زوار الحرمين من كبار السن صعوبة في العثور على المسارات المخصصة لكراسي التنقل الكهربائية داخل الأدوار المتعددة لشدة الازدحام. تطبيق يتيح نظام ملاحة داخلي يعتمد على خرائط حية مخصصة للكراسي.,الحجاج والمعتمرون وإدارات تشغيل المسعى
1478,تحليلات الأنسجة,الرعاية الصحية والتقنية الطبية,يستغرق أطباء علم الأمراض (Pathology) وقتاً طويلاً في فرز وتصنيف مئات الخزعات النسيجية يدوياً للكشف عن بؤر الخلايا السرطانية. يوفر النظام مساعداً ذكياً يحلل الصور المجهرية ويبرز الخلايا المشبوهة فوراً.,"أطباء علم الأمراض، المختبرات، والمستشفيات"
1479,بناء واثق,قطاع المقاولات والإنشاءات,"تقع أخطاء في فحص استواء جدران المصاعد (Shafts) في الأبراج الشاهقة قبل تركيب المصعد، مما يسبب تعطلاً ميكانيكياً لاحقاً. تطبيق يحلل المسح العمودي بالليزر لمطابقة جدار المصعد بالمخطط الهندسي بدقة.","شركات المقاولات، المكاتب الاستشارية، ومهندسو الموقع"
1480,عقاري الآمن,التقنية العقارية والحوكمة,يواجه الملاك صعوبة في التحقق من صحة المستندات والتراخيص المهنية للشركات المشغلة والمستأجرة للمرافق التجارية الكبرى قبل توقيع العقد. منصة تؤتمت الفحص والمطابقة الرقمية مع السجلات الرسمية الفورية.,"الملاك، المستثمرون العقاريون، والوسطاء"
1481,نقاء التمور,سلامة الأغذية والزراعة الذكية,يواجه مصدرو التمور خطورة رفض الشحنات عالمياً بسبب الاحتواء غير المرصود على بيوض الحشرات المخفية داخل ثمار التمور الفاخرة المعبأة. جهاز فحص نبضي يعتمد على التصوير الطيفي الحراري للكشف آلياً دون إتلاف الثمرة.,مصانع تعبئة التمور والمزارعون والمصدرون
1482,نبيه الحركة,دعم ذوي الإعاقة الحركية,يواجه مستخدمو الأطراف الصناعية الذكية صعوبة في ضبط حساسية وسرعة استجابة الطرف لتناسب اختلاف تضاريس الطرق (كالمشي على الرمل أو العشب). تطبيق يحلل نمط المشي ويعيد معايرة الطرف الصناعي تلقائياً.,مستخدمو الأطراف الصناعية وأطباء التأهيل
1483,تواصل ناطق,دعم ذوي الإعاقة السمعية والدمج,يواجه الصم وضعاف السمع صعوبة في فهم المعاملات المرئية ومقاطع الفيديو التدريبية داخل المنشآت لغياب الترجمة النصية التلقائية المضبوطة لغوياً بالعامية. برمجية تحول الصوت لنص مكتوب يراعي سياق اللهجة السعودية.,الصم وضعاف السمع والمؤسسات والشركات
1484,إمداد مرن,إدارة المخازن والتجارة الإلكترونية,تعاني المتاجر الإلكترونية الكبرى من صعوبة الجرد والتوزيع التلقائي للمنتجات ذات الطلب العالي بين مستودعات المدن المختلفة لغياب التنبؤ الجغرافي. نظام يحلل تريندات الشراء الإقليمية لأتمتة إعادة توجيه الشحنات.,مدراء المستودعات وسلاسل الإمداد بالتجارة
1485,منصة صكوك,التقنية المالية والاستثمار الجماعي,يصعب على صغار المستثمرين المشاركة في تمويل المشاريع اللوجستية وتطوير أساطيل النقل الثقيل لارتفاع الحد الأدنى للتكلفة. تقدم المنصة نموذج تمويل جماعي مقسم الأصول لحصص رقمية متناهية الصغر بأسعار ميسرة.,صغار المستثمرين ورواد الأعمال اللوجستيين
1486,راصد الامتثال,الاقتصاد الرقمي والرقابة,"تواجه الجهات الرقابية صعوبة في الرصد التلقائي والمستمر لالتزام المنصات العقارية بوضع ""رقم ترخيص الإعلان المعتمد"" ومنع العروض الوهمية. نظام كشط مبرمج يطابق بيانات الإعلان بسجلات الهيئة العامة للعقار فوراً.",الهيئة العامة للعقار والجهات الرقابية والمستهلكون
1487,ميزان الشحن,اللوجستيات الذكية والنقل البري,تعاني شركات شحن الطرود من هدر مساحات الشحن داخل مقطورات النقل الثقيل بسبب سوء توزيع الصناديق عشوائياً من العمال. يوفر التطبيق محاكاة ثلاثية الأبعاد تقترح الترتيب الهندسي الأمثل لرفع استيعاب الشاحنة.,شركات الشحن والخدمات اللوجستية وسلاسل الإمداد
1488,عين المحمية,حماية البيئة والاستدامة,تتعرض الأراضي الرطبة والمستنقعات بالمحميات الطبيعية للتلوث بالنفايات البلاستيكية الميكروية الضارة بالطيور المهاجرة دون رصد سريع. يستخدم المشروع طائرات مسيرة لالتقاط صور طيفية عالية الدقة وتصنيف الملوثات آلياً.,القوات الخاصة للأمن البيئي وإدارات المحميات
1489,أرشيف ذكي,تقنيات الشركات والعمليات,تستغرق مراجعة وتصنيف ملفات الفواتير والمستندات الجمركية القديمة الممسوحة ضوئياً ساعات طوال للتحقق ومطابقة الرسوم الضريبية السنوية. يوفر النظام نموذجاً ذكياً يقوم بالتعرف الضوئي (OCR) وفرز البيانات.,المحاسبون والمراجعون وإدارات العمليات بالشركات
1490,رحلة العينة,الرعاية الصحية واللوجستيات,تفتقر المستشفيات لأدوات تضمن سلامة عينات الحمض النووي (DNA) الحساسة أثناء شحنها للمختبرات المركزية نتيجة تأثرها بالارتفاع اللحظي للحرارة. حافظة ذكية متصلة بالأقمار الصناعية تبث المؤشرات طوال الرحلة.,"المختبرات الطبية، بنوك الجينات، والمستشفيات"
1491,تذاكر آمنة,الفعاليات والترفيه والمؤتمرات,يواجه منظمو المؤتمرات الطبية الكبرى خطر دخول أشخاص بهويات مستعارة لغياب التحقق اللحظي السريع من الموثوقية المهنية المعتمدة. نظام يربط التذكرة الرقمية بالهوية المهنية (ممارس بلس) عبر سجل مشفر بالبلوكشين.,منظمو المؤتمرات الأكاديمية والوفود المهنية
1492,مستشار العزل,كفاءة الطاقة والعمارة المستدامة,يواجه المقبلون على بناء المستودعات صعوبة في تحديد نوع العوازل الأنسب للحوائط الخرسانية مسبقة الصنع لخفض أحمال التبريد وتطابق معايير الكود. يقدم التطبيق محرك محاكاة حرارية يحلل مساحة المبنى والطقس.,أصحاب المستودعات والمقبلون على البناء والمهندسون
1493,عدسة الأسنان,تقنيات طب الأسنان والصحة,يواجه أطباء وجراحو الوجه والفكين صعوبة في التحديد الدقيق لمسار العصب السفلي قبل عمليات خلع ضرس العقل المطمور عبر الأشعة البسيطة. يقدم النظام حلاً يعتمد على الذكاء الاصطناعي لتلوين وتحديد مسار العصب ثلاثي الأبعاد.,أطباء وجراحو الأسنان والمراكز الطبية
1494,إدارة الاهتزاز,التصنيع الذكي والصيانة التنبؤية,تعاني مضخات المياه الضخمة بمحطات المعالجة من التوقف المفاجئ نتيجة اختلال توازن عمود الدوران بسبب الترسبات الكيميائية غير المرصودة. يربط المشروع المضخة بحساسات اهتزاز للتنبؤ بالصيانة قبل تعطل التدفق.,محطات المياه ومهندسو الصيانة والتشغيل
1495,خطوط التراث,الثقافة والفنون الرقمية,تفتقر أدوات التصميم المعاصرة لنماذج تولد خطوطاً وتراكيب فنية مضبوطة بدقة تحاكي قواعد الخط المغربي أو الأندلسي الأصيل بأبعاده الهندسية. يقدم المشروع نموذج ذكاء اصطناعي توليدي مخصص لابتكار لوحات موزونة.,"المصممون، دور النشر، والجهات الثقافية"
1496,محاكي الرواسب,التعدين والطاقة والجيولوجيا,"تواجه شركات الاستكشاف التعديني مخاطر مالية عالية عند حفر آبار عشوائية للبحث عن رواسب ""النحاس"" دون دراسة طبقات الأرض بدقة جيوفيزيائية. يقدم المشروع منصة محاكاة ثلاثية الأبعاد تحلل بيانات المسح الكهرومغناطيسي.",شركات التعدين والمهندسون الجيولوجيون والباحثون
1497,تأهيل مرن,الخدمات الاجتماعية والإصلاحية,تواجه المؤسسات الرعوية صعوبة في التقييم السلوكي والمهني الدوري للنزلاء داخل دور الرعاية لقياس مدى جاهزيتهم للاندماج بسوق العمل بشكل مستدام. توفر المنصة مسارات تعليمية وتقييمية ذكية تقيس التطور المهني.,إدارات التأهيل والمؤسسات الاجتماعية ودور الرعاية
1498,راصد السيول,إدارة الأرصاد والمدن الذكية,تفتقر بلديات المدن الفرعية لبيانات مناخية شديدة المحلية (Hyper-local) لرصد وتوقع تدفق مياه السيول في أحياء محددة قبل وصولها للمناطق السكنية. يدمج المشروع قراءات محطات الأرصاد المنزلية الصغيرة المصرحة.,مراكز الأرصاد والبلديات والأمانات
1499,مسار الطوارئ,إدارة المستشفيات والعمليات,يعاني الكادر الطبي في المستشفيات الكبيرة من ضياع أوقات حاسمة في البحث عن الكراسي المتحركة أو أجهزة تخطيط القلب الشاغرة والقريبة لعدم جردها اللحظي. نظام تتبع داخلي يربط الأجهزة بأوسمة (BLE) لتحديد موقعها.,"الممرضون، الأطباء، وإدارات تشغيل المستشفيات"
1501,بوابة الجينوم,التقنية الحيوية (BioTech),يواجه الباحثون في علم الجينات صعوبة في الفرز اليدوي لآلاف الطفرات الوراثية النباتية المقاومة للجفاف في البيئات الصحراوية. منصة تحلل التسلسل الجيني للنباتات المحلية (كالسمر والغضا) لتسريع أبحاث التشجير.,مراكز الأبحاث الزراعية وهيئات تطوير الغطاء النباتي
1502,حصاد الميثان,الاستدامة والطاقة المتجددة,تفرز محطات معالجة النفايات الصلبة غاز الميثان بشكل عشوائي في الهواء مما يلوث البيئة ويضيع فرصة استغلاله كوقود. نظام يربط المكابب بمستشعرات ضغط دقيقة تسحب الغاز آلياً فور تركزه لتوليد الكهرباء.,شركات إدارة النفايات والمصانع البيئية
1503,رادار التزييف,الإعلام الرقمي والأمن السيبراني,يجد منظمو المؤتمرات الصحفية والشركات صعوبة في التحقق الفوري من موثوقية مقاطع الفيديو المنشورة لمتحدثيها الرسميين ضد التزييف العميق (Deepfakes). أداة تفحص الترددات الموجية وحركة العضلات بالوجه لكشف التزييف.,"القنوات الإخبارية، العلاقات العامة بالشركات، والجهات الأمنية"
1504,مرشد التردد,تقنيات الاتصالات والدرونز,تواجه طائرات الدرونز المخصصة للتوصيل السريع خطر فقدان الاتصال أو التشويش على تردداتها اللاسلكية وسط الأبراج الشاهقة بالمدن الذكية. نظام ديناميكي يوزع النطاقات الترددية ويوجه الطائرة للمسار الأقل تشويشاً.,شركات اللوجستيات الجوية وهيئات الاتصالات
1505,منصة أريب,تقنيات حوكمة الشركات,تعاني الشركات المساهمة من البطء والتكلفة العالية في مراجعة وتدقيق سجلات تعارض المصالح (Conflict of Interest) لأعضاء مجلس الإدارة يدوياً قبل إقرار الصفقات. خوارزمية ذكية تطابق الملكيات والروابط التجارية آلياً.,إدارات الالتزام والحوكمة بالشركات الكبرى
1506,راصد التبريد,كفاءة الطاقة والمدن الذكية,تستهلك غرف الخوادم (Server Rooms) في المنشآت المتوسطة طاقة تبريد هائلة لضبط الحرارة بشكل ثابت بغض النظر عن الحمل البرمجي الفعلي على الأجهزة. نظام يربط تشغيل التكييف بنشاط المعالجات (CPU Load) لتوفير الطاقة.,مدراء تقنية المعلومات والمنشآت المتوسطة
1507,توطين اللهجات,التقنيات اللغوية والذكاء الاصطناعي,تواجه روبوتات خدمة العملاء صعوبة في الفهم الدقيق للمصطلحات والاصطلاحات العامية الدارجة في مناطق جنوب المملكة (عسير وجازان). نموذج لغوي كلي مخصص لمعالجة الكلمات المحلية وسياقها بدقة وبلاغة.,شركات الاتصالات ومقدمو الخدمات والمنصات الرقمية
1508,راصد التآكل,السلامة الصناعية والطاقة,تتعرض الصمامات وأنابيب نقل البخار عالي الضغط في مصانع البتروكيماويات للتآكل الداخلي الخفي بفعل التدفق السريع دون رصد مبكر. يستخدم المشروع مستشعرات كهرومغناطيسية نبضية (PEC) للتنبؤ بعمر الصمام.,شركات الغاز والنفط والمجمعات الصناعية
1509,بصمة البناء,قطاع المقاولات والإنشاءات,تقع عيوب وتشققات في الهياكل الخرسانية نتيجة استخدام رمل بناء يحتوي على نسب عالية من الأملاح والمواد الطينية دون فحص ميداني سريع بالخلاطة. جهاز فحص بصري كيميائي محمول يحدد نسبة الشوائب بدقائق.,شركات المقاولات ومصانع الخرسانة الجاهزة والملاك
1510,عالمي التفاعلي,تقنيات التعليم الشامل والدمج,يواجه الأطفال المصابون بمرض عسر الكتابة (Dysgraphia) صعوبة وإحباطاً في تطوير مهارات الخط والإمساك بالقلم عبر الدفاتر التقليدية. تطبيق على الألواح الذكية يتتبع دقة زوايا الكتابة ويمنح تصحيحاً حركياً ممتعاً.,"الأطفال ذوو عسر الكتابة، المدارس، والأهالي"
1511,فاحص المواد,قطاع التعدين والاستثمار,"يستغرق فرز وتصنيف جودة خام ""الفيلسبار"" المستخرج من المناجم المحلية لمعرفة نسبة تركيز المعادن وقتاً طويلاً بالمختبرات المركزية. جهاز محمول يعتمد على التحليل الطيفي الفلوري للكشف عن النقاء في الميدان.","شركات التنقيب، الجيولوجيون، ومصانع السيراميك"
1512,إسناد الرياضي,الطب الرياضي والرعاية,يواجه لاعبو كرات التنس والاسكواش خطورة التعرض لإصابات تآكل مفصل المرفق (Tennis Elbow) نتيجة اللعب بوضعية هندسية خاطئة للمضرب. يقدم المشروع مقبض مضرب ذكياً بحساسات حركة (IMU) يحلل الضربات ويصححها.,"ممارسو الرياضة، الأندية، ومدربو التنس"
1513,أمان السفينة,الأمن والسلامة البحرية,تواجه قوارب الصيد الصغيرة خطورة الاصطدام بالسفن التجارية الضخمة ليلاً في الممرات الملاحية المزدحمة لغياب أنظمة الرادار المكلفة لديهم. سوار ذكي يركب بالقارب يحلل إشارات الرادار المحيطة ويطلق تنبيهاً صوتياً واهتزازياً حاداً.,الصيادون الهواة والتجاريون وفرق الإنقاذ البحري
1514,إيجاز المشتريات,سلاسل الإمداد للشركات,تواجه المنشآت تعقيدات وتأخيراً في مراجعة مئات كراسات الشروط والمواصفات الفنية المقدمة من الموردين يدوياً لمشاريع التجهيز. أداة ذكاء اصطناعي تفحص الكراسات وتستخرج الفروقات ونقاط الضعف في جدول تنفيذي موحد.,مدراء المشتريات بالشركات والمنشآت المتوسطة
1515,منصة تشارك,التشارك الاقتصادي واللوجستيات,يواجه أصحاب الرافعات والمعدات الثقيلة المتخصصة (كآلات حفر الآبار العميقة) هدر تجميد المعدة دون تشغيل لفترات طويلة بين المشاريع. تطبيق يتيح تأجير ساعات تشغيل المعدات الفائضة بعقود موثقة ومحمية.,"مقاولو الحفر، شركات المقاولات، وأصحاب المعدات"
1516,تحكيم الفواتير,التقنية المالية والشركات,تقع خلافات بين مصانع التعبئة وشركات صيانة الآلات حول دقة ساعات التشغيل الفعلية المحسوبة في فواتير الصيانة الدورية. نظام يربط مستشعرات الآلات بالبلوكشين لتوثيق الساعات وإصدار الفواتير آلياً دون تدخل بشري.,الشركات الصناعية وشركات الصيانة والمحاسبون
1517,مسار الرؤية,دعم ذوي الإعاقة والدمج الشامل,يواجه المصابون بالشلل الرعاش (Parkinson's) صعوبة وتخوفاً من سكب الأطعمة والمشروبات أثناء تناول الوجبات بشكل مستقل بمفردهم. أدوات مائدة (ملعقة وكوب) ذكية مزودة بمحركات اتزان ديناميكية تلغي الاهتزازات يدوياً.,"المصابون بالشلل الرعاش، مراكز الرعاية، والعوائل"
1518,سوق الصوف,الثروة الحيوانية والاقتصاد الريفي,"يواجه مربو الأغنام صعوبة في تصريف وتسويق صوف الأنعام بعد مواسم الجز، مما يسبب هدر هذه المواد الطبيعية بالردم. منصة تربط المربين بمصانع السجاد والمنسوجات المحلية لتسهيل البيع والجمع اللوجستي المنظم.",مربو الأنعام ومصانع الممنسوجات والسجاد المحلي
1519,بوابة الفسح,الجمارك واللوجستيات الدولية,تستغرق مراجعة وتدقيق شهادات المنشأ والمستندات الصحية للشحنات الغذائية المستوردة وقتاً يتسبب في تكدس الموانئ وتلف الأغذية. يقدم المشروع نظاماً يفرز ويطابق البيانات آلياً بالذكاء الاصطناعي لتسريع فسح الشحنات.,شركات الاستيراد والتصدير والمخلصون الجمركيون
1520,حماية الصوب,الزراعة الحديثة والمحميات,"تتعرض بيوت زراعة الفلفل الرومي لتلف المحاصيل نتيجة انتشار آفة ""العنكبوت الأحمر"" بسرعة قبل رصدها يدوياً. نظام يستخدم كاميرات ميكروسكوبية متحركة تفحص أوراق النبات برؤية الحاسوب لاكتشاف الإصابة الأولية.",المزارعون ومستثمرو مشاريع الزراعة الحديثة
1521,تأهيل مرن,الصحة الرقمية والرعاية الطبية,يواجه المرضى الذين خضعوا لعمليات تبديل مفصل الركبة صعوبة في الالتزام بتمارين العلاج الطبيعي المنزلي لغياب التوجيه الدقيق المقاس. تطبيق يستخدم كاميرا الجوال لمتابعة زوايا حركة المفصل وتقديم تقييم فوري.,مرضى إعادة التأهيل وأطباء العلاج الطبيعي
1522,بوابة المورد,تقنيات الشركات وسلاسل الإمداد,تقع نزاعات بين الشركات والموردين حول تعديل بنود عقود التوريد أو تواريخ التسليم يدوياً مما يخل بالالتزامات. نظام يعتمد على البلوكشين لتوقيع وتوثيق عقود التوريد لضمان الشفافية ومنع التعديل بالصيغ.,"الشركات الكبرى، الموردون، والمستشارون القانونيون"
1523,محاكاة المدار,التعليم والتطوير العلمي والفضاء,يفتقر الطلاب الشغوفون بالفضاء إلى بيئات تفاعلية عملية تحاكي تشغيل وتوجيه الأقمار الصناعية الصغيرة (CubeSats) لتأهيلهم للقطاع. بيئة افتراضية (VR) تحاكي العمل في مختبرات الفضاء وإجراء التجارب البرمجية.,"الطلاب، الباحثون، والمهتمون بقطاع الفضاء"
1524,فرز الخردة,تدوير النفايات والصناعة,تواجه مصانع تدوير السكراب بطءاً وهدراً بشرياً في فرز النحاس والألمنيوم والحديد يدوياً من النفايات المعدنية الكبيرة والمخلفات الصناعية. نظام يعتمد على التعرف البصري بالذكاء الاصطناعي وحساسات الحث المغناطيسي للفرز.,مصانع إعادة التدوير وتجار الخردة والمعادن
1525,سترة السلامة,الأمن الصناعي والمهني,يتعرض عمال صيانة أبراج الكهرباء والضغط العالي في المواقع الشاسعة لخطر الإغماء أو السقوط دون علم مشرف الموقع الفوري لإنقاذهم. سترة ميدانية مزودة بحساسات اتزان ومؤشرات حيوية تبث استغاثة فورية.,"شركات الكهرباء، المقاولات، والمنشآت الصناعية"
1526,طوافي الديناميكي,تقنيات الحج والعمرة,يواجه الحجاج صعوبة في الالتزام بجداول ومسارات التفويج المحددة لحملاتهم بالمشاعر لعدم توفر تنبيهات جغرافية فورية وعاجلة. سوار ذكي يعتمد على البلوتوث منخفض الطاقة يوجه الحاج ويرسل تنبيهات الجدول.,"الحجاج، شركات الطوافة، ووزارة الحج والعمرة"
1527,مسار الشاحنات,النقل واللوجستيات الخطرة,تشكل شاحنات نقل المواد القابلة للاشتعال خطورة عند مرورها بالطرق المزدحمة أو الأنفاق غير المهيأة لأوزانها وحمولتها. محرك خرائط ذكي يحسب مسارات آمنة تتجنب الكثافة السكانية والأنفاق الممنوعة للشاحنات.,"شركات النفط والغاز، المرور، واللوجستيات"
1528,منصة بصير,التعليم الشامل والدمج الرقمي,يواجه الطلاب المكفوفون حجزاً تعليمياً عند محاولة فهم الرسوم البيانية والجداول الإحصائية المعقدة المتواجدة في المناهج والمراجع. تطبيق يحول الرسوم إلى ملفات هندسية قابلة للطباعة ثلاثية الأبعاد كمجسمات بارزة للمس.,الطلاب المكفوفون والمؤسسات التعليمية والجامعات
1529,فاحص الوقود,المركبات والنقل المستدام,تواجه شركات النقل خطورة تعرض محركات أساطيلها للتلف نتيجة تعبئة وقود مخلوط بالماء أو الشوائب في محطات غير ملتزمة بالمعايير. جهاز صغير يركب بالخزان يراقب نقاء البنزين ويحذر السائق لحظياً قبل وصوله للمحرك.,"أصحاب السيارات، شركات النقل، ومحطات الوقود"
1530,مرشد الطهاة,قطاع الضيافة والفنادق,تواجه الفنادق والمطاعم الكبرى هدراً في المكونات الغذائية بسبب عدم دقة تعديل مقادير الوصفات يدوياً عند تغير عدد الضيوف فجأة في الفعاليات. يقدم المشروع نظام مطبخ ذكياً يضبط المقادير ويرتبط بالمخزون آلياً.,"الفنادق، قاعات الفعاليات، والطهاة المحترفون"
1531,عدسة العلاج,الرعاية الطبية وصرف الدواء,يواجه الكادر التمريضي بالمستشفيات خطورة خلط جرعات الأدوية للمنومين نتيجة تشابه أسماء المرضى أو العبوات الخارجية للأدوية. نظام مسح بصري يطابق سوار المعصم الرقمي للمريض بعبوة الدواء المخصصة له برمجياً.,"الممرضون، الأطباء، وإدارات السلامة بالمستشفيات"
1532,تحليلات الحافلات,المدن الذكية وإدارة الحشود,تعاني إدارات تشغيل النقل العام الترددي في مواسم الفعاليات من هدر الرحلات الفارغة أو تكدس الركاب بالمحطات المختلفة لغياب التنبؤ اللحظي. نظام يحلل كاميرات المحطات لتقدير أعداد المنتظرين وتوجيه الأسطول ديناميكياً.,مشغلو أساطيل الحافلات ومنظمو الفعاليات السياحية
1533,بوابة العروض,سلاسل الإمداد للشركات,تواجه الشركات المتوسطة تعقيدات في فرز ومقارنة مئات عروض الأسعار والمواصفات الفنية المقدمة من الموردين يدوياً لمشاريعها التجارية. منصة تعتمد على معالجة اللغات الطبيعية لفرز وعزل العروض وترتيبها.,مدراء المشتريات بالشركات والمنشآت المتوسطة
1534,راصد التلوّث,البيئة والصحة المدنية,تعاني الأحياء المجاورة للمناطق الصناعية من انبعاثات غازية ليلية غير مرصودة بدقة تؤثر على جودة الهواء وصحة السكان القريبين. شبكة مستشعرات جيو-مكانية توزع بالأحياء لرصد جودة الهواء وبث القراءات حية للبلدية.,"البلديات، هيئات البيئة، وسكان المدن الصناعية"
1535,تأجير مرن,التشارك الاقتصادي والتقني,يواجه أصحاب المزارع الناشئة صعوبة وتكلفة عالية في شراء المعدات الزراعية المتخصصة والنادرة (كآلات حصاد التمور) لاستخدامها أياماً معدودة بالسنة. تطبيق يتيح تأجير المعدات الثقيلة بين المزارعين بأمان.,"أصحاب المزارع، المستثمرون، وشركات المعدات"
1536,مسار الركاب,خدمات الطيران والمطارات,يواجه المسافرون من ذوي الاحتياجات الخاصة فترات انتظار وتأخير بالمطارات لعدم التنسيق المسبق واللحظي لوصولهم مع الكراسي المخصصة والدعم الميداني. يوفر التطبيق تتبعاً حياً وجدولة لخدمات الدعم بالمطار.,المسافرون ذوو الاحتياجات الخاصة وإدارات المطارات
1537,وزن شاحنتك,اللوجستيات والنقل البري,تتعرض الطرق السريعة للتلف نتيجة مرور شاحنات نقل المواد الإنشائية بأوزان تتجاوز الحد المسموح به دون علم السائق الدقيق قبل الانطلاق من المحجر. جهاز قياس يركب بنظام التعليق للشاحنة يحلل الوزن ويبثه.,"سائقو الشاحنات، شركات النقل، ووزارة النقل"
1538,تحليلات اللياقة,الرياضة المجتمعية والصحة,تفتقر أندية ومجموعات الدراجات الهوائية المجتمعية لأدوات تحلل الأداء البدني الجماعي للأعضاء وتحدد مسارات الطرق الأقل خطورة ووعورة بالمدن. تطبيق يدمج بيانات الساعات الذكية للمجموعة لتوليد مسارات آمنة.,مجموعات الدراجات الهواة وأندية الرياضة
1539,أمن البيانات,الحوسبة السحابية وحماية البيانات,تتخوف المنشآت المالية والتقنية الناشئة من رفع بيانات عملائها الحساسة للسحابة خوفاً من الاختراقات أو التفتيش الخارجي غير المصرح به. يقدم المشروع تشفيراً متطوراً يتيح معالجة البيانات والبحث فيها وهي مشفرة كلياً.,"الشركات الناشئة، البنوك، والمنشآت التقنية والمالية"
1540,فاحص التمور,فرز الأغذية آلياً والزراعة,يستغرق فرز التمور وتصنيف جودتها وحجمها يدوياً في مصانع التعبئة وقتاً طويلاً يعيق تلبية طلبات التصدير العالمية الضخمة في مواسم الحصاد. يعتمد المشروع على رؤية الحاسوب والذكاء الاصطناعي لفرز التمور حسب الحجم.,"مصانع تعبئة التمور، المزارعون، والمصدرون"
1541,بناء مرن,تكنولوجيا المقاولات والسلامة,تفتقر مواقع الإنشاءات لوسائل آلية تتحقق من التزام العمال بارتداء أدوات السلامة (الخوذة والسترة الفسفورية) بانتظام وسط الساحات الكبيرة المفتوحة. يعتمد النظام على تحليل كاميرات الموقع برؤية الحاسوب لإرسال تنبيهات.,"شركات المقاولات، مهندسو الموقع، ومسؤولو السلامة"
1542,طاقة الغد,الطاقة النظيفة والاستدامة,تعاني المجمعات السكنية الحديثة من صعوبة حساب العائد الاستثماري الدقيق لتركيب الألواح الشمسية وتوزيع الطاقة الفائضة للشبكة العامة للمدن. يقدم التطبيق محاكاة رقمية تحلل مساحة الأسطح ومعدل السطوع التاريخي.,"المجمعات السكنية، المطورون العقاريون، والملاك"
1543,رائد الصغير,الثقافة المالية للطفل,يفتقر الأطفال واليافعون لأدوات تفاعلية عملية وعربية لتعلم مبادئ الادخار الذكي والاستثمار المالي البسيط بشكل يتوافق مع قيم المجتمع المالي. تطبيق يعتمد على تقنيات الألعاب لإدارة ميزانيات تخيلية للأبناء.,الأطفال من سن 8-15 سنة وأولياء الأمور وعوائلهم
1544,مسار الشحن,إدارة الأساطيل واللوجستيات,تواجه شركات الشحن البري خسائر مالية بسبب عدم كفاءة توزيع الحمولات والأوزان داخل الشاحنات مما يزيد من استهلاك الوقود وتلف الإطارات السريع. يستخدم النظام مستشعرات وزن ذكية مع خوارزمية لتوزيع الحمولة هندسياً.,"شركات الشحن، اللوجستيات، وسلاسل الإمداد البري"
1545,منصة وتد,التقنية القانونية وإدارة الأعمال,تجد المنشآت والشركات الناشئة صعوبة وتكلفة مالية عالية في صياغة اتفاقيات سرية البيانات وحقوق الملكية الفكرية للأكواد مع الشركاء الخارجيين. تقدم المنصة مولداً ذكياً للعقود القياسية باللغة العربية متوافقاً مع التشريعات.,"رواد الأعمال، المؤسسات الناشئة، والقانونيون"
1546,إرواء ذكي,الزراعة الحديثة والبيئة,تعاني مزارع الورد بالطائف والوجهات الزراعية الحساسة من تلف المحاصيل أو هدر المياه نتيجة تقلبات رطوبة التربة غير المتابعة بدقة ميدانية. يوفر المشروع شبكة مستشعرات لاسلكية (LoRaWAN) تقيس مغذيات التربة والري.,مزارعو النباتات والورود الفاخرة وأصحاب المزارع
1547,مرشد المغامرة,السياحة والترفيه الميداني,يواجه محبو رحلات السفاري والتخييم بالصحراء مخاطر الضياع أو تعطل المركبات عند انقطاع شبكات الاتصال الخلوية في الأماكن النائية والبعيدة. يقدم التطبيق نظام ملاحة يعتمد على تكنولوجيا الشبكات المشجورة (Mesh).,"هواة الرحلات البرية، التخييم، والمجموعات السياحية"
1548,بيان الطبي,الرعاية الصحية والطبية,يجد المرضى صعوبة في الالتزام بمواعيد الأدوية المتعددة وفهم تعارضاتها مع الأطعمة نتيجة ركاكة وصغر خط الإرشادات الورقية للعلب الطبية. يقدم التطبيق مساعداً صوتياً تفاعلياً يذكر المريض بجرعته ويشرح المحاذير بوضوح.,"كبار السن، مرضى الأمراض المزمنة، والصيادلة"
1549,بناء آمن,السلامة المهنية وأمن المنشآت,تفتقر مواقع الإنشاءات لوسائل آلية ترصد دخول العمال غير المصرحين إلى المناطق عالية الخطورة (مثل أسفل الرافعات أو الفتحات الإنشائية غير المسورة). يعتمد النظام على الكاميرات الميدانية ورؤية الحاسوب لإطلاق صفارات.,"شركات المقاولات، مدراء المشاريع، ومسؤولو السلامة"
1550,عقاري الرقمي,التقنية العقارية والاستثمار,تستغرق إجراءات الفحص النافي للجهالة قبل شراء العقارات التجارية والتأكد من رخص البناء والرهونات والنزاعات التاريخية وقتاً طويلاً يعطل الصفقات. تجمع المنصة كافة البيانات التاريخية للعقار عبر سجل رقمي موحد.,"المشترون، المستثمرون، والوسطاء العقاريون"
1551,كود الكم,الحوسبة الكمية والأمن السيبراني,"تواجه المؤسسات المالية خطر اختراق أنظمة التشفير التقليدية (RSA) مستقبلاً مع ظهور الحواسب الكمية. يوفر المشروع حزمة برمجية لتطبيق ""التشابك الكمي اللاسلكي"" لحماية البيانات المالية الحساسة عبر خوارزميات غير قابلة للكسر.","البنوك، المنشآت المالية، والجهات السيبرانية السيادية"
1552,ميزان الميثانول,الطاقة النظيفة والصناعة,"تواجه مصانع إنتاج الهيدروجين الأخضر صعوبة في الرصد اللحظي الميكروي لنسب الشوائب داخل خلايا التحليل الكهربائي، مما يقلل كفاءة الوقود المنتج. نظام استشعار كهروكيميائي ذكي يقيس نقاء الهيدروجين فورياً.",شركات الطاقة المتجددة ومصانع الوقود البديل
1553,حارس المركبة,الأمن سيبراني للسيارات,"تتعرض السيارات الذكية وذاتية القيادة لخطر ""هجمات الحجب والتزييف"" لإشارات الرادار والليزر (LiDAR Spoofing) مما قد يسبب حوادث متعمدة. خوارزمية دفاعية مدمجة بحاسوب السيارة تكشف الإشارات المزيفة وتحيدها.",شركات تصنيع السيارات الذكية وإدارات النقل
1554,أمان النظائر,الرعاية الصحية والطب النووي,تواجه أقسام الطب النووي بالمستشفيات تعقيدات وتأخيراً في التتبع اللحظي لمعدل اضمحلال الإشعاع في النظائر الطبية المستخدمة في علاج الأورام أثناء نقلها. مستشعر وميضي ذكي يبث مستويات الأمان الإشعاعي حياً.,"مراكز علاج الأورام، بنوك النظائر، ومفتشو السلامة"
1555,منصة وتيرة,حوكمة الأبحاث الأكاديمية,يعاني مدراء مراكز الأبحاث الجامعية من تشتت وصعوبة التحقق من أصالة البيانات التجريبية الخام ومطابقتها للمعايير قبل النشر العالمي لمنع السرقة العلمية. منصة توثق خطوات التجربة المعملية بالبلوكشين كبصمة رقمية.,"الجامعات، عمادات البحث العلمي، والباحثون"
1556,تحليلات الألياف,النسيج المستدام والاقتصاد الدائري,تواجه مصانع إعادة تدوير الملابس صعوبة في الفرز والتمييز التلقائي السريع بين القطن الطبيعي والألياف الاصطناعية (البوليستر) في بالات القماش الضخمة المختلطة. نظام فرز طيفي ذكي يحلل البنية الجزيئية للنسيج آلياً.,مصانع تدوير النسيج وشركات الأزياء المستدامة
1557,مرشد المدار,تقنيات الفضاء والطيران,يواجه مشغلو النانو-أقمار صناعية (CubeSats) صعوبة في المعايرة التلقائية للزوايا المغناطيسية (Attitude Control) عند تعرضها للعواصف الشمسية المفاجئة. برمجية تعتمد على التعلم الآلي للتصحيح الذاتي للمسار المداري.,مراكز أبحاث الفضاء والمهندسون والمطورون
1558,راصد الفراغ,الصناعات الثقيلة وأشباه الموصلات,تفرز غرف تصنيع الرقاقات الإلكترونية وأشباه الموصلات عيوباً بالغة عند حدوث أدنى تسريب للهواء داخل غرف تفريغ الهواء الحساسة (Vacuum Chambers). حساس حراري أيوني يكتشف تسرب ذرات الغاز بدقة ميكروية فوراً.,مصانع أشباه الموصلات والمهندسون الصناعيون
1559,بصمة النترات,الأمن العام والسلامة الصناعية,تواجه المنشآت اللوجستية والمستودعات خطورة التخزين العشوائي والمخالف للمواد الكيميائية القابلة للانفجار (كنترات الأمونيوم) دون كشف استباقي للأبخرة. نظام مستشعرات غازية طيفية تحلل النطاق الجزيئي للمستودع للتحذير.,"الدفاع المدني، مسؤولو السلامة المهنية، والبلديات"
1560,عالمي الصامت,رعاية الصم والبكم والدمج,يواجه الصم وضعاف السمع صعوبة وتأخيراً في فهم وتلقي التنبيهات والأوامر الصوتية المعقدة الصادرة عن المساعدات الذكية (كأليكسا وسيري). إضافة برمجية تترجم الأوامر الصوتية فوراً للغة إشارة متحركة (3D).,فئة الصم والبكم ومطورو التطبيقات الذكية
1561,فاحص الشحنات,الأمن والسلامة والجمارك,"يواجه مفتشو الموانئ تعقيدات وتأخيراً في الفحص اليدوي للحاويات المغلقة للتأكد من خلوها من المواد المشعة أو المهربة خفية خلف البضائع الكثيفة. بوابة فحص تعتمد على تكنولوجيا ""ميونات الأشعة الكونية"" للاختراق العميق.",مصلحة الجمارك والمنافذ الحدودية والأمنية
1562,إسناد الرادار,الملاحة الجوية والدرونز,تواجه طائرات الدرونز المخصصة للتصوير السينمائي صعوبة في الحفاظ على استقرار الكاميرا والاتزان عند هبوب رياح قص حادة ومفاجئة (Microburst). نظام ميكرو-رادار يحلل جزيئات الهواء أمام الدرون لتفادي المطب الجوي.,"مصورو الطائرات، منظمو الفعاليات، وشركات الدرونز"
1563,أمان البطارية,المركبات والنقل المستدام,تتعرض بطاريات الحافلات الكهربائية الكبرى لخطر الانهيار الحراري (Thermal Runaway) والاحتراق نتيجة تلف الخلايا الداخلية دون مؤشر خارجي. نظام يحلل التغير في المقاومة الكهرومغناطيسية بين الخلايا للتنبؤ بالخطر.,"شركات النقل العام، مصانع الحافلات، والمهندسون"
1564,إيجاز براءات,الملكية الفكرية والابتكار,يستغرق الفحص الفني لبراءات الاختراع الهندسية المعقدة شهوراً طويلة لمطابقتها بالرسومات والتصاميم السابقة دولياً لمنع السرقة. محرك تحليل ذكي يفكك الرسم الهندسي (CAD) ويطابقه بالبراءات المسجلة فوراً.,مكاتب براءات الاختراع والملكية الفكرية والباحثون
1565,منصة تقاص,الاقتصاد الرقمي والعملات الشفرية,تواجه المنصات الناشئة تعقيدات ومخاطر خسارة السيولة عند إجراء عمليات مبادلة الأصول الرقمية بين شبكات بلوكشين مختلفة (Cross-Chain Swap). يقدم المشروع بروتوكول جسور ذكي ذاتي التنفيذ وآمن كلياً ضد ثغرات الاختراق.,"مطورو الويب 3، المنصات المالية، والمستثمرون"
1566,تحكيم الامتثال,حوكمة الشركات والموارد البشرية,تقع خلافات بين الشركات والموظفين حول دقة احتساب ساعات العمل الإضافي في البيئات الميدانية المتنقلة والمتباعدة لغياب التوثيق الحي المحايد. نظام يربط التوقيع الرقمي بالبصمة البيومترية المشفرة جغرافياً.,إدارات الموارد البشرية والالتزام بالشركات الكبرى
1567,مسار الاتزان,تقنيات الصحة والرعاية التأهيلية,يعاني كبار السن المصابون بالدهليز الأذني من فقدان التوازن المفاجئ والسقوط لعدم وجود وسيلة تنبيه بدنية استباقية تصحح الحركة. حزام خصر ذكي مزود بحساسات جيروسكوبية ومحركات دقيقة تطلق نبضات تصحيح للاتزان.,كبار السن ومراكز التأهيل الطبي وأطباء الأعصاب
1568,سوق الغاز,الطاقة والخدمات اللوجستية,يواجه المستهلكون التجاريون (كالمطاعم الكبرى) صعوبة في التنبؤ اللحظي بنفاد صهاريج الغاز المسال مما يعطل خطوط الإنتاج. نظام ذكي يحلل معدل التدفق والضغط التاريخي لأتمتة طلب شاحنة إعادة التعبئة قبل النفاد بيومين.,"المطاعم الكبرى، شركات الغاز، والمستودعات اللوجستية"
1569,بوابة النقاء,التصنيع الكيميائي والصناعة,تواجه مصانع البلاستيك القابل للتحلل الحيوي صعوبة في الضبط التلقائي لنسب خلط البوليمرات العضوية لضمان مرونة وجودة المنتج النهائي. خوارزمية ذكية تحلل اللزوجة والحرارة لحظياً لضبط الصمامات آلياً.,مصانع البتروكيماويات والبلاستيك المستدام والمهندسون
1570,حماية المحولات,البنية التحتية والشبكات الكهربائية,تتعرض محولات الكهرباء الضخمة بالمدن للانفجار المفاجئ نتيجة تحلل الزيوت العازلة بالداخل بسبب الأحمال الزائدة دون رصد غازي. جهاز فحص غازي متصل (DGA) يحلل ذرات الهيدروجين بالزيت للإنذار المبكر قبل الكارثة.,"شركات الكهرباء، مهندسو الصيانة، وإدارات المرافق"
1571,مرصد الموائع,التقنية الطبية والمختبرات,يستغرق تصنيع ورقاقات المختبرات الطبية (Microfluidic Chips) وقتاً طويلاً لضبط مسارات السوائل الحيوية الدقيقة دون حدوث تداخل كيميائي. منصة محاكاة فيزيائية تحلل حركة الموائع بمستوى النانو لتسريع التصنيع.,الشركات المصنعة للأجهزة الطبية والباحثون والمختبرات
1572,نبض الشحنات,اللوجستيات الدولية الحساسة,تتأثر جودة شحنات السيليكون النقي المخصص لتصنيع اللوحات الشمسية بأي تعرض للأشعة فوق البنفسجية أثناء الشحن الدولي دون علم المستورد. وسم رقمي ذكي يسجل طيف الإضاءة والحرارة على سجل مشفر بالبلوكشين.,مستوردو الألواح الشمسية وشركات الشحن اللوجستي
1573,بوابة الهوية,الأمن السيبراني وحوكمة البيانات,"يتزايد خطر سرقة الهويات الرقمية للموظفين عبر هجمات الهندسة الاجتماعية لتخطي التحقق الثنائي التقليدي (2FA). نظام يعتمد على ""البصمة السلوكية للمستخدم"" (كطريقة طباعته وسرعة تحريك الفأرة) للتحقق المستمر الشامل.",مدراء أمن المعلومات (CISO) بالمنشآت الحيوية
1574,تفتيش التبريد,سلامة وجودة الأغذية,"تعاني شركات تعبئة وتصدير الأسماك من صعوبة الرصد الفوري لبدء نمو بكتيريا ""السالمونيلا"" الخفية بالعين داخل حاويات التجميد الكبرى. نظام يعتمد على الاستشعار الكيميائي النانوي للغازات الحيوية المنبعثة للتنبؤ بالتلف.","مصانع الأغذية البحرية، مستودعات التبريد، ومفتشو الصحة"
1575,منصة أريب,الاقتصاد الثقافي والفنون الرقمية,يواجه صناع المحتوى التاريخي صعوبة في التحقق من دقة وصحة التراكيب الهندسية والزخارف ثلاثية الأبعاد (3D) للمباني النجدية القديمة المعروضة بالميتافيرس. منصة فحص ومطابقة آلية تطابق المجسمات بالكود التراثي المعتمد.,"مطورو الميتافيرس، المصممون، وهيئات تطوير التراث"
1576,حصاد الاهتزاز,الطاقة المستدامة والمدن الذكية,تذهب طاقة الحركة والارتجاجات الناتجة عن عبور قطارات المترو السريعة داخل الأنفاق هدراً دون استغلالها اقتصادياً. يقدم المشروع صفائح بيزوإلكترونية تزرع أسفل قضبان السكك الحديدية لتحويل الاهتزاز لطاقة لإنارة المحطة.,"إدارات تشغيل المترو، قطارات الشحن، ووزارة النقل"
1577,مرشد المغامرة,السياحة والترفيه الجيولوجي,يواجه سياح رحلات الهايكنج في الأودية الجبلية العميقة خطورة الضياع أو التعرض للانهيارات الصخرية لغياب التغطية الخلوية. تطبيق يوفر شبكة اتصال مشجورة (Mesh) بين هواتف المجموعة تعتمد على التنبيه الجيو-مكاني.,"هواة المشي الجبلي، المجموعات السياحية، وفرق الإنقاذ"
1578,تحليلات الرؤية,الرعاية الصحية والطب الوقائي,"يتأخر الكثير من المصابين بمرض ""المياه الزرقاء"" (الجلوكوما) في تشخيص المرض لعدم رصد التغير التدريجي الخفي في الرؤية المحيطية يدوياً. تطبيق يوفر اختباراً بصرياً تفاعلياً منزلياً يحلل اتساع مجرى الرؤية بدقة وحياد.","العائلات، الأفراد، وأطباء وجراحو العيون"
1579,بناء واثق,قطاع المقاولات والإنشاءات الحديثة,تقع عيوب خطيرة في جودة وتماسك البناء ثلاثي الأبعاد (3D Concrete Printing) نتيجة تفاوت سرعة جفاف طبقات الأسمنت المطبوع ميدانياً بفعل الطقس. نظام يربط فوهة الطابعة بحساسات حرارية تضبط سرعة الضخ آلياً.,"شركات البناء الحديث، مهندسو الموقع، ومطورو الطابعات"
1580,عقاري الآمن,التقنية العقارية والحوكمة,"تقع نزاعات بين المنشآت والجهات البلدية حول دقة حساب ""نسبة المساحات الخضراء والارتدادات النظامية"" للمشاريع التجارية الكبرى لغياب المسح الدقيق. منصة تحلل مخططات الـ BIM وتطابقها بالواقع عبر مسح الدرونز.","الأمانات، المطورون العقاريون، ومكاتب الاستشارات الهندسية"
1581,نقاء الألياف,التصنيع الذكي والمنسوجات,تواجه مصانع ملابس الرياضة الفاخرة خسائر بسبب ظهور عيوب نسج ميكروية خفية في الأقمشة المقاومة للتعرق تمنع جودتها من التصدير. نظام مسح بصري ذكي بالذكاء الاصطناعي يكتشف العيوب على خطوط الإنتاج السريعة.,مصانع النسيج والملابس وإدارات الجودة والسلامة
1582,نبيه الطاقم,الرعاية الصحية وإدارة الطوارئ,يواجه كبار السن المصابون بمرض آلزهايمر خطورة الخروج العشوائي والضياع من منازلهم أو مراكز الرعاية دون تنبيه فوري لعوائلهم. نظام سجاد أرضي ذكي مزود بحساسات ضغط يحلل نمط خطى الشخص ويحذر عند اقترابه الخطر من الأبواب.,"كبار السن، مرضى آلزهايمر، العوائل، ومراكز الرعاية"
1583,تواصل ناطق,دعم ذوي الإعاقة اللغوية والدمج,يواجه المصابون بالتصلب الجانبي الضموري (ALS) صعوبة بالغة في التواصل السريع مع محيطهم لعدم قدرتهم على الكلام أو الحركة يدوياً. نظارة ذكية تتبع حركة العين وبؤبؤ العين وتحول النظرات إلى جمل منطوقة واضحة بليغة.,"مرضى التصلب الجانبي، المستشفيات، ومراكز التأهيل"
1584,إمداد مرن,سلاسل الإمداد والخدمات اللوجستية,تعاني شركات شحن وتصدير السلع الحساسة من هدر الوقت والتعقيد في حساب وتوزيع الأحمال داخل عنابر الشحن بالطائرات لضمان اتزان الطائرة هندسياً. نظام يحسب مركز الثقل ويقترح الترتيب اللوجستي الأمثل آلياً.,"شركات الشحن الجوي، سلاسل الإمداد، ومدراء الأساطيل"
1585,منصة صكوك,التقنية المالية والاستثمار,يجد صانعو المحتوى الرقمي والمطورون المستقلون صعوبة في تأمين تمويل سريع لمشاريعهم البرمجية لعدم وجود أصول مادية تقليدية كضمان للبنك. منصة تتيح رهن حقوق الملكية الفكرية الرقمية الموثقة وطرحها كصكوك تمويل.,"المطورون المستقلون، رواد الأعمال، والمستثمرون الأفراد"
1586,راصد الامتثال,التقنية القانونية وإدارة الشركات,تواجه المنشآت الصناعية صعوبة وتكلفة في المراجعة اليدوية الطويلة لمدى التزام مصانعها بمعايير السلامة المهنية وكود العمل السعودي المحدث بانتظام. نظام ذكي يطابق اللوائح الداخلية بالأنظمة ويبرز الثغرات القانونية تلقائياً.,إدارات الالتزام والمراجعة الداخلية بالمنشآت الكبرى
1587,ميزان الشحن,اللوجستيات الذكية والنقل البري,تواجه شاحنات النقل اللوجستي الثقيل مخاطر الحوادث بسبب تعطل المكابح نتيجة السخونة المفرطة أثناء النزول من العقبات الجبلية الحادة. نظام مستشعرات يركب بالمكابح يقيس الحرارة والضغط ويتنبأ بالانهيار لإخطار السائق.,شركات النقل البري وسلاسل الإمداد وسائقو الشاحنات
1588,عين المحمية,حماية البيئة والاستدامة الفطرية,تواجه الجهات البيئية صعوبة في التتبع والإحصاء الدقيق لأعداد السلاحف البحرية النادرة وأعشاشها على الشواطئ والجزر النائية لقلة المتخصصين ميدانياً. يستخدم المشروع طائرات مسيرة برؤية حاسوبية للفرز الآلي.,هيئات حماية البيئة ومراكز الأبحاث الحيوية والبحرية
1589,أرشيف ذكي,تقنيات الشركات والذكاء المؤسسي,تستغرق مراجعة وتصنيف مستندات العقود والاتفاقيات الدولية القديمة الممسوحة ضوئياً ساعات طوال لاستخراج شروط الغرامات المالية وتواريخ التجديد. يوفر النظام نموذجاً ذكياً يقوم بالتعرف الضوئي (OCR) والفرز التنفيذي.,الشؤون القانونية والمحاسبون وإدارات العمليات بالشركات
1590,رحلة العينة,اللوجستيات الطبية ومراكز الأبحاث,تتأثر سلامة عينات النخاع العظمي والخلايا الجذعية المنقولة لزراعتها للمرضى بأي تذبذب ميكروي في الضغط أو الحرارة داخل الحافظة دون علم الطاقم. حافظة ذكية متصلة بالأقمار الصناعية تبث المؤشرات حية بلحظتها.,"بنوك الخلايا الجذعية، المستشفيات، والمراكز الطبية"
1591,تذاكر آمنة,الفعاليات والترفيه والمؤتمرات,يعاني منظمو المهرجانات الكبرى والفعاليات النادرة من انتشار تذاكر السوق السوداء المقلدة والتلاعب بالأسعار وإعادة البيع غير القانوني للجمهور. يعتمد المشروع على تذاكر رقمية مشفرة كأصول (NFT) ترتبط بالهوية الوطنية.,منظمو الفعاليات الترفيهية والمؤتمرات والجمهور
1592,مستشار العزل,كفاءة الطاقة والعمارة الخضراء,يواجه المقبلون على بناء غرف التبريد الكبرى للمواد الغذائية صعوبة في حساب وتحديد سمك ومواصفات عوازل الـ Polyurethane لمنع تسرب التبريد وخفض الفاتورة. يقدم التطبيق محرك محاكاة حرارية يحلل السعة والطقس التاريخي.,أصحاب مستودعات التبريد والمقبلون على البناء والمهندسون
1593,عدسة الأسنان,تقنيات طب الأسنان والصحة الرقمية,يواجه أطباء وجراحو الأسنان صعوبة في التحديد التلقائي لمدى تراجع مستوى عظم الفك المحيط بالزرعات السنية (Peri-implantitis) عبر الأشعة الرمادية يدوياً. يقدم النظام حلاً يعتمد على تقنيات معالجة الصور لتحديد التآكل بدقة.,أطباء وجراحو الأسنان والمراكز الطبية التخصصية
1594,إدارة الاهتزاز,التصنيع الذكي والصيانة التنبؤية,تعاني مضخات الطرد المركزي الضخمة في مصانع البتروكيماويات من التوقف المفاجئ نتيجة اختلال اتزان المحاور بسبب الترسبات الكيميائية غير المرئية يدوياً. يربط المشروع المضخة بحساسات اهتزاز للتنبؤ بالصيانة قبل الخلل.,مصانع البتروكيماويات ومهندسو الصيانة والتشغيل الصناعي
1595,خطوط التراث,الثقافة والفنون والتقنيات اللغوية,"تفتقر أدوات التصميم المعاصرة لنماذج تولد خطوطاً وتراكيب فنية مضبوطة بدقة هندسية تحاكي قواعد ""الخط المحقق"" الأصيل بكافة أبعاده المدرسية التاريخية. يقدم المشروع نموذج ذكاء اصطناعي توليدي مخصص لابتكار لوحات موزونة.","المصممون، دور النشر، والمنصات الثقافية والإعلامية"
1596,محاكي الرواسب,قطاع التعدين والجيولوجيا والمناجم,"تواجه شركات الاستكشاف التعديني مخاطر مالية باهظة عند حفر آبار عشوائية للبحث عن رواسب خام ""الزنك"" دون دراسة طبقات الأرض بدقة جيوفيزيائية كاملة. يقدم المشروع منصة محاكاة ثلاثية الأبعاد تحلل بيانات المسح الكهرومغناطيسي.",شركات التعدين والمهندسون الجيولوجيون ومراكز الأبحاث
1597,تأهيل مرن,الخدمات الاجتماعية والرعوية,تواجه المؤسسات الرعوية صعوبة في التقييم السلوكي والمهني الدوري للنزلاء داخل دور الرعاية لقياس مدى جاهزيتهم للاندماج بسوق العمل بشكل مستقل ومستدام. توفر المنصة مسارات تعليمية وتقييمية ذكية تقيس التطور المهني.,إدارات التأهيل والمؤسسات الاجتماعية ودور الرعاية والشباب
1598,راصد السيول,إدارة الأرصاد والمدن الذكية والبلديات,تفتقر غرف الطوارئ بالأمانات لبيانات مناخية شديدة المحلية (Hyper-local) لرصد وتوقع تدفق مياه السيول في أحياء محددة قبل وصولها للمناطق السكنية. يدمج المشروع قراءات محطات الأرصاد المنزلية الصغيرة المصرحة.,مراكز الأرصاد والبلديات والأمانات وغرف الطوارئ المدنية
1599,مسار الطوارئ,إدارة المستشفيات والعمليات الطبية,يعاني الكادر الطبي في المستشفيات الكبيرة من ضياع أوقات حاسمة في البحث عن الكراسي المتحركة أو أجهزة تخطيط القلب الشاغرة والقريبة لعدم جردها اللحظي. نظام تتبع داخلي يربط الأجهزة بأوسمة (BLE) لتحديد موقعها.,"الممرضون، الأطباء، وإدارات تشغيل المستشفيات والمنشآت"
1600,فرز المطالبات,التأمين الصحي والعمليات والذكاء,"تقع خلافات مستمرة بين المستشفيات وشركات التأمين حول رفض موافقة عمليات ""استبدال مفصل الورك"" للاشتباه بوجود تكرار في الخدمات أو المبالغ يدوياً. يعتمد النظام على الفرز والمطابقة الآلية للمستندات عبر الذكاء الاصطناعي اللغوي.",شركات التأمين الصحي والمستشفيات والمراكز الطبية
1601,بصمة الطيف,الأمن السيبراني والأجهزة الذكية,تفتقر المعامل والمنشآت الحساسة لآليات تمنع اختراق الهواتف عبر موجات الليزر الموجهة عن بعد لميكروفونات الأجهزة (Laser Microphone Attacks). يقدم المشروع غشاءً نانوياً شفافاً يوضع على شاشات الجوال لتشتيت موجات الليزر وحماية الخصوصية الصوتية.,"المنشآت السيادية، رواد الأعمال، ومسؤولو الأمن"
1602,راصد النطاق,اتصالات الجيل السادس (6G),تواجه شبكات الاتصال فائقة السرعة المستقبلية مشكلة الفقد الحاد للإشارات اللاسلكية عند اختراقها للزجاج المقسى والأبراج الحديثة. نظام برمجيا يتحكم بالأسطح الذكية التكيفية (RIS) لإعادة توجيه وعكس الموجات ذاتياً نحو الأجهزة.,شركات الاتصالات ومطورو البنية التحتية للمدن الذكية
1603,نبض الأساس,السلامة الإنشائية والبنية التحتية,تواجه الخزانات المائية الاستراتيجية المدفونة تحت الأرض خطر الهبوط الأرضي الميكروي وتخلخل التربة دون رصد بشري إلا بعد حدوث الكسر الكارثي. نظام مستشعرات ليزرية تزرع أسفل القواعد الإسمنتية تقيس زوايا الاتزان بدقة الميكرون.,"شركة المياه الوطنية، الأمانات، ومكاتب فحص التربة"
1604,إسناد الرقاقة,التصنيع الذكي وأشباه الموصلات,تواجه مصانع تصنيع المعالجات الإلكترونية خسائر ضخمة نتيجة حدوث خدوش ميكروية في رقاقات السيليكون أثناء مرحلة الصقل الكيميائي (CMP) لا تكتشف بصرياً. نظام فحص حراري نبضي يحلل الانعكاس الضوئي للرقاقة للتنبؤ بالعيوب فوراً.,مصانع أشباه الموصلات ومهندسو الإلكترونيات
1605,منصة أريب,تقنيات المعامل والتعليم الطبي,يواجه طلاب كليات الصيدلة صعوبة خطيرة وتكلفة باهظة في محاكاة تفاعلات الأحماض العضوية المركزة داخل المختبرات لعدم توفر بيئات اختبار رقمية مضبوطة فيزيائياً. منصة محاكاة تفاعلية ثلاثية الأبعاد تحلل نواتج الخلط كيميائياً.,"كليات الصيدلة، الجامعات، ومراكز التدريب العلمي"
1606,حصاد المغناطيس,الطاقة المستدامة والصناعة,تذهب طاقة الحث المغناطيسي الناتجة عن لفائف المولدات الكهربائية الضخمة في محطات التحلية هدراً في شكل حرارة محيطة تضر بالأجهزة. يقدم المشروع ملفات بيزو-مغناطيسية تجمع هذا الحث وتُعيد تحويله لتيار تشغيلي بديل.,"محطات تحلية المياه، شركات الطاقة، والمصانع الكبرى"
1607,مرشد الطيف,اللوجستيات الطبية وبنوك الجينات,تتأثر سلامة عينات الحمض النووي (DNA) واللقاحات الجينية بأي تعرض طفيف للأشعة الكهرومغناطيسية المنبعثة من أجهزة التفتيش بالمطارات دون علم الطاقم. حافظة طبية ذكية مدمجة بدرع كهرومغناطيسي يسجل النفاذ الإشعاعي حياً.,"بنوك الجينات، المختبرات المركزية، والمستشفيات"
1608,تحليلات اللزوجة,الصناعات الكيميائية والنفطية,"تواجه مصانع البوليمرات صعوبة في الضبط التلقائي اللحظي لدرجة لزوجة السوائل الكيميائية أثناء تفاعلات البلمرة، مما يسبب إنتاج دفعات غير مطابقة للمواصفات. نظام يحلل الترددات الصوتية للسائل لضبط الصمامات آلياً.",شركات البتروكيماويات والمهندسون الكيميائيون
1609,حارس الاتزان,تقنيات الملاحة والدرونز,تواجه طائرات الشحن المسيرة بدون طيار خطورة الانحراف والارتطام نتيجة التغير المفاجئ في مركز ثقل الطرد (Cargo Shift) أثناء الطيران وسط الرياح. خوارزمية ديناميكية تعيد توزيع قوة دفع المحركات لحظياً لضمان الثبات.,شركات اللوجستيات الجوية ومصممو الدرونز
1610,بوابة النزاهة,حوكمة المشتريات والشركات,تواجه الشركات الكبرى تعقيدات وتواطؤات محتملة في الفحص اليدوي لطلبات إرساء العقود للتأكد من خلو سجلات الموردين من قضايا بيئية أو عمالية دولية. نظام يكشط ويحلل البيانات المفتوحة والسجلات القانونية العالمية آلياً.,إدارات الالتزام والحوكمة والمراجعة بالشركات الكبرى
1611,عدسة التجويف,قطاع التعدين والمناجم,تواجه شركات الحفر والاستكشاف التعديني مخاطر انهيار الجدران الداخلية للمناجم نتيجة وجود فجوات هوائية خفية خلف طبقات الصخور الرسوبية. جهاز فحص محمول يعتمد على رادارات الاختراق العميق (GPR) لكشف التجاويف ميدانياً.,"شركات التعدين، الجيولوجيون، ومفتشو السلامة المهنية"
1612,تواصل واثق,التقنية القانونية وعقود الأعمال,تقع خلافات بين المنشآت والمبرمجين المستقلين حول مدى مطابقة الكود المكتوب لشروط الأمان السيبراني وحفظ حقوق الملكية الفكرية قبل التسليم. منصة تفحص الأكواد آلياً وتوثق شهادة تسليم مشفرة بالبلوكشين كفيصل قانوني.,"الشركات التقنية الناشئة، المبرمجون المستقلون، والقانونيون"
1613,إمداد مرن,سلاسل الإمداد ومستودعات التبريد,تعاني مخازن الأدوية والمستحضرات الطبية الحساسة من تفاوت توزيع رطوبة الهواء داخل الأرفف العلوية لغياب التحكم الديناميكي الذكي بفتحات التكييف المركزي. نظام إنترنت أشياء (IoT) يضبط تدفق الهواء بناءً على السعة حياً.,مستودعات الأدوية المركزية والمستشفيات واللوجستيات
1414,دليل المعامل,التعليم الفني ومختبرات الفيزياء,يواجه الطلاب صعوبة خطيرة في فهم تموج وتداخل الموجات الكهرومغناطيسية والفيزيائية داخل المعامل لكونها غير مرئية بالعين المجردة. تطبيق يستخدم الواقع المعزز (AR) لإسقاط مسارات ورسومات تفاعلية للموجات حياً.,"الجامعات، المعاهد الفنية، ومعلمو العلوم والفيزياء"
1615,تلخيص الوثائق,التقنية القانونية وإدارة الشركات,يستغرق المحامون فترات طويلة في مراجعة اتفاقيات التحكيم الدولي الطويلة لاستخراج البنود الحاكمة وتحديد المحاكم المختصة عند النزاع. أداة تعتمد على معالجة اللغات الطبيعية تفحص الوثيقة وتلخص الالتزامات بجدول تنفيذي.,"المكاتب القانونية، الشركات الكبرى، والمستشارون"
1616,راصد المذيبات,البيئة والصحة الصناعية,تعاني الأحياء القريبة من معامل الطلاء وصناعة الأخشاب من انبعاثات المركبات العضوية المتطايرة (VOCs) غير المرئية التي تؤثر على صحة السكان. شبكة مستشعرات جيو-مكانية نانوية توزع بالأحياء لبث جودة الهواء حية.,"البلديات، هيئات البيئة، وسكان المدن"
1617,تفتيش اللحام,صناعة الطيران وصيانة المركبات,يواجه فنيو الصيانة صعوبة في فحص سلامة نقاط اللحام الجزيئي لأجنحة الطائرات للتأكد من خلوها من التشققات الميكروية الناتجة عن ضغط الجو. جهاز فحص يعتمد على التيارات الدوامية عالية التردد (ECT) للكشف الفوري.,"شركات الطيران، مهندسو الصيانة، وإدارات السلامة الجوية"
1618,بصمة النسيج,الثقافة والاقتصاد الإبداعي والاستدامة,يجد مصممو الأزياء صعوبة في التمييز السريع بين الصوف الطبيعي الفاخر والصوف الصناعي المعالج كيميائياً في بالات الشراء الضخمة لتفادي الغش. جهاز فحص طيفي محمول يرتبط بالجوال يحلل نسيج القماش ومكوناته بدقائق.,"مصممو الأزياء، مصانع النسيج، والمشترون"
1619,مرشد الطيران,الطيران بدون طيار والمدن الذكية,"مع تزايد استخدام الدرونز في التوصيل الحركي، تواجه الهيئات خطورة تصادم الطائرات في النطاقات منخفضة الارتفاع لغياب نظام إدارة مرور جوي ميكروي. منصة سحابية تنظم وتجدول مسارات وأوقات الرحلات آلياً.",هيئات الطيران المدني والشركات المشغلة للدرونز
1620,مستشار الألياف,الاتصالات وتقنية المعلومات,تعاني شبكات الإنترنت الضوئية من بطء وتوقف مؤقت نتيجة انحناء أو التواء كوابل الألياف البصرية (Fiber Optics) داخل التمديدات الأرضية دون معرفة مكان الخلل. نظام فحص نبضي يحسب ارتداد الضوء لتحديد نقطة الالتواء بالمليمتر.,شركات الاتصالات وفنيو صيانة الشبكات الأرضية
1621,تأهيل النطق,الرعاية التأهيلية والصحة الرقمية,يواجه البالغون المصابون بحبسة كلامية إثر الحوادث إحباطاً من تمارين مخارج الحروف التقليدية لغياب التوجيه البصري الفوري لحركة اللسان والشفاه. تطبيق يستخدم رؤية الحاسوب لمتابعة حركة الفم وتصحيحها برمجياً.,"مراكز التأهيل الطبي، أخصائيو النطق، والمرضى"
1622,بوابة الامتثال,العمليات الرقمية وحوكمة البيانات,تواجه المنصات المالية الناشئة خطورة تسريب بيانات العملاء عبر ثغرات في واجهات برمجة التطبيقات (APIs) غير المحوكمة والمنسية (Shadow APIs). برمجية مسح مستمر تكتشف البوابات المفتوحة وتقفل الصلاحيات تلقائياً.,مدراء أمن المعلومات (CISO) والشركات التقنية المالية
1623,راصد التآكل,البيئة البحرية والمنشآت الساحلية,تتعرض القواعد الحديدية لعنافات الرياح الساحلية أو أرصفة الموانئ للتآكل الكيميائي السريع بفعل الملوحة الرطبة دون رصد داخلي مبكر. مستشعرات كهرومغناطيسية تزرع بالهيكل تقيس المقاومة وتتنبأ بعمر المعدن.,"شركات تشغيل الموانئ، هيئات الطاقة، والملاك"
1624,ملابس الحماية,السلامة المهنية والأمن الصناعي,يتعرض فنيو الصيانة في مصانع الأسمدة لخطر التسمم بالأمونيا نتيجة حدوث تسريبات غازية مفاجئة دون علم مشرف الموقع فوراً لإنقاذهم. ملابس ميدانية مدمجة بحساسات كيميائية ومؤشرات حيوية تبث استغاثة لغرفة التحكم.,"مصانع المواد الكيميائية، شركات الطاقة، ومدراء السلامة"
1625,موسم مرن,إدارة الحشود والتوظيف المؤقت,تواجه المتاحف والمجمعات الترفيهية صعوبة في التوزيع اللحظي للمنظمين الميدانيين داخل القاعات بناءً على التغير المفاجئ في تدفق الزوار وتكدسهم. يحلل التطبيق كاميرات الموقع لتوجيه الكوادر المرنة آلياً وجغرافياً.,"منظمو الفعاليات، المجمعات السياحية، والشباب"
1626,شحن لاسلكي,المدن الذكية وتقنيات الدرونز,تواجه طائرات الدرونز المخصصة للمراقبة الأمنية بالمجمعات الشاسعة مشكلة الحاجة للعودة للمقر كل نصف ساعة لشحن البطارية يدوياً. يقدم المشروع منصات هبوط مدمجة بتقنية الشحن اللاسلكي الرنيني لشحن الطائرة ذاتياً بالميدان.,"المنشآت الصناعية، المجمعات السكنية، وشركات الأمن"
1627,أولوية الصيانة,العمليات البلدية وصيانة المدن,تواجه الأمانات صعوبة في الفرز الميداني الفوري لدرجة خطورة وتأثير هبوط الإسفلت حول أغطية الصرف الصحي لترتيب مهام الصيانة. نظام يركب على سيارات النقل يحلل الارتجاجات عبر مستشعرات التسارع لتحديد موقع العيب.,"الأمانات، البلديات، وشركات صيانة الطرق"
1628,تدوين النقوش,الثقافة والتراث والتقنيات الرقمية,يجد سياح المواقع الأثرية (مثل جبة وحائل) صعوبة في فهم المعاني التاريخية خلف النقوش الثمودية واللحيانية القديمة على الصخور. تطبيق يحلل صورة النقش بالكاميرا ليترجمه فوراً إلى العربية الفصحى والإنجليزية مع سرد قصته.,"السياح، الزوار، وهيئات تطوير المواراث والثقافة"
1629,فرز النانو,إعادة التدوير والاستدامة البيئية,تواجه مصانع تدوير الإلكترونيات صعوبة وبطء في فرز واستخلاص العناصر الأرضية النادرة (كالنيوديميوم) من الأجهزة التالفة الدقيقة لخلطها بالبلاستيك والمعادن. نظام يعتمد على الفرز الليزري الطيفي لفرز العناصر آلياً.,مصانع تدوير النفايات التقنية وشركات البيئة
1630,وسم العهد,إدارة الشركات والحوكمة والعمليات,تعاني المختبرات الجامعية من صعوبة الجرد السنوي اليدوي لآلاف الأدوات والمعدات الزجاجية الدقيقة الحساسة وضياع بعضها لضعف التوثيق الموحد. يوفر التطبيق نظام جرد يربط العهد بأوسمة (NFC) للمسح الفوري الجماعي.,إدارات المختبرات والعمليات بالجامعات والمنشآت
1631,مرشد الطواف,تقنيات الحج والعمرة والضيافة,يواجه المعتمرون من ذوي الاحتياجات الخاصة (مستخدمو الكراسي الذكية) صعوبة في تحديد المسارات والمنحدرات الخالية من الحواجز الهندسية داخل الحرم. تطبيق يوفر خرائط داخلية حية مخصصة لمسارات الكراسي.,المعتمرون ذوو الاحتياجات الخاصة وإدارات التشغيل
1632,مسار الصهريج,النقل واللوجستيات وسلاسل الإمداد,تشكل شاحنات نقل المواد الكيميائية خطورة انقلاب حاد عند عبور المنعطفات بسبب حركة السائل داخل الصهريج لغياب رصد الاتزان اللحظي. يقدم المشروع حساسات ضغط ديناميكية تحلل حركة الموائع وتحذر السائق برمجياً.,"شركات نقل المواد الخطرة، أمن الطرق، واللوجستيات"
1633,بصيرة الجداول,دعم المكفوفين والتعليم الشامل,يواجه الطلاب المكفوفون صعوبة بالغة في قراءة وفهم الجداول الإحصائية والمصفوفات الرياضية المعقدة المتواجدة في المناهج الرقمية. يوفر التطبيق أداة برمجية تحلل محاور الجدول وتحولها لوصف صوتي ذكي يشرح العلاقات.,الطلاب المكفوفون والمؤسسات التعليمية والمدارس
1634,أمان التعليب,سلامة الأغذية والصحة العامة,تواجه مصانع تعليب الألبان صعوبة في التأكد اللحظي من خلو العبوات الكرتونية من ثقوب ميكروية قد تسبب فساد المنتج وتغير مذاقه قبل الشحن للمتاجر. يقدم المشروع نظام فحص ضوئي ليزري سريع للكشف عن عيوب الإغلاق آلياً.,مصانع الأغذية ومفتشو الجودة والسلامة والبلديات
1635,منصة تدوير,الاستدامة البيئية وإعادة المعالجة,"تواجه الفنادق والمجمعات صعوبة في التخلص البيئي الآمن من زيوت الطهي المستعملة بكميات ضخمة، مع انتشار عمليات بيعها العشوائي الضار بالصحة. منصة لوجستية تنظم جمع الزيوت آلياً وتوجيهها لمصانع الوقود الحيوي المعمدة.","الفنادق، المطاعم الكبرى، ومصانع إنتاج البيوديزل"
1636,تحكيم العقود,حوكمة الشركات والتقنية القانونية,تقع نزاعات مالية بين الشركات الهندسية وموردي قطع الغيار حول شروط استرداد المبالغ عند إلغاء أوامر التوريد لغياب الحوكمة الفورية. يقدم المشروع عقوداً ذكية (Smart Contracts) تحسب وترجع المستحقات آلياً حسب البنود.,"الشركات التجارية، الموردون، وإدارات المشتريات"
1637,مرسى الصيانة,اللوجستيات والنقل البحري,"يواجه ملاك السفن السياحية واليخوت صعوبة في الرصد التلقائي لنشوء كتل ""الأعشاب والقشريات البحرية"" (Biofouling) أسفل هيكل السفينة مما يقلل سرعتها ويزيد استهلاك الوقود. نظام كاميرات تحت مائي يحلل نمو الكتل آلياً.","ملاك اليخوت، الشركات الملاحية، وورش الصيانة البحرية"
1638,نبض الخادم,تقنية المعلومات والأمن السيبراني,تتعرض خوادم المؤسسات لهجمات سيبرانية مخفية تعتمد على رفع حرارة المعالجات عمداً لتدمير الأجهزة في غياب أنظمة الرصد البرمجي الميكروي. نظام يراقب الشذوذ في استهلاك الطاقة وحرارة الأنوية للحجب الفوري للهجوم.,مدراء مراكز البيانات ومسؤولو أمن المعلومات
1639,بوابة العروض,سلاسل الإمداد وإدارة الشركات,تواجه المنشآت المتوسطة تعقيدات في فرز ومطابقة فواتير المشتريات المتعددة للتأكد من خلوها من شبهات التلاعب بالأسعار من الموردين يدوياً. منصة فحص ومطابقة آلية للفواتير بالذكاء الاصطناعي اللغوي لرصد التجاوزات.,مدراء المشتريات والمحاسبون بالشركات والمنشآت
1640,راصد المداخن,الرقابة البيئية والاستدامة,تواجه الجهات الرقابية بالمدن الصناعية صعوبة في تتبع الانبعاثات الغازية الضارة التي تفرزها المصانع ليلاً بشكل مخالف لأنظمة جودة الهواء. شبكة كاميرات طيفية حرارية ترصد مداخن المصانع وتصنف كثافة ونوع الأدخنة آلياً.,هيئات الرقابة البيئية وإدارات المدن الصناعية
1641,بصمة النحال,حماية المستهلك وسلامة الأغذية,يواجه النحالون صعوبة في إثبات بلد المنشأ والمنحل الفعلي لمنتجات العسل الفاخر لانتشار العسل التجاري والمغشوش بالأسواق. عبوات ذكية مدمجة برمز QR مشفر بالبلوكشين يربط مباشرة بشهادة الفحص المخبري المعتمدة.,"النحالون، منتجو العسل المحلي، ومستهلكو الأغذية"
1642,راصد الضوضاء,المدن الذكية والبيئة السكنية,تعاني الأحياء السكنية المجاورة للمناطق الصناعية أو الطرق الدائرية من تلوث ضوضائي مستمر يؤثر على جودة الحياة دون رصد كمي دقيق. شبكة مستشعرات صوتية جغرافية توزع بالأحياء لرصد مستويات الديسبل وبثها للبلدية.,"البلديات، أمانات المدن، وهيئات التطوير العمراني"
1643,إسناد المقاول,قطاع الإنشاءات والمقاولات,تقع خلافات بين المقاولين والملاك بسبب تأخر توريد كميات الحديد والأسمنت للموقع نتيجة ضعف التنسيق مع المصانع يدوياً. يقدم النظام حلاً يربط جدول الإنجاز الإنشائي الميداني بطلبات التوريد المؤتمتة مع المصانع مباشرة.,"شركات المقاولات، وموردو مواد البناء ومصانع الحديد"
1644,توجيه الأحمال,الطاقة المستدامة وكفاءة التشغيل,"تواجه المنشآت التجارية الكبرى ارتفاعاً في فواتير الكهرباء نتيجة تجاوز ""الحمل الأقصى المستهدف"" في أوقات الذروة اليومية. نظام برمجيا يحلل الاستهلاك ويقوم بفصل أو تقليل إضاءة وتكييف المرافق غير الحيوية آلياً.",المجمعات التجارية وإدارات تشغيل الأبراج والمباني
1645,توطين الصوت,التقنيات اللغوية والإعلام الرقمي,"تواجه منصات الألعاب والرسوم المتحركة المحلية نقصاً في محركات توليد الأصوات والشخصيات الافتراضية بلهجات سعودية طبيعية ومتنوعة (نجدي، حجازي، جنوبي). نموذج ذكاء اصطناعي توليدي مخصص لتوليد الصوت البشري بدقة.","مطورو الألعاب، شركات الإنتاج الإعلامي، والمسوقون"
1646,تحليلات النشر,الإعلام والثقافة وصناعة المحتوى,تفتقر منصات المحتوى والصحف الرقمية لأدوات ذكية تتنبأ بمدى ملاءمة صياغة المقالات لمستويات القراءة لدى الفئات العمرية المختلفة محلياً. أداة تحليل لغوي تحسب مؤشر صعوبة النص العربي واقتراح البدائل بليغاً.,"دور النشر، كتاب المحتوى، والمؤسسات الإعلامية"
1647,بصمة النقاء,جودة وسلامة الأغذية والأعمال,تواجه مصانع تعبئة المياه والمشروبات صعوبة في الرصد اللحظي الدقيق لتغير نسب الأملاح أو التلوث الميكروبي في الخزانات الضخمة قبل التعبئة. منظومة مستشعرات ضوئية كيميائية تقيس النقاء وتبث البيانات لحظياً.,مصانع الأغذية والمشروبات ومفتشو الجودة والسلامة
1648,عالمي التوافقي,رعاية الطفولة والدمج الرقمي,يواجه الأطفال المصابون بمتلازمة داون صعوبة في تطوير المهارات الحركية الدقيقة (كالرسم والكتابة) لغياب الألعاب التعليمية المحفزة. تطبيق ألعاب يستخدم كاميرا الجوال لمتابعة حركة يد الطفل وتوجيهه حركياً وبصرياً.,"الأطفال ذوو متلازمة داون، مراكز التأهيل، والأهالي"
1649,سترة السلامة,الأمن الصناعي والمهني والعمال,يتعرض عمال البناء والمصانع الشاسعة لخطر السقوط المفاجئ من مرتفعات أو الإغماء دون علم المشرف الفوري لإنقاذهم بوقت الأمان. سترة ميدانية مزودة بحساسات اتزان ومؤشرات حيوية تبث استغاثة فورية لغرفة العمليات.,شركات المقاولات والمنشآت الصناعية الكبرى والمصانع
1650,طوافي الديناميكي,تقنيات الحج والعمرة واللوجستيات,يواجه الحجاج صعوبة في الالتزام بجداول ومسارات التفويج المحددة لحملاتهم بالمشاعر لعدم توفر تنبيهات جغرافية فورية وعاجلة تمنع الازدحام. سوار ذكي يعتمد على البلوتوث منخفض الطاقة يوجه الحاج ويرسل التنبيهات.,"الحجاج، شركات الطوافة، ووزارة الحج والعمرة"
1651,حارس النواة,الأمن السيبراني والذكاء الاصطناعي,"تواجه الشركات خطر اختراق ""الشبكات العصبية"" لنماذج الذكاء الاصطناعي عبر هجمات حقن البيانات الخبيثة (Adversarial Attacks) لتضليل قرارات النموذج. برمجية دفاعية تفحص مدخلات النموذج وتكتشف الأنماط المشبوهة وتحيدها.",الشركات التقنية ومطورو خوارزميات التعلم الآلي
1652,نبض الهيكل,إنترنت الأشياء المائي والصناعة,تعاني محطات معالجة الصرف والمنشآت المغمورة من صعوبة الرصد اللاسلكي لتآكل مضخاتها تحت الماء لعدم اختراق موجات الواي فاي للموائع. يقدم المشروع حساسات تعتمد على الموجات الصوتية تحت المائية (Acoustic Telemetry) لبث حالة الآلة.,"محطات المعالجة، شركات المياه، والمهندسون الصناعيون"
1653,تشفير الأمان,حماية البيانات (Homomorphic Encryption),تتخوف المستشفيات من مشاركة السجلات الطبية الحساسة مع مراكز الأبحاث الخارجية للتحليل خوفاً من تسريب الخصوصية القانونية. نظام تشفير متطور يتيح للباحثين إجراء التحليلات الرياضية على البيانات وهي مشفرة كلياً دون فكها.,"مراكز الأبحاث الطبية، المستشفيات، والمنشآت المالية"
1654,بصمة البوليمر,الاستدامة الكيميائية وقطاع الأعمال,تواجه مصانع التعبئة صعوبة في التحقق الفوري من نقاء ومطابقة البلاستيك القابل للتحلل (Bioplastics) للمواصفات القياسية قبل التصنيع لتفادي الغش التجاري. جهاز محمول يحلل الانكسار الضوئي للجزيئات للكشف عن المواد البترولية المخفية.,مصانع التعبئة والتغليف وشركات المنتجات المستدامة
1655,منصة وتيرة,حوكمة سلاسل التوريد المتقدمة,"تواجه شركات تصنيع الإلكترونيات تعقيدات وتأخيراً في التتبع والتحقق من ""بلد المنشأ الأخلاقي"" للمعادن النادرة (كالليثيوم والكوبالت) المستخدمة في اللوحات. منصة توثق رحلة المعدن من المنجم بالبلوكشين لحوكمة الاستدامة.","مصانع الإلكترونيات، إدارات الالتزام، والمستوردون"
1656,راصد الفلورة,سلامة وجودة الأغذية,"تعاني مصانع تعبئة زيت الزيتون البكر من صعوبة كشف عمليات خلطه بزيوت رخيصة ومعالجة كيميائياً لامتلاكها نفس اللون الخارجي تماماً. جهاز فحص يعتمد على ""التحليل الطيفي الفلوري"" يحلل المركبات العضوية للزيت بدقائق بالميدان.","مصانع تعبئة الزيوت، مختبرات الجودة، ومفتشو الصحة"
1657,مرشد التبريد,كفاءة الطاقة واللوجستيات,تستهلك برادات شاحنات نقل اللحوم الضخمة طاقة وقود هائلة لترك التبريد يعمل بأقصى طاقة ثابتة بغض النظر عن انخفاض حمولة المقطورة التدريجي أثناء التوزيع. نظام يربط التبريد بوزن ومساحة الشحنة الحية للتوفير.,شركات النقل اللوجستي المبرد وموزعو الأغذية
1658,تحليلات النسيج,الثقافة والاقتصاد الإبداعي,"يواجه صناع الأفلام والرسوم المتحركة صعوبة في المحاكاة الفيزيائية الرقمية الدقيقة لنمط ثنيات وحركة ""البشت والحجاب"" التراثي داخل ألعاب الفيديو. نموذج رياضي يحاكي الخصائص الميكانيكية للأقمشة المحلية لإخراج حركة طبيعية.","مطورو الألعاب، استوديوهات الأنميشن، والمصممون"
1659,بوابة النيازك,الفضاء وعلم الفلك,يواجه الباحثون الفلكيون ومراكز الرصد صعوبة في الفرز والتمييز الآلي الفوري بين شهب النيازك الطبيعية والحطام الفضائي التالف عند احتراقها بالغلاف الجوي. خوارزمية طيفية بصريّة تحلل بصمة الاحتراق والسرعة لتصنيف الجسم.,الجمعيات والمراكز الفلكية والباحثون الأكاديميون
1660,حارس الموانئ,الأمن والسلامة الملاحية,تواجه بوابات الموانئ خطورة دخول حاويات تحتوي على غازات سامة متسربة داخلياً (كالفوسفين) نتيجة سوء التعبئة مما يهدد حياة المفتشين عند الفتح يدوياً. روبوت مسح دقيق يحقن مجساً غازياً بالصمام قبل فتح الحاوية.,"الجمارك، إدارات تشغيل الموانئ، وفرق السلامة المهنية"
1661,عدسة التجويف,الصيانة الإنشائية والمدن الذكية,تواجه الأمانات صعوبة في الكشف المبكر عن تشكل الفراغات المائية (الكهوف الميكروية) تحت الطبقات الإسفلتية للطرق بفعل تسربات البيارات قبل هبوط الطريق الكارثي. نظام يحلل الترددات الزلزالية الدقيقة الناتجة عن حركة السير.,"الأمانات، البلديات، وشركات فحص التربة والطرق"
1662,تواصل واثق,التقنية القانونية وإدارة المشاريع,تقع خلافات بين مصممي المنتجات والمصانع حول مدى مطابقة القطعة المصنعة فعلياً للشروط الهندسية الدقيقة المذكورة في العقد قبل الدفع المالي. منصة تربط الماسح ثلاثي الأبعاد بالعقد الذكي لتوثيق الاستلام المعتمد آلياً.,"رواد الأعمال، المصانع، والمستشارون القانونيون"
1663,إمداد مرن,سلاسل الإمداد وقطاع التجزئة,تعاني صيدليات التجزئة من تعطل السيولة النقدية بسبب التخزين العشوائي والمفرط لأدوية موسمية منخفضة الطلب (كأدوية الحساسية صيفاً) لغياب التنبؤ اللحظي. نظام يحلل بيانات العيادات المحلية القريبة لأتمتة المخزون.,"الصيدليات، مستودعات الأدوية، وشركات التوزيع"
1664,دليل المعامل,التعليم الطبي والتقني,يواجه الطلاب صعوبة ومخاطرة في فهم ودراسة تأثير الأشعة السينية (X-Rays) وتفاعلها مع الأنسجة البشرية داخل مختبرات الإشعاع لعدم رؤيتها. تطبيق واقع معزز (AR) يسقط مسارات الإشعاع الافتراضية وجرعاتها حياً.,"كليات العلوم الطبية التطبيقية، الجامعات، والطلاب"
1665,تلخيص التشريعات,التقنية القانونية والامتثال,تجد الشركات الناشئة صعوبة وتكلفة في الفرز اليدوي لمئات الصفحات من التنظيمات والاشتراطات المحدثة الصادرة من الهيئات الحكومية المختلفة لاستخراج الالتزامات. أداة ذكاء اصطناعي تفحص وتلخص الفروق بجدول مهام.,"رواد الأعمال، إدارات الامتثال، والمستشارون القانونيون"
1666,راصد المذيبات,البيئة والصحة الصناعية,تعاني الأحياء السكنية المجاورة لمعامل تصنيع الدهانات من انبعاثات مركبات (الفورمالدهيد) غير المرئية التي تؤثر على جودة الهواء والصحة العامة دون رصد مستمر. شبكة مستشعرات نانوية توزع بالأحياء لبث القراءات حية.,"البلديات، هيئات الرقابة البيئية، وسكان المدن"
1667,تفتيش اللحام,البنية التحتية والطاقة النظيفة,تواجه محطات الطاقة الشمسية الحرارية (CSP) مخاطر تسرب أملاح الصهر الساخنة نتيجة شروخ ميكروية خفية في نقاط لحام الأنابيب الضخمة. جهاز فحص محمول يعتمد على الأشعة تحت الحمراء النبضية لكشف الفراغات الهيكلية فوراً.,"محطات الطاقة المتجددة، مهندسو الصيانة، والمشرفون"
1668,بصمة النسيج,حماية المستهلك والاقتصاد الإبداعي,يواجه مقتنو السجاد التراثي الفاخر صعوبة في التحقق من نوع الصبغات المستخدمة (طبيعية نباتية أم كيميائية رخيصة) لتثمين القطعة العادل وتجنب الغش. جهاز فحص طيفي بصري محمول يرتبط بالجوال يحلل جزيئات الأحبار.,"صالات العرض التراثية، الحرفيون، والمشترون"
1669,مرشد الطيران,الطيران بدون طيار والخدمات,"تواجه طائرات الدرونز المخصصة لمسح خطوط الكهرباء مشكلة نفاد البطارية المفاجئ وسط المسافات الشاسعة والنائية، مما يعطل العمليات. نظام ذكي يحلل طاقة الرياح المعاكسة وتضاريس الأرض لإعادة تخطيط مسار العودة الآمن تلقائياً.",شركات الطاقة ومشغلو الدرونز وفنيو الميدان
1670,مستشار الألياف,تقنية المعلومات والاتصالات,تعاني شبكات الإنترنت الضوئية بالمباني الذكية من انخفاض سرعة نقل البيانات نتيجة حدوث شروخ خفية داخل تمديدات كوابل الألياف البصرية لضغط البناء. نظام فحص يحسب ارتداد النبضة الضوئية لتحديد مكان الشرخ بالمليمتر.,شركات كابلات الاتصالات وفنيو صيانة الشبكات
1671,تأهيل الحركة,الرعاية التأهيلية والصحة الرقمية,يواجه المصابون بالوهن العضلي صعوبة وإحباطاً في الاستمرار بجلسات تمارين تقوية الأصابع والمعصم المنزلية التقليدية لغياب التفاعل. قفاز ذكي مدمج بحساسات ضغط مرنة يحول التمارين لألعاب واقع افتراضي (VR) مقاسة.,"مرضى الأعصاب والعضلات، أطباء التأهيل، والمراكز"
1672,بوابة الامتثال,حوكمة البيانات والأمن السيبراني,تتعرض الأنظمة السحابية للمنشآت لخطر الاختراق والسرقة عبر الحسابات الافتراضية المنسية وغير النشطة للموظفين السابقين (Orphan Accounts). برمجية مسح ذكية ترصد الشذوذ في صلاحيات الوصول وتقفل الحسابات تلقائياً.,مدراء أمن المعلومات (CISO) والشركات الكبرى
1673,راصد التآكل,الخدمات الصناعية والموانئ,"تتعرض المبادلات الحرارية الضخمة بالسفن التجارية للتآكل السريع بفعل الملوحة البحرية المستمرة، مما يهدد بتوقف المحرك وسط البحر الكارثي. مستشعرات ليزرية صوتية تزرع بالمبادل تقيس التآكل الهيكلي وتتنبأ بالخلل.","الشركات الملاحية، مهندسو السفن، وإدارات الموانئ"
1674,ملابس الحماية,السلامة المهنية والصناعات الكيميائية,يتعرض العمال في مصانع إنتاج المنظفات والمذيبات لخطر التعرض المباشر للأحماض الحارقة دون علم مشرف السلامة الفوري لحظة الحادث لإسعافه. ملابس ميدانية مدمجة بألياف نانوية يتغير موصلها الكهربائي فور ملامسة الحمض للبث.,"مصانع الكيماويات، مسؤولو السلامة، والقطاعات الصناعية"
1675,موسم مرن,إدارة الحشود والفعاليات والمتاحف,تواجه المعارض الثقافية الدولية ارتباكاً وتأخيراً في التوزيع اللحظي للمترجمين الفوريين داخل الأجنحة بناءً على تذبذب تدفق الوفود الأجنبية وتنوع لغاتهم. تطبيق يحلل لغة الزوار عبر الكاميرات لتوجيه المترجم الأنسب جغرافياً.,منظمو المؤتمرات الدولية ولجان البروتوكول والوفود
1676,شحن لاسلكي,المدن الذكية واللوجستيات الجوية,تواجه طائرات درونز التوصيل مشكلة الحاجة لتعطيل العمليات والعودة للمقر لشحن البطارية يدوياً لغياب نقاط شحن ميدانية آمنة بالمدن. يقدم المشروع منصات هبوط فوق أسطح الحافلات مدمجة بتقنية الشحن اللاسلكي الرنيني لـلـذاتي.,"شركات الشحن اللوجستي، مطورو المدن الذكية، والمرور"
1677,أولوية الصيانة,صيانة المدن والعمليات البلدية,تواجه البلديات صعوبة في الرصد والمراقبة الفورية لتآكل وهبوط الأرصفة الإسمنتية المخصصة للمشاة في الأحياء لترتيب ميزانيات صيانة الأولوية. نظام كاميرات يركب على عربات التنظيف يمسح الأرصفة برؤية الحاسوب لتصنيف العيوب.,"البلديات، أمانات المدن، وهيئات التطوير العمراني"
1678,تدوين النقوش,الثقافة والتراث والتقنيات اللغوية,يجد سياح المواقع الجبلية صعوبة في فهم واستيعاب المعاني التاريخية خلف الرسوم الصخرية القديمة للحيوانات والمعارك لغياب المرشدين الميدانيين بانتظام. تطبيق يحلل معالم الرسم الصخري بالكاميرا ويعرض قصة بصرية متحركة.,"السياح، الزوار، وهيئات تطوير المواقع الأثرية والثقافية"
1679,فرز النانو,إعادة التدوير والاستدامة البيئية,"تواجه مصانع تدوير بطاريات الليثيوم التالفة خطورة وبطء في فرز واستخلاص مسحوق ""الكوبالت الأسود"" من تجمعات النفايات الكيميائية المختلطة بالبلاستيك. نظام يعتمد على الفحص البصري الكيميائي وحساسات الكثافة للمائع.",مصانع تدوير النفايات الكيميائية وشركات الاستدامة
1680,وسم العهد,إدارة الشركات والحوكمة والعمليات,تعاني مستودعات المعدات الطبية بالمستشفيات من صعوبة الجرد السنوي اليدوي لآلاف الأجهزة الحساسة الصغيرة (كأدوات فحص العين) وضياع بعضها لضعف التوثيق. يوفر النظام جرد رقمي يربط الأجهزة بأوسمة (NFC) للمسح.,إدارات المستودعات والعمليات والتموين بالمستشفيات
1681,مرشد الطواف,تقنيات الحج والعمرة والمدن,يواجه الحجاج المكفوفون حيرة وصعوبة كبيرة في الحفاظ على المسار المستقيم داخل مسارات السعي المزدحمة لغياب التوجيه الحركي المستقل بمفردهم. سوار معصم ذكي يرتبط بحساسات جغرافية يصدر اهتزازاً توجيهياً يمنع الانحراف.,الحجاج والمعتمرون المكفوفون وضعاف البصر
1682,مسار الصهريج,النقل واللوجستيات وسلاسل الإمداد,تشكل صهاريج نقل مياه التبريد الصناعي الضخمة خطورة انزلاق للمقطورة عند كبح المكابح المفاجئ بسبب قوة ارتداد موجة المائع بالداخل. نظام صمامات ديناميكية داخل الصهريج تتحرك آلياً لامتصاص كينتيكا السائل وحفظ الاتزان.,"شركات النقل الثقيل، سلاسل الإمداد اللوجستي، والمرور"
1683,بصيرة الجداول,دعم المكفوفين والتعليم الشامل,يواجه الطلاب المكفوفون صعوبة بالغة في قراءة واستيعاب المخططات الدائرية والخرائط الذهنية المتواجدة في المناهج التعليمية الرقمية. يوفر التطبيق أداة تحول أجزاء المخطط والروابط لوصف صوتي متسلسل يشرح العلاقات بدقة.,الطلاب المكفوفون والمؤسسات التعليمية والمدارس
1684,أمان التعليب,سلامة الأغذية والصحة العامة,تواجه مصانع تعليب التونة والمأكولات البحرية صعوبة في الكشف التلقائي عن وجود عيوب دقيقة في طبقة الطلاء الداخلي للعلبة (تآكل الورنيش) مما يسبب تسمماً كيميائياً للمنتج. نظام فحص طيفي ليزري يمسح جوف العلبة آلياً.,"مصانع الأغذية، مختبرات الجودة، ومفتشو البلديات"
1685,منصة تدوير,الاستدامة البيئية وإعادة المعالجة,تواجه منشآت غسيل السيارات تعقيدات في الفلترة الذكية وإعادة الاستخدام التلقائي للمياه الرمادية الملوثة بالزيوت والشحوم لضعف كفاءة الفلاتر التقليدية الثابتة. نظام فلترة غشائية ذكي يقيس نقاء السائل ويوجه الفلترة آلياً.,"مغاسل السيارات، شركات الاستدامة، والجهات البيئية"
1686,تحكيم العقود,حوكمة الشركات والتقنية القانونية,"تقع نزاعات مالية بين شركات التطوير العقاري ومكاتب المقاولات حول شروط استرداد مبالغ ""العقود المرنة"" عند تغير أسعار حديد التسليح عالمياً. عقود ذكية (Smart Contracts) تحدث التكلفة آلياً بناءً على بورصة المعادن.","الشركات التجارية، المقاولون، وإدارات المشتريات والتموين"
1687,مرسى الصيانة,اللوجستيات والنقل البحري والأمن,يواجه الفنيون صعوبة في الفحص الدوري التلقائي لخلو الهياكل المعدنية المغمورة لليخوت من التشققات الدقيقة الناتجة عن اصطدام الصخور لخطورة الغوص الدوري. غواصة مسيرة صغيرة (ROV) تمسح الهيكل بالموجات الصوتية الفوقية.,"ملاك اليخوت، المنشآت الملاحية، وورش الصيانة البحرية"
1688,نبض الخادم,تقنية المعلومات والأمن السيبراني,"تتعرض الخوادم السحابية لهجمات سيبرانية خفية تعتمد على استغلال ""الثغرات الجانبية للقنوات الحرارية"" (Thermal Side-Channel Attacks) لسرقة مفاتيح التشفير. نظام يحلل الشذوذ في تدفق الحرارة للتوزيع لمعالجة الهجوم الفوري.",مدراء أمن المعلومات (CISO) ومراكز البيانات السحابية
1689,بوابة العروض,سلاسل الإمداد للشركات وحوكمتها,تواجه المنشآت تعقيدات وتواطؤات في الفحص اليدوي لعروض الأسعار للتأكد من خلو الموردين من شبهات الاحتكار أو الاتفاق المسبق على الأسعار (Bid Rigging). خوارزمية ذكية تحلل التراكيب السعرية والأنماط التاريخية لكشف الشبهات.,"مدراء المشتريات، إدارات الحوكمة والمراجعة بالشركات"
1690,راصد المداخن,الرقابة البيئية والاستدامة والصناعة,تواجه الجهات الرقابية بالمدن الصناعية صعوبة في الرصد اللحظي لانبعاثات غاز (ثاني أكسيد الكبريت) الضار من مداخن مصانع صهر المعادن بانتظام. شبكة مستشعرات طيفية تركب بقمة المدخنة تبث كثافة ونوع الغاز حياً للبلدية.,"هيئات الرقابة البيئية، الوزارات، وإدارات المدن الصناعية"
1691,بصمة النحال,حماية المستهلك وسلامة الأغذية,يواجه النحالون صعوبة في إثبات نقاء العسل ومصدره من زهور السدر البلدي الفاخر للمشترين عبر المنصات لانتشار المنتجات التجارية المغشوشة. عبوات ذكية برمز QR مسجل بالبلوكشين يربط مباشرة بشهادة الفحص النظيري المعتمدة.,"النحالون، منتجو العسل المحلي، ومستهلكو الأغذية العضوية"
1692,راصد الضوضاء,المدن الذكية والبيئة والتخطيط,تعاني الأحياء القريبة من المجمعات الترفيهية المفتوحة من تلوث ضوضائي مستمر يؤثر على جودة الحياة وصعوبة رصد النطاق الجغرافي للصوت يدوياً. شبكة مستشعرات جغرافية تقيس مستويات الديسبل وتولد خرائط حرارية للصخب.,"البلديات، أمانات المدن، وهيئات التطوير والتخطيط العمراني"
1693,إسناد المقاول,قطاع الإنشاءات والمقاولات واللوجستيات,تقع خلافات بين المقاولين والملاك بسبب تأخر توريد شحنات زجاج الواجهات للمبنى لضعف التنسيق مع مصانع الزجاج يدوياً وسط ضغط العمل الميداني. نظام يربط جدول الإنجاز الميداني بطلبات الإنتاج والتوصيل آلياً مع المصنع.,"شركات المقاولات، مصانع الزجاج، وموردو مواد البناء"
1694,توجيه الأحمال,الطاقة المستدامة وكفاءة الطاقة,تواجه المستشفيات الكبرى ارتفاعاً هائلاً في تكلفة فواتير الكهرباء نتيجة تشغيل أنظمة الإضاءة والتكييف بكامل الطاقة في الممرات والأقسام الإدارية الشاغرة ليلاً. نظام يحلل الحركة البصرية ويخفض الأحمال تلقائياً للتوفير.,"المستشفيات، المراكز الطبية، وإدارات صيانة المرافق"
1695,توطين الصوت,التقنيات اللغوية والذكاء الاصطناعي,تواجه منصات الألعاب والواقع الافتراضي المحلية نقصاً في محركات توليد الشخصيات الافتراضية بنبرات صوتية طبيعية تدعم اللهجة البدوية أو الجبلية القديمة بدقة. نموذج ذكاء اصطناعي لغوي لتوليد الصوت البشري الموزون ثقافياً.,"مطورو الألعاب، شركات الإنتاج، والمسوقون وصناع المحتوى"
1696,تحليلات النشر,الإعلام والثقافة وصناعة المحتوى,تفتقر الصحف الرقمية لأدوات ذكية تقيس بدقة مدى ملاءمة تراكيب الجمل وصياغة المقالات الثقافية لمستويات القراءة لدى فئة اليافعين محلياً لتوجيه النشر. أداة تحليل لغوي تحسب مؤشر صعوبة النص العربي واقتراح البدائل.,"دور النشر، كتاب المحتوى، والمؤسسات الإعلامية والثقافية"
1697,بصمة النقاء,جودة وسلامة الأغذية والمشروبات,تواجه مصانع تعبئة العصائر الطبيعية صعوبة في الرصد اللحظي الميكروي لتغير مستويات التخمر أو نمو الخمائر في خزانات التحضير الضخمة قبل التعبئة لمنع الفساد. منظومة مستشعرات ضوئية كيميائية تقيس النقاء وتبث البيانات حية.,"مصانع الأغذية والمشروبات، ومفتشو الجودة والسلامة"
1698,عالمي التوافقي,رعاية الطفولة والدمج الرقمي والشامل,"يواجه الأطفال المصابون باضطراب التوحد المتقدم صعوبة خطيرة في تمييز تعابير وجوه المحيطين بهم (غضب، حزن، فرح) مما يعيق اندماجهم الاجتماعي. تطبيق واقع معزز (AR) يحلل تعابير الشخص ويسقط رمزاً تعبيرياً مبسطاً يفهمه الطفل.","الأطفال ذوو اضطراب التوحد، مراكز الرعاية، والأهالي"
1699,سترة السلامة,الأمن الصناعي والمهني واللوجستيات,يتعرض فنيو صيانة خطوط السكك الحديدية بالصحراء لخطر ضربات الشمس أو الجفاف الحاد دون علم مشرف الموقع الميداني فوراً لإنقاذهم بانتظام. سترة ميدانية مزودة بألياف تقيس العلامات الحيوية وتبث الاستغاثة لحظياً لغرفة العمليات.,"شركة سار (SAR)، شركات المقاولات، ومدراء السلامة المهنية"
1700,طوافي الديناميكي,تقنيات الحج والعمرة وإدارة الحشود,يواجه الحجاج ارتباكاً وتكدساً عند أبواب ومخارج محطات حافلات النقل الترددي بالمشاعر لغياب التوجيه اللحظي بناءً على جاهزية الحافلة للانطلاق. نظام يحلل حركة الحافلات وكاميرات الرصيف ليوجه الحجاج عبر شاشات ذكية.,"الحجاج، شركات الطوافة، وزارة الحج، وهيئات تشغيل النقل"
1701,كود الحماية,تشفير البيانات والأمن سيبراني,"تواجه المنشآت الحيوية خطر اختراق مفاتيح التشفير الحالية عند هجمات ""التنصت على القنوات الجانبية الكهرومغناطيسية"" (EM Side-Channel). يوفر المشروع نظام حماية برمجياً يولد نبضات كهرومغناطيسية وهمية لتشويش المخترقين وحماية الخادم.",مدراء أمن المعلومات (CISO) بالبنوك والمنشآت الحيوية
1702,نبض الشفرة,تقنيات التصنيع وأشباه الموصلات,تواجه مصانع الرقاقات الإلكترونية عيوباً بالغة نتيجة حدوث تباين غير مرصود في سماكة طبقة الأكسيد النانوية أثناء الترسيب الكيميائي (CVD). يقدم المشروع نظام فحص يعتمد على قياس الاستقطاب الليزري (Ellipsometry) للضبط الفوري.,مصانع أشباه الموصلات ومهندسو النانو تكنولوجي
1703,راصد النتروجين,الاستدامة والأمن البيئي المائي,"تتعرض البحيرات الاصطناعية والمزارع المائية لخطر ""الازدهار الطحلبي القاتل"" نتيجة الترسب المفاجئ لمركبات النتروجين دون كشف استباقي. منظومة مستشعرات كيميائية بصرية تحلل طيف النقاء وتتنبأ بالنمو قبل حدوثه.","هيئات تطوير المدن، المحميات، ومستثمرو الاستزراع"
1704,إسناد التردد,اتصالات الجيل السادس (6G),"تعاني شبكات الاتصالات المستقبلية من التداخل الموجي الحاد عند حركة الطائرات بدون طيار بسرعة عالية في النطاقات الترددية (Terahertz). خوارزمية ذكية تتنبأ بظاهرة ""دوپلر"" وتعدل زوايا البث لحظياً لمنع انقطاع البيانات.",شركات الاتصالات ومطورو أنظمة الملاحة الجوية
1705,منصة وتيرة,حوكمة الأصول والمقتنيات الثقافية,يواجه مقتنو ومتحفو المخطوطات الإسلامية القديمة صعوبة في إثبات سجل الملكية الشرعي والتاريخي للقطعة ومنع تهريبها أو تزويرها. منصة توثق شهادات الأصالة والملكية التاريخية كبصمة رقمية مشفرة بالبلوكشين.,"المتاحف الوطنية، دور المزادات، والباحثون التاريخيون"
1076,حصاد الموائع,الطاقة المستدامة وتحلية المياه,تذهب طاقة الضغط الهيدروليكي المهدرة أثناء عملية طرد الأملاح في أغشية التناضح العكسي بمحطات التحلية دون استغلال اقتصادي. يقدم المشروع توربينات صمامية ميكروية تسترد هذا الضغط وتحوله لتيار كهربائي تشغيلي.,محطات تحلية المياه ومهندسو الاستدامة الصناعية
1707,مرشد المدار,علوم الفضاء والطيران,يواجه مطورو التلسكوبات الفضائية الصغيرة صعوبة في التوجيه البصري الدقيق نحو النجوم لاهتزاز الهيكل الناتج عن حركة المحركات الداخلية (Reaction Wheels). برمجية عزل ديناميكي تحلل الترددات وتلغي الاهتزاز ذاتياً.,مراكز أبحاث الفضاء والمهندسون والمطورون الأكاديميون
1708,تحليلات النقاء,الصناعات الكيميائية والنفطية,"تواجه مصانع إنتاج البوليمرات الطبية خطورة تفاوت نسب المحفزات الكيميائية المتبقية في البلاستيك، مما قد يجعله ساماً للاستخدام الطبي. نظام يحلل الرنين المغناطيسي النووي (NMR) على خط الإنتاج لفرز الدفعات.",شركات البتروكيماويات ومصانع المستلزمات الطبية
1709,حارس الطرفية,الأمن السيبراني وإنترنت الأشياء,تتعرض أجهزة الاستشعار الطرفية (Edge Devices) في حقول النفط لخطر الاختراق الفيزيائي واستخراج مفاتيح التشفير عبر التلاعب بجهد الطاقة (Fault Injection). برمجية أمنية تقفل شريحة المعالج فور رصد أي تذبذب.,شركات الغاز والنفط ومدراء تقنية المعلومات والأمن
1710,بوابة النزاهة,حوكمة الشركات والتقنية القانونية,تواجه الهيئات الحكومية تعقيدات وبطء في مراجعة وتدقيق اللوائح الداخلية للشركات للتأكد من خلوها من بنود تحتمل الاحتكار أو مخالفة حماية المنافسة. نظام يطابق نصوص اللوائح بأنظمة حماية المنافسة آلياً.,"الهيئة العامة للمنافسة، المحامون، وإدارات الالتزام"
1711,عدسة التجويف,الصيانة الصناعية والطاقة,"تعاني الغلايات الضخمة بمصانع البتروكيماويات من حدوث شروخ خفية خلف طبقات العزل الحراري الداخلي السيراميكي، مما يهدد بإنفجارها. جهاز مسح حراري بالأشعة تحت الحمراء الموجية يكتشف الفراغات الهيكلية.",مهندسو الصيانة والمصانع ومسؤولو السلامة المهنية
1712,تواصل واثق,التقنية القانونية وعقود الأعمال,تقع نزاعات بين شركات البرمجة والعملاء حول مدى التزام المطورين بتسليم الأكواد خالية من الثغرات الأمنية المذكورة في شروط العقد. منصة تفحص الثغرات سيبرانياً وتطلق دفعة المال من العقد الذكي تلقائياً عند النقاء.,"الشركات التقنية الناشئة، المبرمجون، والقانونيون"
1713,إمداد مرن,سلاسل الإمداد والخدمات اللوجستية,تعاني مستودعات المواد الكيميائية الحساسة من تلف الشحنات نتيجة تجاوز نسب الرطوبة في أرفف معينة لغياب التحكم الديناميكي بفتحات التهوية المركزية. نظام إنترنت أشياء يوزع الهواء بناءً على قراءات الحساسات حياً.,مستودعات المواد الصناعية والمنشآت اللوجستية
1714,دليل المعامل,التقنيات التعليمية ومختبرات الكيمياء,يواجه الطلاب صعوبة ومخاطرة في فهم ودراسة تفاعلات الأحماض النووية العضوية داخل المختبرات لعدم إمكانية رؤية الروابط الجزيئية بالعين. تطبيق واقع معزز (AR) يسقط تراكيب الجزيئات ثلاثية الأبعاد تفاعلياً حياً.,"الجامعات، المعاهد العلمية، ومعلمو الكيمياء والعلوم"
1715,تلخيص التشريعات,التقنية القانونية (RegTech),يستغرق مستشارو الالتزام بالبنوك وقتاً طويلاً في الفرز اليدوي لمئات الصفحات من التشريعات المالية الصادرة من المنظمين الدوليين لمطابقتها محلياً. أداة ذكاء اصطناعي تفحص وتستخرج الفروق بجدول تنفيذي.,إدارات الالتزام والرقابة بالبنوك والمؤسسات المالية
1716,راصد المذيبات,البيئة والصحة الصناعية,تعاني الأحياء السكنية القريبة من مصانع تكرير الزيوت من انبعاثات مركبات (البنزين) غير المرئية التي تؤثر على جودة الهواء والصحة العامة دون رصد مستمر. شبكة مستشعرات جيو-مكانية نانوية تبث القراءات حية للبلدية.,"البلديات، هيئات الرقابة البيئية، وسكان المدن"
1717,تفتيش اللحام,صناعة الطيران وصيانة الطائرات,يواجه فنيو الصيانة صعوبة في فحص سلامة نقاط اللحام الجزيئي لأجنحة الطائرات للتأكد من خلوها من التشققات الميكروية الناتجة عن ضغط الجو. جهاز فحص يعتمد على التيارات الدوامية عالية التردد (ECT) للكشف الفوري.,"شركات الطيران، مهندسو الصيانة، وإدارات السلامة الجوية"
1718,بصمة النسيج,الثقافة والاقتصاد الإبداعي والاستدامة,يجد مصممو الأزياء صعوبة في التمييز السريع بين الحرير الطبيعي الفاخر والحرير الصناعي المعالج كيميائياً في بالات الشراء الضخمة لتفادي الغش. جهاز فحص طيفي محمول يرتبط بالجوال يحلل نسيج القماش ومكوناته بدقائق.,"مصممو الأزياء، مصانع النسيج، والمشترون"
1719,مرشد الطيران,الطيران بدون طيار والمدن الذكية,"مع تزايد استخدام الدرونز في التوصيل الحركي، تواجه الهيئات خطورة تصادم الطائرات في النطاقات منخفضة الارتفاع لغياب نظام إدارة مرور جوي ميكروي. منصة سحابية تنظم وتجدول مسارات وأوقات الرحلات آلياً.",هيئات الطيران المدني والشركات المشغلة للدرونز
1720,مستشار الألياف,الاتصالات وتقنية المعلومات,تعاني شبكات الإنترنت الضوئية من بطء وتوقف مؤقت نتيجة انحناء أو التواء كوابل الألياف البصرية (Fiber Optics) داخل التمديدات الأرضية دون معرفة مكان الخلل. نظام فحص نبضي يحسب ارتداد الضوء لتحديد نقطة الالتواء بالمليمتر.,شركات الاتصالات وفنيو صيانة الشبكات الأرضية
1721,تأهيل النطق,الرعاية التأهيلية والصحة الرقمية,يواجه البالغون المصابون بحبسة كلامية إثر الحوادث إحباطاً من تمارين مخارج الحروف التقليدية لغياب التوجيه البصري الفوري لحركة اللسان والشفاه. تطبيق يستخدم رؤية الحاسوب لمتابعة حركة الفم وتصحيحها برمجياً.,"مراكز التأهيل الطبي، أخصائيو النطق، والمرضى"
1722,بوابة الامتثال,العمليات الرقمية وحوكمة البيانات,تواجه المنصات المالية الناشئة خطورة تسريب بيانات العملاء عبر ثغرات في واجهات برمجة التطبيقات (APIs) غير المحوكمة والمنسية (Shadow APIs). برمجية مسح مستمر تكتشف البوابات المفتوحة وتقفل الصلاحيات تلقائياً.,مدراء أمن المعلومات (CISO) والشركات التقنية المالية
1723,راصد التآكل,البيئة البحرية والمنشآت الساحلية,تتعرض القواعد الحديدية لعنافات الرياح الساحلية أو أرصفة الموانئ للتآكل الكيميائي السريع بفعل الملوحة الرطبة دون رصد داخلي مبكر. مستشعرات كهرومغناطيسية تزرع بالهيكل تقيس المقاومة وتتنبأ بعمر المعدن.,"شركات تشغيل الموانئ، هيئات الطاقة، والملاك"
1724,ملابس الحماية,السلامة المهنية والأمن الصناعي,يتعرض فنيو الصيانة في مصانع الأسمدة لخطر التسمم بالأمونيا نتيجة حدوث تسريبات غازية مفاجئة دون علم مشرف الموقع فوراً لإنقاذهم. ملابس ميدانية مدمجة بحساسات كيميائية ومؤشرات حيوية تبث استغاثة لغرفة التحكم.,"مصانع المواد الكيميائية، شركات الطاقة، ومدراء السلامة"
1725,موسم مرن,إدارة الحشود والتوظيف المؤقت,تواجه المتاحف والمجمعات الترفيهية صعوبة في التوزيع اللحظي للمترجمين الفوريين داخل الأجنحة بناءً على التغير المفاجئ في تدفق الزوار وتكدسهم. يحلل التطبيق لغة الزوار عبر الكاميرات لتوجيه المترجم الأنسب جغرافياً.,منظمو المؤتمرات الدولية ولجان البروتوكول والوفود
1726,شحن لاسلكي,المدن الذكية وتقنيات الدرونز,تواجه طائرات الدرونز المخصصة للمراقبة الأمنية بالمجمعات الشاسعة مشكلة الحاجة للعودة للمقر كل نصف ساعة لشحن البطارية يدوياً. يقدم المشروع منصات هبوط مدمجة بتقنية الشحن اللاسلكي الرنيني لشحن الطائرة ذاتياً بالميدان.,"المنشآت الصناعية، المجمعات السكنية، وشركات الأمن"
1727,أولوية الصيانة,العمليات البلدية وصيانة المدن,تواجه الأمانات صعوبة في الفرز الميداني الفوري لدرجة خطورة وتأثير هبوط الإسفلت حول أغطية الصرف الصحي لترتيب مهام الصيانة. نظام يركب على سيارات النقل يحلل الارتجاجات عبر مستشعرات التسارع لتحديد موقع العيب.,"الأمانات، البلديات، وشركات صيانة الطرق"
1728,تدوين النقوش,الثقافة والتراث والتقنيات الرقمية,يجد سياح المواقع الأثرية (مثل جبة وحائل) صعوبة في فهم المعاني التاريخية خلف النقوش الثمودية واللحيانية القديمة على الصخور. تطبيق يحلل صورة النقش بالكاميرا ليترجمه فوراً إلى العربية الفاصيحة والإنجليزية مع سرد قصته.,"السياح، الزوار، وهيئات تطوير المواراث والثقافة"
1729,فرز النانو,إعادة التدوير والاستدامة البيئية,تواجه مصانع تدوير الإلكترونيات صعوبة وبطء في فرز واستخلاص العناصر الأرضية النادرة (كالنيوديميوم) من الأجهزة التالفة الدقيقة لخلطها بالبلاستيك والمعادن. نظام يعتمد على الفرز الليزري الطيفي لفرز العناصر آلياً.,مصانع تدوير النفايات التقنية وشركات البيئة
1730,وسم العهد,إدارة الشركات والحوكمة والعمليات,تعاني المختبرات الجامعية من صعوبة الجرد السنوي اليدوي لآلاف الأدوات والمعدات الزجاجية الدقيقة الحساسة وضياع بعضها لضعف التوثيق الموحد. يوفر التطبيق نظام جرد يربط العهد بأوسمة (NFC) للمسح الفوري الجماعي.,إدارات المختبرات والعمليات بالجامعات والمنشآت
1731,مرشد الطواف,تقنيات الحج والعمرة والضيافة,يواجه المعتمرون من ذوي الاحتياجات الخاصة (مستخدمو الكراسي الذكية) صعوبة في تحديد المسارات والمنحدرات الخالية من الحواجز الهندسية داخل الحرم. تطبيق يوفر خرائط داخلية حية مخصصة لمسارات الكراسي.,المعتمرون ذوو الاحتياجات الخاصة وإدارات التشغيل
1732,مسار الصهريج,النقل واللوجستيات وسلاسل الإمداد,تشكل شاحنات نقل المواد الكيميائية خطورة انقلاب حاد عند عبور المنعطفات بسبب حركة السائل داخل الصهريج لغياب رصد الاتزان اللحظي. يقدم المشروع حساسات ضغط ديناميكية تحلل حركة الموائع وتحذر السائق برمجياً.,"شركات نقل المواد الخطرة، أمن الطرق، واللوجستيات"
1733,بصيرة الجداول,دعم المكفوفين والتعليم الشامل,يواجه الطلاب المكفوفون صعوبة بالغة في قراءة وفهم الجداول الإحصائية والمصفوفات الرياضية المعقدة المتواجدة في المناهج الرقمية. يوفر التطبيق أداة برمجية تحلل محاور الجدول وتحولها لوصف صوتي ذكي يشرح العلاقات.,الطلاب المكفوفون والمؤسسات التعليمية والمدارس
1734,أمان التعليب,سلامة الأغذية والصحة العامة,تواجه مصانع تعليب الألبان صعوبة في التأكد اللحظي من خلو العبوات الكرتونية من ثقوب ميكروية قد تسبب فساد المنتج وتغير مذاقه قبل الشحن للمتاجر. يقدم المشروع نظام فحص ضوئي ليزري سريع للكشف عن عيوب الإغلاق آلياً.,مصانع الأغذية ومفتشو الجودة والسلامة والبلديات
1735,منصة تدوير,الاستدامة البيئية وإعادة المعالجة,"تواجه الفنادق والمجمعات صعوبة في التخلص البيئي الآمن من زيوت الطهي المستعملة بكميات ضخمة، مع انتشار عمليات بيعها العشوائي الضار بالصحة. منصة لوجستية تنظم جمع الزيوت آلياً وتوجيهها لمصانع الوقود الحيوي المعتمدة.","الفنادق، المطاعم الكبرى، ومصانع إنتاج البيوديزل"
1736,تحكيم العقود,حوكمة الشركات والتقنية القانونية,تقع نزاعات مالية بين الشركات الهندسية وموردي قطع الغيار حول شروط استرداد المبالغ عند إلغاء أوامر التوريد لغياب الحوكمة الفورية. يقدم المشروع عقوداً ذكية (Smart Contracts) تحسب وترجع المستحقات آلياً حسب البنود.,"الشركات التجارية، الموردون، وإدارات المشتريات"
1737,مرسى الصيانة,اللوجستيات والنقل البحري,"يواجه ملاك السفن السياحية واليخوت صعوبة في الرصد التلقائي لنشوء كتل ""الأعشاب والقشريات البحرية"" (Biofouling) أسفل هيكل السفينة مما يقلل سرعتها ويزيد استهلاك الوقود. نظام كاميرات تحت مائي يحلل نمو الكتل آلياً.","ملاك اليخوت، الشركات الملاحية، وورش الصيانة البحرية"
1738,نبض الخادم,تقنية المعلومات والأمن السيبراني,تتعرض خوادم المؤسسات لهجمات سيبرانية مخفية تعتمد على رفع حرارة المعالجات عمداً لتدمير الأجهزة في غياب أنظمة الرصد البرمجي الميكروي. نظام يراقب الشذوذ في استهلاك الطاقة وحرارة الأنوية للحجب الفوري للهجوم.,مدراء مراكز البيانات ومسؤولو أمن المعلومات
1739,بوابة العروض,سلاسل الإمداد وإدارة الشركات,تواجه المنشآت المتوسطة تعقيدات في فرز ومطابقة فواتير المشتريات المتعددة للتأكد من خلوها من شبهات التلاعب بالأسعار من الموردين يدوياً. منصة فحص ومطابقة آلية للفواتير بالذكاء الاصطناعي اللغوي لرصد التجاوزات.,مدراء المشتريات والمحاسبون بالشركات والمنشآت
1740,راصد المداخن,الرقابة البيئية والاستدامة,تواجه الجهات الرقابية بالمدن الصناعية صعوبة في تتبع الانبعاثات الغازية الضارة التي تفرزها المصانع ليلاً بشكل مخالف لأنظمة جودة الهواء. شبكة كاميرات طيفية حرارية ترصد مداخن المصانع وتصنف كثافة ونوع الأدخنة آلياً.,هيئات الرقابة البيئية وإدارات المدن الصناعية
1741,بصمة النحال,حماية المستهلك وسلامة الأغذية,يواجه النحالون صعوبة في إثبات بلد المنشأ والمنحل الفعلي لمنتجات العسل الفاخر لانتشار العسل التجاري والمغشوش بالأسواق. عبوات ذكية برمز QR مسجل بالبلوكشين يربط مباشرة بشهادة الفحص المخبري المعتمدة.,"النحالون، منتجو العسل المحلي، ومستهلكو الأغذية العضوية"
1742,راصد الضريبة,التقنية المالية والحوكمة,"تستغرق مراجعة الفواتير يدوياً في الشركات وقتاً طويلاً للتأكد من امتثالها لضريبة القيمة المضافة واحتساب الاسترداد بدقة نظامية. نظام ذكي يقوم بمسح، فحص، ومطابقة الفواتير بمتطلبات هيئة الزكاة والضريبة آلياً.",المحاسبون وإدارات الامتثال المالي بالشركات الكبرى
1743,صيانة التكييف,إدارة المرافق وكفاءة الطاقة,تعاني الأبراج والمجمعات من التوقف المفاجئ لأنظمة التكييف المركزي نتيجة غياب الصيانة التنبؤية الصوتية للضواغط الكبرى. نظام يحلل التغير في ترددات صوت طنين الضاغط للكشف عن الأعطال الميكانيكية قبل حدوثها.,شركات الصيانة وإدارات تشغيل المباني والأبراج
1744,منصة إدماج,التقنيات التعليمية والدمج الرقمي,يواجه الأطفال ذوو صعوبات التعلم (كالتشتت وبطء القراءة) فجوة في الاستيعاب عبر المناهج التقليدية الثابتة الجافة. منصة تحول المناهج لقصص تفاعلية ثلاثية الأبعاد (3D) تتغير ديناميكياً لتناسب وتيرة الطفل.,"الأطفال ذوو صعوبات التعلم، المدارس، والأهالي"
1745,تأمين السفر,تقنيات التأمين (InsurTech),تستغرق إجراءات تقديم مطالبات التعويض عن تأخر أو إلغاء الرحلات الجوية وقتاً ومعاملات ورقية طويلة ترهق العميل والشركة. يقدم المشروع عقوداً ذكية ترتبط ببيانات الطيران وتصرف التعويض للمسافر فورياً.,شركات التأمين والمسافرون عبر الخطوط الجوية
1746,مخزون مرن,اللوجستيات وسلاسل الإمداد,"تعاني شركات الأغذية من هدر مساحات التبريد الشاغرة في مستودعاتها، بينما تواجه شركات أخرى نقصاً حاداً بالمواسم. منصة تشارك اقتصادي تتيح للمنشآت تأجير المساحات التبريدية الفائضة بشكل مرن ومؤقت.",شركات الأغذية والمشروبات ومدراء المستودعات اللوجستية
1747,راصد السدود,البنية التحتية والسلامة المدنية,يصعب فحص ورصد التشققات الهيكلية الدقيقة في جدران السدود الخرسانية الشاسعة بشرياً وبشكل دوري آمن لخطورة الميدان. يعتمد المشروع على طائرات مسيرة (Drones) بخوارزميات مسح بصري ثلاثي الأبعاد.,وزارة المياه والبيئة والمهندسون الإنشائيون وفرق السلامة
1748,مسار السياح,السياحة والترفيه البري والاستكشاف,يواجه هواة الرحلات البرية خطر الضياع عند انقطاع شبكات الاتصال الخلوية في الصحاري الشاسعة والوديان البعيدة. تطبيق يوفر شبكة ملاحة وتوجيه جيو-مكانية تعتمد على موجات الراديو القصيرة والتواصل المباشر.,هواة الرحلات البرية وسياح الاستكشاف والمجموعات
1749,فرز التمور,الزراعة الذكية والأمن الغذائي,يواجه مصدرو التمور صعوبة في تصنيف نقاء التمور من الداخل (خلوها من جفاف النواة) يدوياً وبسرعة دون إتلافها بالكسر. نظام فرز آلي يعتمد على الأشعة السينية النبضية والتعلم الآلي للتصنيف الفوري.,مصانع تعبئة التمور والمزارعون والمصدرون والتجار
1750,جرعتي الآمنة,رعاية ودعم المكفوفين والدمج,يواجه المرضى المكفوفون خطورة خلط الأدوية أو تناول جرعات خاطئة عند تواجدهم بمفردهم لعدم وضوح وقراءة العلب. تطبيق يتيح للمكفوفين مسح علبة الدواء بجوالهم ليقوم المساعد الصوتي بقراءة الجرعة بدقة.,المكفوفون وضعاف البصر والصيادلة والمراكز الطبية
1751,نظام مراقبة جدة بالواقع المعزز,المدن الذكية,نظام مراقبة مخصص لـ جدة يعمل بالواقع المعزز ويهدف لتسهيل الوصول للخدمات ضمن قطاع المدن الذكية.,جدة
1752,حل رقمي الأسر بالنماذج اللغوية,المالية,حل رقمي مخصص لـ الأسر يعمل بالنماذج اللغوية ويهدف لرفع جودة الحياة ضمن قطاع المالية.,الأسر
1753,نظام مراقبة كبار السن بالواقع المعزز,الصحة,نظام مراقبة مخصص لـ كبار السن يعمل بالواقع المعزز ويهدف لتحسين تجربة المستخدم ضمن قطاع الصحة.,كبار السن
1754,تطبيق المستشفيات بالحوسبة السحابية,الأمن السيبراني,تطبيق مخصص لـ المستشفيات يعمل بالحوسبة السحابية ويهدف لدعم رؤية 2030 ضمن قطاع الأمن السيبراني.,المستشفيات
1755,لوحة تحكم الأسر بالواقع الافتراضي,المالية,لوحة تحكم مخصص لـ الأسر يعمل بالواقع الافتراضي ويهدف لتعزيز الأمان ضمن قطاع المالية.,الأسر
1756,نظام المدارس بالبلوك تشين,التعليم,نظام مخصص لـ المدارس يعمل بالبلوك تشين ويهدف لتسريع الإجراءات ضمن قطاع التعليم.,المدارس
1757,محرك توصيات الأحياء بالذكاء الاصطناعي,العقارات,محرك توصيات مخصص لـ الأحياء يعمل بالذكاء الاصطناعي ويهدف لتسهيل الوصول للخدمات ضمن قطاع العقارات.,الأحياء
1758,منصة موحدة المولات بالذكاء الاصطناعي,المدن الذكية,منصة موحدة مخصص لـ المولات يعمل بالذكاء الاصطناعي ويهدف لتعزيز الأمان ضمن قطاع المدن الذكية.,المولات
1759,خدمة ذكية المشاعر المقدسة بالواقع الافتراضي,الحج والعمرة,خدمة ذكية مخصص لـ المشاعر المقدسة يعمل بالواقع الافتراضي ويهدف لتحسين الاستدامة ضمن قطاع الحج والعمرة.,المشاعر المقدسة
1760,نظام السيارات الكهربائية باستخدام إنترنت الأشياء,الطاقة,نظام مخصص لـ السيارات الكهربائية يعمل باستخدام إنترنت الأشياء ويهدف لتحسين الاستدامة ضمن قطاع الطاقة.,السيارات الكهربائية
1761,منصة موحدة المعلمين بالروبوتات الذكية,التعليم,منصة موحدة مخصص لـ المعلمين يعمل بالروبوتات الذكية ويهدف لتقليل التكاليف ضمن قطاع التعليم.,المعلمين
1762,نظام المقاهي بالروبوتات الذكية,التجارة الإلكترونية,نظام مخصص لـ المقاهي يعمل بالروبوتات الذكية ويهدف لرفع جودة الحياة ضمن قطاع التجارة الإلكترونية.,المقاهي
1763,نظام مراقبة الطلاب بالنماذج اللغوية,العقارات,نظام مراقبة مخصص لـ الطلاب يعمل بالنماذج اللغوية ويهدف لتعزيز الأمان ضمن قطاع العقارات.,الطلاب
1764,تطبيق الطلاب بالحوسبة السحابية,العقارات,تطبيق مخصص لـ الطلاب يعمل بالحوسبة السحابية ويهدف لتعزيز الأمان ضمن قطاع العقارات.,الطلاب
1765,تطبيق المصانع بالذكاء الاصطناعي,الطاقة,تطبيق مخصص لـ المصانع يعمل بالذكاء الاصطناعي ويهدف لرفع جودة الحياة ضمن قطاع الطاقة.,المصانع
1766,منصة موحدة الجامعات بالنماذج اللغوية,المدن الذكية,منصة موحدة مخصص لـ الجامعات يعمل بالنماذج اللغوية ويهدف لتقليل الهدر ضمن قطاع المدن الذكية.,الجامعات
1767,تطبيق الأحياء بالواقع الافتراضي,العقارات,تطبيق مخصص لـ الأحياء يعمل بالواقع الافتراضي ويهدف لتحسين تجربة المستخدم ضمن قطاع العقارات.,الأحياء
1768,نظام مراقبة المزارع باستخدام إنترنت الأشياء,الزراعة,نظام مراقبة مخصص لـ المزارع يعمل باستخدام إنترنت الأشياء ويهدف لتعزيز الأمان ضمن قطاع الزراعة.,المزارع
1769,مساعد ذكي المقاهي بالذكاء الاصطناعي,التجارة الإلكترونية,مساعد ذكي مخصص لـ المقاهي يعمل بالذكاء الاصطناعي ويهدف لتسهيل الوصول للخدمات ضمن قطاع التجارة الإلكترونية.,المقاهي
1770,منصة موحدة الأحياء السكنية بالبلوك تشين,المدن الذكية,منصة موحدة مخصص لـ الأحياء السكنية يعمل بالبلوك تشين ويهدف لتسريع الإجراءات ضمن قطاع المدن الذكية.,الأحياء السكنية
1771,حل رقمي المنازل بالحوسبة السحابية,الطاقة,حل رقمي مخصص لـ المنازل يعمل بالحوسبة السحابية ويهدف لتسهيل الوصول للخدمات ضمن قطاع الطاقة.,المنازل
1772,نظام مراقبة البيوت المحمية بالحوسبة السحابية,الزراعة,نظام مراقبة مخصص لـ البيوت المحمية يعمل بالحوسبة السحابية ويهدف لدعم رؤية 2030 ضمن قطاع الزراعة.,البيوت المحمية
1773,منصة موحدة البيوت المحمية بالواقع الافتراضي,الزراعة,منصة موحدة مخصص لـ البيوت المحمية يعمل بالواقع الافتراضي ويهدف لرفع جودة الحياة ضمن قطاع الزراعة.,البيوت المحمية
1774,نظام مراقبة الطلاب بالروبوتات الذكية,الصحة,نظام مراقبة مخصص لـ الطلاب يعمل بالروبوتات الذكية ويهدف لتقليل التكاليف ضمن قطاع الصحة.,الطلاب
1775,منصة موحدة المدارس بالحوسبة السحابية,التعليم,منصة موحدة مخصص لـ المدارس يعمل بالحوسبة السحابية ويهدف لتسريع الإجراءات ضمن قطاع التعليم.,المدارس
1776,خدمة ذكية الأطفال بتحليل البيانات,التعليم,خدمة ذكية مخصص لـ الأطفال يعمل بتحليل البيانات ويهدف لتسهيل الوصول للخدمات ضمن قطاع التعليم.,الأطفال
1777,حل رقمي الأحياء بالواقع الافتراضي,العقارات,حل رقمي مخصص لـ الأحياء يعمل بالواقع الافتراضي ويهدف لتسريع الإجراءات ضمن قطاع العقارات.,الأحياء
1778,نظام جدة بالبلوك تشين,المدن الذكية,نظام مخصص لـ جدة يعمل بالبلوك تشين ويهدف لتحسين الاستدامة ضمن قطاع المدن الذكية.,جدة
1779,منصة موحدة الأحياء بالروبوتات الذكية,العقارات,منصة موحدة مخصص لـ الأحياء يعمل بالروبوتات الذكية ويهدف لتقليل التكاليف ضمن قطاع العقارات.,الأحياء
1780,منصة موحدة المقاهي بالواقع المعزز,التجارة الإلكترونية,منصة موحدة مخصص لـ المقاهي يعمل بالواقع المعزز ويهدف لرفع جودة الحياة ضمن قطاع التجارة الإلكترونية.,المقاهي
1781,نظام مراقبة المزارع بالروبوتات الذكية,الزراعة,نظام مراقبة مخصص لـ المزارع يعمل بالروبوتات الذكية ويهدف لتقليل الهدر ضمن قطاع الزراعة.,المزارع
1782,محرك توصيات المنازل بالتحليلات التنبؤية,الطاقة,محرك توصيات مخصص لـ المنازل يعمل بالتحليلات التنبؤية ويهدف لرفع كفاءة التشغيل ضمن قطاع الطاقة.,المنازل
1783,نظام مراقبة المجمعات السكنية بالبلوك تشين,العقارات,نظام مراقبة مخصص لـ المجمعات السكنية يعمل بالبلوك تشين ويهدف لتحسين الاستدامة ضمن قطاع العقارات.,المجمعات السكنية
1784,محرك توصيات المدارس بالروبوتات الذكية,التعليم,محرك توصيات مخصص لـ المدارس يعمل بالروبوتات الذكية ويهدف لتسريع الإجراءات ضمن قطاع التعليم.,المدارس
1785,خدمة ذكية الطلاب بالذكاء الاصطناعي,المالية,خدمة ذكية مخصص لـ الطلاب يعمل بالذكاء الاصطناعي ويهدف لتقليل التكاليف ضمن قطاع المالية.,الطلاب
1786,تطبيق الجامعات بالبلوك تشين,التعليم,تطبيق مخصص لـ الجامعات يعمل بالبلوك تشين ويهدف لتحسين تجربة المستخدم ضمن قطاع التعليم.,الجامعات
1787,مساعد ذكي المستثمرين بالنماذج اللغوية,المالية,مساعد ذكي مخصص لـ المستثمرين يعمل بالنماذج اللغوية ويهدف لتحسين الاستدامة ضمن قطاع المالية.,المستثمرين
1788,منصة موحدة الحجاج بالذكاء الاصطناعي,الحج والعمرة,منصة موحدة مخصص لـ الحجاج يعمل بالذكاء الاصطناعي ويهدف لتعزيز الأمان ضمن قطاع الحج والعمرة.,الحجاج
1789,مساعد ذكي الشركات الصغيرة بتحليل البيانات,المالية,مساعد ذكي مخصص لـ الشركات الصغيرة يعمل بتحليل البيانات ويهدف لرفع جودة الحياة ضمن قطاع المالية.,الشركات الصغيرة
1790,نظام مراقبة جدة باستخدام إنترنت الأشياء,المدن الذكية,نظام مراقبة مخصص لـ جدة يعمل باستخدام إنترنت الأشياء ويهدف لدعم رؤية 2030 ضمن قطاع المدن الذكية.,جدة
1791,مساعد ذكي العمالة بالواقع الافتراضي,المالية,مساعد ذكي مخصص لـ العمالة يعمل بالواقع الافتراضي ويهدف لتقليل التكاليف ضمن قطاع المالية.,العمالة
1792,محرك توصيات العيادات بالواقع المعزز,الصحة,محرك توصيات مخصص لـ العيادات يعمل بالواقع المعزز ويهدف لتعزيز الأمان ضمن قطاع الصحة.,العيادات
1793,منصة موحدة المتاجر الصغيرة بالروبوتات الذكية,التجارة الإلكترونية,منصة موحدة مخصص لـ المتاجر الصغيرة يعمل بالروبوتات الذكية ويهدف لرفع جودة الحياة ضمن قطاع التجارة الإلكترونية.,المتاجر الصغيرة
1794,حل رقمي المعلمين باستخدام إنترنت الأشياء,التعليم,حل رقمي مخصص لـ المعلمين يعمل باستخدام إنترنت الأشياء ويهدف لدعم رؤية 2030 ضمن قطاع التعليم.,المعلمين
1795,مساعد ذكي الأطفال بالروبوتات الذكية,الصحة,مساعد ذكي مخصص لـ الأطفال يعمل بالروبوتات الذكية ويهدف لتسهيل الوصول للخدمات ضمن قطاع الصحة.,الأطفال
1796,حل رقمي ذوي الإعاقة بتحليل البيانات,التعليم,حل رقمي مخصص لـ ذوي الإعاقة يعمل بتحليل البيانات ويهدف لتقليل الهدر ضمن قطاع التعليم.,ذوي الإعاقة
1797,حل رقمي المباني الحكومية بالتحليلات التنبؤية,الطاقة,حل رقمي مخصص لـ المباني الحكومية يعمل بالتحليلات التنبؤية ويهدف لتقليل الهدر ضمن قطاع الطاقة.,المباني الحكومية
1798,منصة موحدة البيوت المحمية بالروبوتات الذكية,الزراعة,منصة موحدة مخصص لـ البيوت المحمية يعمل بالروبوتات الذكية ويهدف لتسهيل الوصول للخدمات ضمن قطاع الزراعة.,البيوت المحمية
1799,نظام الأطفال بالحوسبة السحابية,التعليم,نظام مخصص لـ الأطفال يعمل بالحوسبة السحابية ويهدف لتحسين الاستدامة ضمن قطاع التعليم.,الأطفال
1800,محرك توصيات الرياضيين بالتحليلات التنبؤية,الصحة,محرك توصيات مخصص لـ الرياضيين يعمل بالتحليلات التنبؤية ويهدف لرفع جودة الحياة ضمن قطاع الصحة.,الرياضيين
1801,منصة موحدة النخيل بالحوسبة السحابية,الزراعة,منصة موحدة مخصص لـ النخيل يعمل بالحوسبة السحابية ويهدف لتقليل الهدر ضمن قطاع الزراعة.,النخيل
1802,منصة موحدة الحملات بالحوسبة السحابية,الحج والعمرة,منصة موحدة مخصص لـ الحملات يعمل بالحوسبة السحابية ويهدف لتعزيز الأمان ضمن قطاع الحج والعمرة.,الحملات
1803,تطبيق المتاجر الصغيرة بالواقع المعزز,التجارة الإلكترونية,تطبيق مخصص لـ المتاجر الصغيرة يعمل بالواقع المعزز ويهدف لتسهيل الوصول للخدمات ضمن قطاع التجارة الإلكترونية.,المتاجر الصغيرة
1804,محرك توصيات الأحياء السكنية بالذكاء الاصطناعي,المدن الذكية,محرك توصيات مخصص لـ الأحياء السكنية يعمل بالذكاء الاصطناعي ويهدف لتعزيز الأمان ضمن قطاع المدن الذكية.,الأحياء السكنية
1805,منصة البيوت المحمية بالنماذج اللغوية,الزراعة,منصة مخصص لـ البيوت المحمية يعمل بالنماذج اللغوية ويهدف لتحسين تجربة المستخدم ضمن قطاع الزراعة.,البيوت المحمية
1806,منصة موحدة العمالة بالتحليلات التنبؤية,المالية,منصة موحدة مخصص لـ العمالة يعمل بالتحليلات التنبؤية ويهدف لتحسين الاستدامة ضمن قطاع المالية.,العمالة
1807,نظام مراقبة جدة بالتحليلات التنبؤية,المدن الذكية,نظام مراقبة مخصص لـ جدة يعمل بالتحليلات التنبؤية ويهدف لرفع جودة الحياة ضمن قطاع المدن الذكية.,جدة
1808,نظام المجمعات السكنية بالواقع الافتراضي,العقارات,نظام مخصص لـ المجمعات السكنية يعمل بالواقع الافتراضي ويهدف لتحسين تجربة المستخدم ضمن قطاع العقارات.,المجمعات السكنية
1809,لوحة تحكم النخيل باستخدام إنترنت الأشياء,الزراعة,لوحة تحكم مخصص لـ النخيل يعمل باستخدام إنترنت الأشياء ويهدف لدعم رؤية 2030 ضمن قطاع الزراعة.,النخيل
1810,نظام الجامعات باستخدام إنترنت الأشياء,المدن الذكية,نظام مخصص لـ الجامعات يعمل باستخدام إنترنت الأشياء ويهدف لتقليل التكاليف ضمن قطاع المدن الذكية.,الجامعات
1811,نظام المستثمرين بالتحليلات التنبؤية,المالية,نظام مخصص لـ المستثمرين يعمل بالتحليلات التنبؤية ويهدف لدعم رؤية 2030 ضمن قطاع المالية.,المستثمرين
1812,مساعد ذكي الطلاب بالتحليلات التنبؤية,العقارات,مساعد ذكي مخصص لـ الطلاب يعمل بالتحليلات التنبؤية ويهدف لدعم رؤية 2030 ضمن قطاع العقارات.,الطلاب
1813,لوحة تحكم الحملات بالواقع الافتراضي,الحج والعمرة,لوحة تحكم مخصص لـ الحملات يعمل بالواقع الافتراضي ويهدف لتسريع الإجراءات ضمن قطاع الحج والعمرة.,الحملات
1814,نظام المشاعر المقدسة بالذكاء الاصطناعي,الحج والعمرة,نظام مخصص لـ المشاعر المقدسة يعمل بالذكاء الاصطناعي ويهدف لدعم رؤية 2030 ضمن قطاع الحج والعمرة.,المشاعر المقدسة
1815,تطبيق المصانع بالبلوك تشين,الطاقة,تطبيق مخصص لـ المصانع يعمل بالبلوك تشين ويهدف لتقليل التكاليف ضمن قطاع الطاقة.,المصانع
1816,خدمة ذكية المطاعم بالواقع الافتراضي,التجارة الإلكترونية,خدمة ذكية مخصص لـ المطاعم يعمل بالواقع الافتراضي ويهدف لرفع كفاءة التشغيل ضمن قطاع التجارة الإلكترونية.,المطاعم
1817,خدمة ذكية المجمعات السكنية بالواقع الافتراضي,العقارات,خدمة ذكية مخصص لـ المجمعات السكنية يعمل بالواقع الافتراضي ويهدف لرفع كفاءة التشغيل ضمن قطاع العقارات.,المجمعات السكنية
1818,نظام مراقبة كبار السن بالتحليلات التنبؤية,الصحة,نظام مراقبة مخصص لـ كبار السن يعمل بالتحليلات التنبؤية ويهدف لتقليل الهدر ضمن قطاع الصحة.,كبار السن
1819,نظام البنوك بتحليل البيانات,الأمن السيبراني,نظام مخصص لـ البنوك يعمل بتحليل البيانات ويهدف لدعم رؤية 2030 ضمن قطاع الأمن السيبراني.,البنوك
1820,محرك توصيات الطلاب باستخدام إنترنت الأشياء,المالية,محرك توصيات مخصص لـ الطلاب يعمل باستخدام إنترنت الأشياء ويهدف لتقليل التكاليف ضمن قطاع المالية.,الطلاب
1821,منصة المؤجرين بتحليل البيانات,العقارات,منصة مخصص لـ المؤجرين يعمل بتحليل البيانات ويهدف لتعزيز الأمان ضمن قطاع العقارات.,المؤجرين
1822,منصة موحدة المتاجر الصغيرة بالتحليلات التنبؤية,التجارة الإلكترونية,منصة موحدة مخصص لـ المتاجر الصغيرة يعمل بالتحليلات التنبؤية ويهدف لرفع جودة الحياة ضمن قطاع التجارة الإلكترونية.,المتاجر الصغيرة
1823,تطبيق المولات بالواقع الافتراضي,المدن الذكية,تطبيق مخصص لـ المولات يعمل بالواقع الافتراضي ويهدف لرفع كفاءة التشغيل ضمن قطاع المدن الذكية.,المولات
1824,نظام المدارس بتحليل البيانات,التعليم,نظام مخصص لـ المدارس يعمل بتحليل البيانات ويهدف لرفع كفاءة التشغيل ضمن قطاع التعليم.,المدارس
1825,خدمة ذكية المباني الحكومية بتحليل البيانات,الطاقة,خدمة ذكية مخصص لـ المباني الحكومية يعمل بتحليل البيانات ويهدف لتسهيل الوصول للخدمات ضمن قطاع الطاقة.,المباني الحكومية
1826,لوحة تحكم الشركات بالحوسبة السحابية,الأمن السيبراني,لوحة تحكم مخصص لـ الشركات يعمل بالحوسبة السحابية ويهدف لتسريع الإجراءات ضمن قطاع الأمن السيبراني.,الشركات
1827,نظام البنوك بالبلوك تشين,الأمن السيبراني,نظام مخصص لـ البنوك يعمل بالبلوك تشين ويهدف لتقليل الهدر ضمن قطاع الأمن السيبراني.,البنوك
1828,مساعد ذكي الأطفال بتحليل البيانات,التعليم,مساعد ذكي مخصص لـ الأطفال يعمل بتحليل البيانات ويهدف لتسهيل الوصول للخدمات ضمن قطاع التعليم.,الأطفال
1829,نظام مراقبة الأسر بالروبوتات الذكية,المالية,نظام مراقبة مخصص لـ الأسر يعمل بالروبوتات الذكية ويهدف لتقليل الهدر ضمن قطاع المالية.,الأسر
1830,منصة المستثمرين بالبلوك تشين,المالية,منصة مخصص لـ المستثمرين يعمل بالبلوك تشين ويهدف لتقليل التكاليف ضمن قطاع المالية.,المستثمرين
1831,منصة المجمعات السكنية بالبلوك تشين,العقارات,منصة مخصص لـ المجمعات السكنية يعمل بالبلوك تشين ويهدف لتسريع الإجراءات ضمن قطاع العقارات.,المجمعات السكنية
1832,تطبيق الشركات الصغيرة بالواقع الافتراضي,المالية,تطبيق مخصص لـ الشركات الصغيرة يعمل بالواقع الافتراضي ويهدف لرفع كفاءة التشغيل ضمن قطاع المالية.,الشركات الصغيرة
1833,محرك توصيات المزارع المنزلية بالذكاء الاصطناعي,الزراعة,محرك توصيات مخصص لـ المزارع المنزلية يعمل بالذكاء الاصطناعي ويهدف لرفع كفاءة التشغيل ضمن قطاع الزراعة.,المزارع المنزلية
1834,حل رقمي الحج بالواقع الافتراضي,المدن الذكية,حل رقمي مخصص لـ الحج يعمل بالواقع الافتراضي ويهدف لتقليل الهدر ضمن قطاع المدن الذكية.,الحج
1835,نظام مراقبة الحملات بالذكاء الاصطناعي,الحج والعمرة,نظام مراقبة مخصص لـ الحملات يعمل بالذكاء الاصطناعي ويهدف لتسريع الإجراءات ضمن قطاع الحج والعمرة.,الحملات
1836,خدمة ذكية الحج بالنماذج اللغوية,المدن الذكية,خدمة ذكية مخصص لـ الحج يعمل بالنماذج اللغوية ويهدف لتسهيل الوصول للخدمات ضمن قطاع المدن الذكية.,الحج
1837,نظام مراقبة المتاجر الصغيرة بالواقع المعزز,التجارة الإلكترونية,نظام مراقبة مخصص لـ المتاجر الصغيرة يعمل بالواقع المعزز ويهدف لتحسين تجربة المستخدم ضمن قطاع التجارة الإلكترونية.,المتاجر الصغيرة
1838,خدمة ذكية المصانع بالروبوتات الذكية,الطاقة,خدمة ذكية مخصص لـ المصانع يعمل بالروبوتات الذكية ويهدف لتقليل التكاليف ضمن قطاع الطاقة.,المصانع
1839,لوحة تحكم الحملات بتحليل البيانات,الحج والعمرة,لوحة تحكم مخصص لـ الحملات يعمل بتحليل البيانات ويهدف لتحسين الاستدامة ضمن قطاع الحج والعمرة.,الحملات
1840,منصة موحدة المعلمين بالذكاء الاصطناعي,التعليم,منصة موحدة مخصص لـ المعلمين يعمل بالذكاء الاصطناعي ويهدف لتحسين تجربة المستخدم ضمن قطاع التعليم.,المعلمين
1841,منصة موحدة المتاجر الصغيرة باستخدام إنترنت الأشياء,التجارة الإلكترونية,منصة موحدة مخصص لـ المتاجر الصغيرة يعمل باستخدام إنترنت الأشياء ويهدف لتقليل الهدر ضمن قطاع التجارة الإلكترونية.,المتاجر الصغيرة
1842,حل رقمي الجامعات باستخدام إنترنت الأشياء,المدن الذكية,حل رقمي مخصص لـ الجامعات يعمل باستخدام إنترنت الأشياء ويهدف لتحسين تجربة المستخدم ضمن قطاع المدن الذكية.,الجامعات
1843,مساعد ذكي المدارس بالواقع الافتراضي,التعليم,مساعد ذكي مخصص لـ المدارس يعمل بالواقع الافتراضي ويهدف لرفع كفاءة التشغيل ضمن قطاع التعليم.,المدارس
1844,تطبيق الحجاج بالحوسبة السحابية,الحج والعمرة,تطبيق مخصص لـ الحجاج يعمل بالحوسبة السحابية ويهدف لدعم رؤية 2030 ضمن قطاع الحج والعمرة.,الحجاج
1845,لوحة تحكم الأسر بالروبوتات الذكية,المالية,لوحة تحكم مخصص لـ الأسر يعمل بالروبوتات الذكية ويهدف لتحسين تجربة المستخدم ضمن قطاع المالية.,الأسر
1846,منصة موحدة العمالة بالذكاء الاصطناعي,المالية,منصة موحدة مخصص لـ العمالة يعمل بالذكاء الاصطناعي ويهدف لتحسين الاستدامة ضمن قطاع المالية.,العمالة
1847,نظام مراقبة المولات بالنماذج اللغوية,المدن الذكية,نظام مراقبة مخصص لـ المولات يعمل بالنماذج اللغوية ويهدف لتسريع الإجراءات ضمن قطاع المدن الذكية.,المولات
1848,تطبيق المستثمرين بالروبوتات الذكية,المالية,تطبيق مخصص لـ المستثمرين يعمل بالروبوتات الذكية ويهدف لتقليل الهدر ضمن قطاع المالية.,المستثمرين
1849,منصة موحدة المزارع بالروبوتات الذكية,الزراعة,منصة موحدة مخصص لـ المزارع يعمل بالروبوتات الذكية ويهدف لتقليل التكاليف ضمن قطاع الزراعة.,المزارع
1850,تطبيق الشركات الصغيرة بالواقع المعزز,المالية,تطبيق مخصص لـ الشركات الصغيرة يعمل بالواقع المعزز ويهدف لتسهيل الوصول للخدمات ضمن قطاع المالية.,الشركات الصغيرة
1851,نظام مراقبة الجامعات بالبلوك تشين,التعليم,نظام مراقبة مخصص لـ الجامعات يعمل بالبلوك تشين ويهدف لتقليل الهدر ضمن قطاع التعليم.,الجامعات
1852,نظام مراقبة المنازل الذكية بتحليل البيانات,الأمن السيبراني,نظام مراقبة مخصص لـ المنازل الذكية يعمل بتحليل البيانات ويهدف لرفع جودة الحياة ضمن قطاع الأمن السيبراني.,المنازل الذكية
1853,خدمة ذكية المقاهي بالحوسبة السحابية,التجارة الإلكترونية,خدمة ذكية مخصص لـ المقاهي يعمل بالحوسبة السحابية ويهدف لتقليل الهدر ضمن قطاع التجارة الإلكترونية.,المقاهي
1854,تطبيق الرياض بالتحليلات التنبؤية,المدن الذكية,تطبيق مخصص لـ الرياض يعمل بالتحليلات التنبؤية ويهدف لتقليل الهدر ضمن قطاع المدن الذكية.,الرياض
1855,منصة المزارع المنزلية بالتحليلات التنبؤية,الزراعة,منصة مخصص لـ المزارع المنزلية يعمل بالتحليلات التنبؤية ويهدف لدعم رؤية 2030 ضمن قطاع الزراعة.,المزارع المنزلية
1856,خدمة ذكية المتاجر الصغيرة بالواقع المعزز,التجارة الإلكترونية,خدمة ذكية مخصص لـ المتاجر الصغيرة يعمل بالواقع المعزز ويهدف لتحسين الاستدامة ضمن قطاع التجارة الإلكترونية.,المتاجر الصغيرة
1857,نظام المعلمين بالروبوتات الذكية,التعليم,نظام مخصص لـ المعلمين يعمل بالروبوتات الذكية ويهدف لتعزيز الأمان ضمن قطاع التعليم.,المعلمين
1858,نظام الرياض بالواقع المعزز,المدن الذكية,نظام مخصص لـ الرياض يعمل بالواقع المعزز ويهدف لتحسين تجربة المستخدم ضمن قطاع المدن الذكية.,الرياض
1859,محرك توصيات الشركات بالنماذج اللغوية,الأمن السيبراني,محرك توصيات مخصص لـ الشركات يعمل بالنماذج اللغوية ويهدف لرفع جودة الحياة ضمن قطاع الأمن السيبراني.,الشركات
1860,منصة موحدة الأطفال بالروبوتات الذكية,الصحة,منصة موحدة مخصص لـ الأطفال يعمل بالروبوتات الذكية ويهدف لرفع كفاءة التشغيل ضمن قطاع الصحة.,الأطفال
1861,نظام مراقبة المعتمرين بالنماذج اللغوية,الحج والعمرة,نظام مراقبة مخصص لـ المعتمرين يعمل بالنماذج اللغوية ويهدف لتقليل التكاليف ضمن قطاع الحج والعمرة.,المعتمرين
1862,مساعد ذكي الطلاب بتحليل البيانات,المالية,مساعد ذكي مخصص لـ الطلاب يعمل بتحليل البيانات ويهدف لرفع جودة الحياة ضمن قطاع المالية.,الطلاب
1863,منصة الأسر بتحليل البيانات,المالية,منصة مخصص لـ الأسر يعمل بتحليل البيانات ويهدف لتحسين تجربة المستخدم ضمن قطاع المالية.,الأسر
1864,حل رقمي المنازل بالتحليلات التنبؤية,الطاقة,حل رقمي مخصص لـ المنازل يعمل بالتحليلات التنبؤية ويهدف لتسهيل الوصول للخدمات ضمن قطاع الطاقة.,المنازل
1865,محرك توصيات المستشفيات بالحوسبة السحابية,الأمن السيبراني,محرك توصيات مخصص لـ المستشفيات يعمل بالحوسبة السحابية ويهدف لرفع كفاءة التشغيل ضمن قطاع الأمن السيبراني.,المستشفيات
1866,نظام المعتمرين بالذكاء الاصطناعي,الحج والعمرة,نظام مخصص لـ المعتمرين يعمل بالذكاء الاصطناعي ويهدف لرفع جودة الحياة ضمن قطاع الحج والعمرة.,المعتمرين
1867,لوحة تحكم المنازل الذكية بالواقع المعزز,الأمن السيبراني,لوحة تحكم مخصص لـ المنازل الذكية يعمل بالواقع المعزز ويهدف لدعم رؤية 2030 ضمن قطاع الأمن السيبراني.,المنازل الذكية
1868,منصة موحدة المنازل بالواقع المعزز,الطاقة,منصة موحدة مخصص لـ المنازل يعمل بالواقع المعزز ويهدف لتحسين الاستدامة ضمن قطاع الطاقة.,المنازل
1869,نظام مراقبة الجامعات بالتحليلات التنبؤية,المدن الذكية,نظام مراقبة مخصص لـ الجامعات يعمل بالتحليلات التنبؤية ويهدف لتسريع الإجراءات ضمن قطاع المدن الذكية.,الجامعات
1870,نظام مراقبة المدارس بالتحليلات التنبؤية,التعليم,نظام مراقبة مخصص لـ المدارس يعمل بالتحليلات التنبؤية ويهدف لتقليل الهدر ضمن قطاع التعليم.,المدارس
1871,حل رقمي المدارس بالذكاء الاصطناعي,التعليم,حل رقمي مخصص لـ المدارس يعمل بالذكاء الاصطناعي ويهدف لتقليل الهدر ضمن قطاع التعليم.,المدارس
1872,محرك توصيات الطلاب بالنماذج اللغوية,الصحة,محرك توصيات مخصص لـ الطلاب يعمل بالنماذج اللغوية ويهدف لتسهيل الوصول للخدمات ضمن قطاع الصحة.,الطلاب
1873,لوحة تحكم المستشفيات بالواقع الافتراضي,الأمن السيبراني,لوحة تحكم مخصص لـ المستشفيات يعمل بالواقع الافتراضي ويهدف لرفع كفاءة التشغيل ضمن قطاع الأمن السيبراني.,المستشفيات
1874,خدمة ذكية الحملات بالتحليلات التنبؤية,الحج والعمرة,خدمة ذكية مخصص لـ الحملات يعمل بالتحليلات التنبؤية ويهدف لرفع جودة الحياة ضمن قطاع الحج والعمرة.,الحملات
1875,لوحة تحكم الأطفال بالواقع الافتراضي,التعليم,لوحة تحكم مخصص لـ الأطفال يعمل بالواقع الافتراضي ويهدف لرفع كفاءة التشغيل ضمن قطاع التعليم.,الأطفال
1876,نظام مراقبة البيوت المحمية بالروبوتات الذكية,الزراعة,نظام مراقبة مخصص لـ البيوت المحمية يعمل بالروبوتات الذكية ويهدف لتعزيز الأمان ضمن قطاع الزراعة.,البيوت المحمية
1877,لوحة تحكم الأطفال باستخدام إنترنت الأشياء,التعليم,لوحة تحكم مخصص لـ الأطفال يعمل باستخدام إنترنت الأشياء ويهدف لرفع جودة الحياة ضمن قطاع التعليم.,الأطفال
1878,محرك توصيات كبار السن بتحليل البيانات,الصحة,محرك توصيات مخصص لـ كبار السن يعمل بتحليل البيانات ويهدف لدعم رؤية 2030 ضمن قطاع الصحة.,كبار السن
1879,نظام مراقبة الأطفال بالتحليلات التنبؤية,التعليم,نظام مراقبة مخصص لـ الأطفال يعمل بالتحليلات التنبؤية ويهدف لتعزيز الأمان ضمن قطاع التعليم.,الأطفال
1880,تطبيق الأسر المنتجة بالواقع الافتراضي,التجارة الإلكترونية,تطبيق مخصص لـ الأسر المنتجة يعمل بالواقع الافتراضي ويهدف لتحسين الاستدامة ضمن قطاع التجارة الإلكترونية.,الأسر المنتجة
1881,نظام المصانع باستخدام إنترنت الأشياء,الطاقة,نظام مخصص لـ المصانع يعمل باستخدام إنترنت الأشياء ويهدف لتسريع الإجراءات ضمن قطاع الطاقة.,المصانع
1882,حل رقمي السيارات الكهربائية بالتحليلات التنبؤية,الطاقة,حل رقمي مخصص لـ السيارات الكهربائية يعمل بالتحليلات التنبؤية ويهدف لتحسين الاستدامة ضمن قطاع الطاقة.,السيارات الكهربائية
1883,محرك توصيات المنازل الذكية بتحليل البيانات,الأمن السيبراني,محرك توصيات مخصص لـ المنازل الذكية يعمل بتحليل البيانات ويهدف لتقليل التكاليف ضمن قطاع الأمن السيبراني.,المنازل الذكية
1884,مساعد ذكي الشركات الصغيرة باستخدام إنترنت الأشياء,المالية,مساعد ذكي مخصص لـ الشركات الصغيرة يعمل باستخدام إنترنت الأشياء ويهدف لرفع جودة الحياة ضمن قطاع المالية.,الشركات الصغيرة
1885,خدمة ذكية الطلاب بالروبوتات الذكية,المالية,خدمة ذكية مخصص لـ الطلاب يعمل بالروبوتات الذكية ويهدف لدعم رؤية 2030 ضمن قطاع المالية.,الطلاب
1886,منصة كبار السن بالواقع الافتراضي,الصحة,منصة مخصص لـ كبار السن يعمل بالواقع الافتراضي ويهدف لتحسين تجربة المستخدم ضمن قطاع الصحة.,كبار السن
1887,حل رقمي النخيل بالتحليلات التنبؤية,الزراعة,حل رقمي مخصص لـ النخيل يعمل بالتحليلات التنبؤية ويهدف لرفع جودة الحياة ضمن قطاع الزراعة.,النخيل
1888,نظام الحج بالواقع الافتراضي,المدن الذكية,نظام مخصص لـ الحج يعمل بالواقع الافتراضي ويهدف لتعزيز الأمان ضمن قطاع المدن الذكية.,الحج
1889,حل رقمي المولات بتحليل البيانات,المدن الذكية,حل رقمي مخصص لـ المولات يعمل بتحليل البيانات ويهدف لرفع كفاءة التشغيل ضمن قطاع المدن الذكية.,المولات
1890,منصة موحدة المولات بالحوسبة السحابية,المدن الذكية,منصة موحدة مخصص لـ المولات يعمل بالحوسبة السحابية ويهدف لتقليل الهدر ضمن قطاع المدن الذكية.,المولات
1891,حل رقمي الحجاج بالنماذج اللغوية,الحج والعمرة,حل رقمي مخصص لـ الحجاج يعمل بالنماذج اللغوية ويهدف لرفع جودة الحياة ضمن قطاع الحج والعمرة.,الحجاج
1892,خدمة ذكية المصانع بالواقع الافتراضي,الطاقة,خدمة ذكية مخصص لـ المصانع يعمل بالواقع الافتراضي ويهدف لتقليل الهدر ضمن قطاع الطاقة.,المصانع
1893,مساعد ذكي العمالة بالحوسبة السحابية,المالية,مساعد ذكي مخصص لـ العمالة يعمل بالحوسبة السحابية ويهدف لتسهيل الوصول للخدمات ضمن قطاع المالية.,العمالة
1894,نظام المزارع بالواقع المعزز,الزراعة,نظام مخصص لـ المزارع يعمل بالواقع المعزز ويهدف لتسهيل الوصول للخدمات ضمن قطاع الزراعة.,المزارع
1895,لوحة تحكم المنازل بالواقع المعزز,الطاقة,لوحة تحكم مخصص لـ المنازل يعمل بالواقع المعزز ويهدف لرفع جودة الحياة ضمن قطاع الطاقة.,المنازل
1896,نظام الأسر بالبلوك تشين,المالية,نظام مخصص لـ الأسر يعمل بالبلوك تشين ويهدف لدعم رؤية 2030 ضمن قطاع المالية.,الأسر
1897,لوحة تحكم المقاهي بتحليل البيانات,التجارة الإلكترونية,لوحة تحكم مخصص لـ المقاهي يعمل بتحليل البيانات ويهدف لتسريع الإجراءات ضمن قطاع التجارة الإلكترونية.,المقاهي
1898,منصة النخيل باستخدام إنترنت الأشياء,الزراعة,منصة مخصص لـ النخيل يعمل باستخدام إنترنت الأشياء ويهدف لرفع جودة الحياة ضمن قطاع الزراعة.,النخيل
1899,خدمة ذكية المطاعم بتحليل البيانات,التجارة الإلكترونية,خدمة ذكية مخصص لـ المطاعم يعمل بتحليل البيانات ويهدف لتقليل الهدر ضمن قطاع التجارة الإلكترونية.,المطاعم
1900,نظام الحجاج بالبلوك تشين,الحج والعمرة,نظام مخصص لـ الحجاج يعمل بالبلوك تشين ويهدف لتسهيل الوصول للخدمات ضمن قطاع الحج والعمرة.,الحجاج
1901,نظام مراقبة المعلمين بتحليل البيانات,التعليم,نظام مراقبة مخصص لـ المعلمين يعمل بتحليل البيانات ويهدف لدعم رؤية 2030 ضمن قطاع التعليم.,المعلمين
1902,حل رقمي البنوك بالواقع الافتراضي,الأمن السيبراني,حل رقمي مخصص لـ البنوك يعمل بالواقع الافتراضي ويهدف لتسريع الإجراءات ضمن قطاع الأمن السيبراني.,البنوك
1903,منصة موحدة الأطفال بالحوسبة السحابية,التعليم,منصة موحدة مخصص لـ الأطفال يعمل بالحوسبة السحابية ويهدف لتسريع الإجراءات ضمن قطاع التعليم.,الأطفال
1904,مساعد ذكي النخيل باستخدام إنترنت الأشياء,الزراعة,مساعد ذكي مخصص لـ النخيل يعمل باستخدام إنترنت الأشياء ويهدف لتحسين تجربة المستخدم ضمن قطاع الزراعة.,النخيل
1905,حل رقمي الأطفال بالبلوك تشين,الصحة,حل رقمي مخصص لـ الأطفال يعمل بالبلوك تشين ويهدف لتسريع الإجراءات ضمن قطاع الصحة.,الأطفال
1906,منصة موحدة المقاهي بالروبوتات الذكية,التجارة الإلكترونية,منصة موحدة مخصص لـ المقاهي يعمل بالروبوتات الذكية ويهدف لتحسين الاستدامة ضمن قطاع التجارة الإلكترونية.,المقاهي
1907,نظام مراقبة الحجاج بالحوسبة السحابية,الحج والعمرة,نظام مراقبة مخصص لـ الحجاج يعمل بالحوسبة السحابية ويهدف لتعزيز الأمان ضمن قطاع الحج والعمرة.,الحجاج
1908,حل رقمي المجمعات السكنية بالنماذج اللغوية,العقارات,حل رقمي مخصص لـ المجمعات السكنية يعمل بالنماذج اللغوية ويهدف لتسريع الإجراءات ضمن قطاع العقارات.,المجمعات السكنية
1909,مساعد ذكي الشركات بالذكاء الاصطناعي,الأمن السيبراني,مساعد ذكي مخصص لـ الشركات يعمل بالذكاء الاصطناعي ويهدف لتقليل التكاليف ضمن قطاع الأمن السيبراني.,الشركات
1910,نظام ذوي الإعاقة بالحوسبة السحابية,التعليم,نظام مخصص لـ ذوي الإعاقة يعمل بالحوسبة السحابية ويهدف لتقليل التكاليف ضمن قطاع التعليم.,ذوي الإعاقة
1911,منصة موحدة النخيل بالذكاء الاصطناعي,الزراعة,منصة موحدة مخصص لـ النخيل يعمل بالذكاء الاصطناعي ويهدف لرفع كفاءة التشغيل ضمن قطاع الزراعة.,النخيل
1912,محرك توصيات الحج بالروبوتات الذكية,المدن الذكية,محرك توصيات مخصص لـ الحج يعمل بالروبوتات الذكية ويهدف لرفع جودة الحياة ضمن قطاع المدن الذكية.,الحج
1913,تطبيق العيادات بالواقع الافتراضي,الصحة,تطبيق مخصص لـ العيادات يعمل بالواقع الافتراضي ويهدف لرفع جودة الحياة ضمن قطاع الصحة.,العيادات
1914,منصة جدة بالروبوتات الذكية,المدن الذكية,منصة مخصص لـ جدة يعمل بالروبوتات الذكية ويهدف لدعم رؤية 2030 ضمن قطاع المدن الذكية.,جدة
1915,خدمة ذكية المولات بالواقع الافتراضي,المدن الذكية,خدمة ذكية مخصص لـ المولات يعمل بالواقع الافتراضي ويهدف لتقليل الهدر ضمن قطاع المدن الذكية.,المولات
1916,تطبيق السيارات الكهربائية بالتحليلات التنبؤية,الطاقة,تطبيق مخصص لـ السيارات الكهربائية يعمل بالتحليلات التنبؤية ويهدف لتقليل الهدر ضمن قطاع الطاقة.,السيارات الكهربائية
1917,نظام الأسر المنتجة بالواقع المعزز,التجارة الإلكترونية,نظام مخصص لـ الأسر المنتجة يعمل بالواقع المعزز ويهدف لتحسين تجربة المستخدم ضمن قطاع التجارة الإلكترونية.,الأسر المنتجة
1918,نظام مراقبة ذوي الإعاقة بتحليل البيانات,التعليم,نظام مراقبة مخصص لـ ذوي الإعاقة يعمل بتحليل البيانات ويهدف لرفع جودة الحياة ضمن قطاع التعليم.,ذوي الإعاقة
1919,منصة موحدة المجمعات السكنية بالواقع المعزز,العقارات,منصة موحدة مخصص لـ المجمعات السكنية يعمل بالواقع المعزز ويهدف لدعم رؤية 2030 ضمن قطاع العقارات.,المجمعات السكنية
1920,نظام الطلاب بالواقع الافتراضي,العقارات,نظام مخصص لـ الطلاب يعمل بالواقع الافتراضي ويهدف لرفع جودة الحياة ضمن قطاع العقارات.,الطلاب
1921,لوحة تحكم المدارس بالتحليلات التنبؤية,التعليم,لوحة تحكم مخصص لـ المدارس يعمل بالتحليلات التنبؤية ويهدف لتسهيل الوصول للخدمات ضمن قطاع التعليم.,المدارس
1922,خدمة ذكية المنازل الذكية بتحليل البيانات,الأمن السيبراني,خدمة ذكية مخصص لـ المنازل الذكية يعمل بتحليل البيانات ويهدف لتسريع الإجراءات ضمن قطاع الأمن السيبراني.,المنازل الذكية
1923,منصة موحدة الرياضيين بالتحليلات التنبؤية,الصحة,منصة موحدة مخصص لـ الرياضيين يعمل بالتحليلات التنبؤية ويهدف لتقليل التكاليف ضمن قطاع الصحة.,الرياضيين
1924,تطبيق المؤجرين بالواقع الافتراضي,العقارات,تطبيق مخصص لـ المؤجرين يعمل بالواقع الافتراضي ويهدف لرفع جودة الحياة ضمن قطاع العقارات.,المؤجرين
1925,منصة المنازل بالبلوك تشين,الطاقة,منصة مخصص لـ المنازل يعمل بالبلوك تشين ويهدف لتحسين الاستدامة ضمن قطاع الطاقة.,المنازل
1926,نظام المستثمرين بالحوسبة السحابية,المالية,نظام مخصص لـ المستثمرين يعمل بالحوسبة السحابية ويهدف لدعم رؤية 2030 ضمن قطاع المالية.,المستثمرين
1927,حل رقمي المولات باستخدام إنترنت الأشياء,المدن الذكية,حل رقمي مخصص لـ المولات يعمل باستخدام إنترنت الأشياء ويهدف لتحسين تجربة المستخدم ضمن قطاع المدن الذكية.,المولات
1928,منصة موحدة المنازل الذكية باستخدام إنترنت الأشياء,الأمن السيبراني,منصة موحدة مخصص لـ المنازل الذكية يعمل باستخدام إنترنت الأشياء ويهدف لتحسين الاستدامة ضمن قطاع الأمن السيبراني.,المنازل الذكية
1929,محرك توصيات الرياضيين باستخدام إنترنت الأشياء,الصحة,محرك توصيات مخصص لـ الرياضيين يعمل باستخدام إنترنت الأشياء ويهدف لتعزيز الأمان ضمن قطاع الصحة.,الرياضيين
1930,تطبيق المؤجرين بالحوسبة السحابية,العقارات,تطبيق مخصص لـ المؤجرين يعمل بالحوسبة السحابية ويهدف لتحسين تجربة المستخدم ضمن قطاع العقارات.,المؤجرين
1931,منصة الرياض بتحليل البيانات,المدن الذكية,منصة مخصص لـ الرياض يعمل بتحليل البيانات ويهدف لرفع جودة الحياة ضمن قطاع المدن الذكية.,الرياض
1932,تطبيق الأطفال بالتحليلات التنبؤية,التعليم,تطبيق مخصص لـ الأطفال يعمل بالتحليلات التنبؤية ويهدف لتحسين تجربة المستخدم ضمن قطاع التعليم.,الأطفال
1933,مساعد ذكي الرياضيين بتحليل البيانات,الصحة,مساعد ذكي مخصص لـ الرياضيين يعمل بتحليل البيانات ويهدف لتسهيل الوصول للخدمات ضمن قطاع الصحة.,الرياضيين
1934,خدمة ذكية الأطفال بالبلوك تشين,التعليم,خدمة ذكية مخصص لـ الأطفال يعمل بالبلوك تشين ويهدف لتقليل التكاليف ضمن قطاع التعليم.,الأطفال
1935,نظام المولات بالواقع الافتراضي,المدن الذكية,نظام مخصص لـ المولات يعمل بالواقع الافتراضي ويهدف لتقليل التكاليف ضمن قطاع المدن الذكية.,المولات
1936,منصة المعتمرين بالحوسبة السحابية,الحج والعمرة,منصة مخصص لـ المعتمرين يعمل بالحوسبة السحابية ويهدف لدعم رؤية 2030 ضمن قطاع الحج والعمرة.,المعتمرين
1937,حل رقمي المستثمرين بتحليل البيانات,المالية,حل رقمي مخصص لـ المستثمرين يعمل بتحليل البيانات ويهدف لتحسين الاستدامة ضمن قطاع المالية.,المستثمرين
1938,حل رقمي الشركات الصغيرة بالنماذج اللغوية,المالية,حل رقمي مخصص لـ الشركات الصغيرة يعمل بالنماذج اللغوية ويهدف لتحسين الاستدامة ضمن قطاع المالية.,الشركات الصغيرة
1939,حل رقمي الجهات الحكومية بالواقع الافتراضي,الأمن السيبراني,حل رقمي مخصص لـ الجهات الحكومية يعمل بالواقع الافتراضي ويهدف لتسهيل الوصول للخدمات ضمن قطاع الأمن السيبراني.,الجهات الحكومية
1940,تطبيق الطلاب بالبلوك تشين,الصحة,تطبيق مخصص لـ الطلاب يعمل بالبلوك تشين ويهدف لرفع جودة الحياة ضمن قطاع الصحة.,الطلاب
1941,نظام مراقبة المطاعم باستخدام إنترنت الأشياء,التجارة الإلكترونية,نظام مراقبة مخصص لـ المطاعم يعمل باستخدام إنترنت الأشياء ويهدف لتحسين الاستدامة ضمن قطاع التجارة الإلكترونية.,المطاعم
1942,محرك توصيات البيوت المحمية بتحليل البيانات,الزراعة,محرك توصيات مخصص لـ البيوت المحمية يعمل بتحليل البيانات ويهدف لتحسين تجربة المستخدم ضمن قطاع الزراعة.,البيوت المحمية
1943,مساعد ذكي الأسر بالنماذج اللغوية,المالية,مساعد ذكي مخصص لـ الأسر يعمل بالنماذج اللغوية ويهدف لتقليل الهدر ضمن قطاع المالية.,الأسر
1944,خدمة ذكية المزارع بالحوسبة السحابية,الزراعة,خدمة ذكية مخصص لـ المزارع يعمل بالحوسبة السحابية ويهدف لتسريع الإجراءات ضمن قطاع الزراعة.,المزارع
1945,حل رقمي العيادات بالروبوتات الذكية,الصحة,حل رقمي مخصص لـ العيادات يعمل بالروبوتات الذكية ويهدف لتعزيز الأمان ضمن قطاع الصحة.,العيادات
1946,خدمة ذكية كبار السن بالواقع المعزز,الصحة,خدمة ذكية مخصص لـ كبار السن يعمل بالواقع المعزز ويهدف لرفع كفاءة التشغيل ضمن قطاع الصحة.,كبار السن
1947,منصة موحدة الطلاب بالحوسبة السحابية,العقارات,منصة موحدة مخصص لـ الطلاب يعمل بالحوسبة السحابية ويهدف لدعم رؤية 2030 ضمن قطاع العقارات.,الطلاب
1948,نظام الأطفال بالتحليلات التنبؤية,التعليم,نظام مخصص لـ الأطفال يعمل بالتحليلات التنبؤية ويهدف لرفع كفاءة التشغيل ضمن قطاع التعليم.,الأطفال
1949,محرك توصيات المشاعر المقدسة بالروبوتات الذكية,الحج والعمرة,محرك توصيات مخصص لـ المشاعر المقدسة يعمل بالروبوتات الذكية ويهدف لتسهيل الوصول للخدمات ضمن قطاع الحج والعمرة.,المشاعر المقدسة
1950,محرك توصيات البيوت المحمية بالبلوك تشين,الزراعة,محرك توصيات مخصص لـ البيوت المحمية يعمل بالبلوك تشين ويهدف لتقليل الهدر ضمن قطاع الزراعة.,البيوت المحمية
1951,نظام ذوي الإعاقة بالبلوك تشين,التعليم,نظام مخصص لـ ذوي الإعاقة يعمل بالبلوك تشين ويهدف لتقليل الهدر ضمن قطاع التعليم.,ذوي الإعاقة
1952,محرك توصيات المدارس بالواقع المعزز,التعليم,محرك توصيات مخصص لـ المدارس يعمل بالواقع المعزز ويهدف لتعزيز الأمان ضمن قطاع التعليم.,المدارس
1953,منصة موحدة الأحياء السكنية باستخدام إنترنت الأشياء,المدن الذكية,منصة موحدة مخصص لـ الأحياء السكنية يعمل باستخدام إنترنت الأشياء ويهدف لتعزيز الأمان ضمن قطاع المدن الذكية.,الأحياء السكنية
1954,مساعد ذكي الحملات بالحوسبة السحابية,الحج والعمرة,مساعد ذكي مخصص لـ الحملات يعمل بالحوسبة السحابية ويهدف لرفع كفاءة التشغيل ضمن قطاع الحج والعمرة.,الحملات
1955,نظام المزارع بالروبوتات الذكية,الزراعة,نظام مخصص لـ المزارع يعمل بالروبوتات الذكية ويهدف لتسهيل الوصول للخدمات ضمن قطاع الزراعة.,المزارع
1956,خدمة ذكية الطلاب بالبلوك تشين,العقارات,خدمة ذكية مخصص لـ الطلاب يعمل بالبلوك تشين ويهدف لتحسين تجربة المستخدم ضمن قطاع العقارات.,الطلاب
1957,لوحة تحكم جدة بالذكاء الاصطناعي,المدن الذكية,لوحة تحكم مخصص لـ جدة يعمل بالذكاء الاصطناعي ويهدف لدعم رؤية 2030 ضمن قطاع المدن الذكية.,جدة
1958,تطبيق المجمعات السكنية بالبلوك تشين,العقارات,تطبيق مخصص لـ المجمعات السكنية يعمل بالبلوك تشين ويهدف لدعم رؤية 2030 ضمن قطاع العقارات.,المجمعات السكنية
1959,نظام مراقبة المجمعات السكنية بالنماذج اللغوية,العقارات,نظام مراقبة مخصص لـ المجمعات السكنية يعمل بالنماذج اللغوية ويهدف لدعم رؤية 2030 ضمن قطاع العقارات.,المجمعات السكنية
1960,منصة موحدة الطلاب بالبلوك تشين,العقارات,منصة موحدة مخصص لـ الطلاب يعمل بالبلوك تشين ويهدف لرفع جودة الحياة ضمن قطاع العقارات.,الطلاب
1961,محرك توصيات المباني الحكومية بالواقع الافتراضي,الطاقة,محرك توصيات مخصص لـ المباني الحكومية يعمل بالواقع الافتراضي ويهدف لتعزيز الأمان ضمن قطاع الطاقة.,المباني الحكومية
1962,خدمة ذكية جدة بالحوسبة السحابية,المدن الذكية,خدمة ذكية مخصص لـ جدة يعمل بالحوسبة السحابية ويهدف لتقليل الهدر ضمن قطاع المدن الذكية.,جدة
1963,خدمة ذكية الحملات بالحوسبة السحابية,الحج والعمرة,خدمة ذكية مخصص لـ الحملات يعمل بالحوسبة السحابية ويهدف لدعم رؤية 2030 ضمن قطاع الحج والعمرة.,الحملات
1964,نظام مراقبة ذوي الإعاقة باستخدام إنترنت الأشياء,التعليم,نظام مراقبة مخصص لـ ذوي الإعاقة يعمل باستخدام إنترنت الأشياء ويهدف لتسريع الإجراءات ضمن قطاع التعليم.,ذوي الإعاقة
1965,نظام مراقبة المزارع المنزلية بالحوسبة السحابية,الزراعة,نظام مراقبة مخصص لـ المزارع المنزلية يعمل بالحوسبة السحابية ويهدف لتسهيل الوصول للخدمات ضمن قطاع الزراعة.,المزارع المنزلية
1966,حل رقمي الجامعات بالنماذج اللغوية,المدن الذكية,حل رقمي مخصص لـ الجامعات يعمل بالنماذج اللغوية ويهدف لرفع كفاءة التشغيل ضمن قطاع المدن الذكية.,الجامعات
1967,منصة موحدة المؤجرين بالواقع الافتراضي,العقارات,منصة موحدة مخصص لـ المؤجرين يعمل بالواقع الافتراضي ويهدف لتعزيز الأمان ضمن قطاع العقارات.,المؤجرين
1968,لوحة تحكم المعتمرين بالبلوك تشين,الحج والعمرة,لوحة تحكم مخصص لـ المعتمرين يعمل بالبلوك تشين ويهدف لتحسين الاستدامة ضمن قطاع الحج والعمرة.,المعتمرين
1969,مساعد ذكي الحجاج بالواقع المعزز,الحج والعمرة,مساعد ذكي مخصص لـ الحجاج يعمل بالواقع المعزز ويهدف لرفع جودة الحياة ضمن قطاع الحج والعمرة.,الحجاج
1970,مساعد ذكي الشركات الصغيرة بالواقع الافتراضي,المالية,مساعد ذكي مخصص لـ الشركات الصغيرة يعمل بالواقع الافتراضي ويهدف لرفع جودة الحياة ضمن قطاع المالية.,الشركات الصغيرة
1971,تطبيق المشاعر المقدسة بالبلوك تشين,الحج والعمرة,تطبيق مخصص لـ المشاعر المقدسة يعمل بالبلوك تشين ويهدف لتقليل التكاليف ضمن قطاع الحج والعمرة.,المشاعر المقدسة
1972,منصة موحدة الأسر بالواقع المعزز,المالية,منصة موحدة مخصص لـ الأسر يعمل بالواقع المعزز ويهدف لتقليل التكاليف ضمن قطاع المالية.,الأسر
1973,خدمة ذكية النخيل بتحليل البيانات,الزراعة,خدمة ذكية مخصص لـ النخيل يعمل بتحليل البيانات ويهدف لتسهيل الوصول للخدمات ضمن قطاع الزراعة.,النخيل
1974,لوحة تحكم كبار السن بالروبوتات الذكية,الصحة,لوحة تحكم مخصص لـ كبار السن يعمل بالروبوتات الذكية ويهدف لتقليل الهدر ضمن قطاع الصحة.,كبار السن
1975,تطبيق الأحياء بالحوسبة السحابية,العقارات,تطبيق مخصص لـ الأحياء يعمل بالحوسبة السحابية ويهدف لتقليل التكاليف ضمن قطاع العقارات.,الأحياء
1976,لوحة تحكم المولات بالروبوتات الذكية,المدن الذكية,لوحة تحكم مخصص لـ المولات يعمل بالروبوتات الذكية ويهدف لدعم رؤية 2030 ضمن قطاع المدن الذكية.,المولات
1977,نظام ذوي الإعاقة بالذكاء الاصطناعي,التعليم,نظام مخصص لـ ذوي الإعاقة يعمل بالذكاء الاصطناعي ويهدف لتحسين تجربة المستخدم ضمن قطاع التعليم.,ذوي الإعاقة
1978,لوحة تحكم البيوت المحمية بالواقع المعزز,الزراعة,لوحة تحكم مخصص لـ البيوت المحمية يعمل بالواقع المعزز ويهدف لتسهيل الوصول للخدمات ضمن قطاع الزراعة.,البيوت المحمية
1979,نظام المؤجرين بالتحليلات التنبؤية,العقارات,نظام مخصص لـ المؤجرين يعمل بالتحليلات التنبؤية ويهدف لدعم رؤية 2030 ضمن قطاع العقارات.,المؤجرين
1980,تطبيق الأحياء بالذكاء الاصطناعي,العقارات,تطبيق مخصص لـ الأحياء يعمل بالذكاء الاصطناعي ويهدف لرفع كفاءة التشغيل ضمن قطاع العقارات.,الأحياء
1981,نظام مراقبة المستشفيات بالروبوتات الذكية,الصحة,نظام مراقبة مخصص لـ المستشفيات يعمل بالروبوتات الذكية ويهدف لتحسين تجربة المستخدم ضمن قطاع الصحة.,المستشفيات
1982,محرك توصيات المصانع بتحليل البيانات,الطاقة,محرك توصيات مخصص لـ المصانع يعمل بتحليل البيانات ويهدف لرفع جودة الحياة ضمن قطاع الطاقة.,المصانع
1983,منصة موحدة الشركات الصغيرة بتحليل البيانات,المالية,منصة موحدة مخصص لـ الشركات الصغيرة يعمل بتحليل البيانات ويهدف لتعزيز الأمان ضمن قطاع المالية.,الشركات الصغيرة
1984,حل رقمي جدة بالبلوك تشين,المدن الذكية,حل رقمي مخصص لـ جدة يعمل بالبلوك تشين ويهدف لتعزيز الأمان ضمن قطاع المدن الذكية.,جدة
1985,خدمة ذكية الشركات الصغيرة بالنماذج اللغوية,المالية,خدمة ذكية مخصص لـ الشركات الصغيرة يعمل بالنماذج اللغوية ويهدف لتسريع الإجراءات ضمن قطاع المالية.,الشركات الصغيرة
1986,منصة موحدة جدة بالواقع الافتراضي,المدن الذكية,منصة موحدة مخصص لـ جدة يعمل بالواقع الافتراضي ويهدف لتحسين تجربة المستخدم ضمن قطاع المدن الذكية.,جدة
1987,محرك توصيات الرياضيين بتحليل البيانات,الصحة,محرك توصيات مخصص لـ الرياضيين يعمل بتحليل البيانات ويهدف لتحسين الاستدامة ضمن قطاع الصحة.,الرياضيين
1988,منصة موحدة المؤجرين بالتحليلات التنبؤية,العقارات,منصة موحدة مخصص لـ المؤجرين يعمل بالتحليلات التنبؤية ويهدف لرفع جودة الحياة ضمن قطاع العقارات.,المؤجرين
1989,مساعد ذكي الأسر باستخدام إنترنت الأشياء,المالية,مساعد ذكي مخصص لـ الأسر يعمل باستخدام إنترنت الأشياء ويهدف لرفع كفاءة التشغيل ضمن قطاع المالية.,الأسر
1990,محرك توصيات الشركات الصغيرة باستخدام إنترنت الأشياء,المالية,محرك توصيات مخصص لـ الشركات الصغيرة يعمل باستخدام إنترنت الأشياء ويهدف لرفع جودة الحياة ضمن قطاع المالية.,الشركات الصغيرة
1991,نظام مراقبة المشاعر المقدسة بتحليل البيانات,الحج والعمرة,نظام مراقبة مخصص لـ المشاعر المقدسة يعمل بتحليل البيانات ويهدف لرفع كفاءة التشغيل ضمن قطاع الحج والعمرة.,المشاعر المقدسة
1992,منصة المعتمرين بالنماذج اللغوية,الحج والعمرة,منصة مخصص لـ المعتمرين يعمل بالنماذج اللغوية ويهدف لتحسين الاستدامة ضمن قطاع الحج والعمرة.,المعتمرين
1993,مساعد ذكي المشاعر المقدسة بتحليل البيانات,الحج والعمرة,مساعد ذكي مخصص لـ المشاعر المقدسة يعمل بتحليل البيانات ويهدف لرفع كفاءة التشغيل ضمن قطاع الحج والعمرة.,المشاعر المقدسة
1994,نظام المشاعر المقدسة بالبلوك تشين,الحج والعمرة,نظام مخصص لـ المشاعر المقدسة يعمل بالبلوك تشين ويهدف لرفع جودة الحياة ضمن قطاع الحج والعمرة.,المشاعر المقدسة
1995,تطبيق البيوت المحمية بالنماذج اللغوية,الزراعة,تطبيق مخصص لـ البيوت المحمية يعمل بالنماذج اللغوية ويهدف لتسريع الإجراءات ضمن قطاع الزراعة.,البيوت المحمية
1996,خدمة ذكية المنازل بالبلوك تشين,الطاقة,خدمة ذكية مخصص لـ المنازل يعمل بالبلوك تشين ويهدف لتسهيل الوصول للخدمات ضمن قطاع الطاقة.,المنازل
1997,نظام المزارع المنزلية بالتحليلات التنبؤية,الزراعة,نظام مخصص لـ المزارع المنزلية يعمل بالتحليلات التنبؤية ويهدف لتعزيز الأمان ضمن قطاع الزراعة.,المزارع المنزلية
1998,محرك توصيات الطلاب بالتحليلات التنبؤية,العقارات,محرك توصيات مخصص لـ الطلاب يعمل بالتحليلات التنبؤية ويهدف لتسهيل الوصول للخدمات ضمن قطاع العقارات.,الطلاب
1999,لوحة تحكم المصانع بالواقع المعزز,الطاقة,لوحة تحكم مخصص لـ المصانع يعمل بالواقع المعزز ويهدف لتقليل التكاليف ضمن قطاع الطاقة.,المصانع
2000,نظام مراقبة النخيل باستخدام إنترنت الأشياء,الزراعة,نظام مراقبة مخصص لـ النخيل يعمل باستخدام إنترنت الأشياء ويهدف لرفع كفاءة التشغيل ضمن قطاع الزراعة.,النخيل
2001,منصة موحدة السيارات الكهربائية بالتحليلات التنبؤية,الطاقة,منصة موحدة مخصص لـ السيارات الكهربائية يعمل بالتحليلات التنبؤية ويهدف لتقليل التكاليف ضمن قطاع الطاقة.,السيارات الكهربائية
2002,مساعد ذكي الأحياء السكنية بالذكاء الاصطناعي,المدن الذكية,مساعد ذكي مخصص لـ الأحياء السكنية يعمل بالذكاء الاصطناعي ويهدف لتسهيل الوصول للخدمات ضمن قطاع المدن الذكية.,الأحياء السكنية
2003,نظام مراقبة الأطفال باستخدام إنترنت الأشياء,التعليم,نظام مراقبة مخصص لـ الأطفال يعمل باستخدام إنترنت الأشياء ويهدف لتسريع الإجراءات ضمن قطاع التعليم.,الأطفال
2004,مساعد ذكي الحجاج بالبلوك تشين,الصحة,مساعد ذكي مخصص لـ الحجاج يعمل بالبلوك تشين ويهدف لتحسين تجربة المستخدم ضمن قطاع الصحة.,الحجاج
2005,لوحة تحكم الرياض باستخدام إنترنت الأشياء,المدن الذكية,لوحة تحكم مخصص لـ الرياض يعمل باستخدام إنترنت الأشياء ويهدف لتقليل التكاليف ضمن قطاع المدن الذكية.,الرياض
2006,تطبيق المشاعر المقدسة بالتحليلات التنبؤية,الحج والعمرة,تطبيق مخصص لـ المشاعر المقدسة يعمل بالتحليلات التنبؤية ويهدف لتحسين تجربة المستخدم ضمن قطاع الحج والعمرة.,المشاعر المقدسة
2007,محرك توصيات المستشفيات بتحليل البيانات,الصحة,محرك توصيات مخصص لـ المستشفيات يعمل بتحليل البيانات ويهدف لتقليل التكاليف ضمن قطاع الصحة.,المستشفيات
2008,لوحة تحكم العيادات بالواقع المعزز,الصحة,لوحة تحكم مخصص لـ العيادات يعمل بالواقع المعزز ويهدف لدعم رؤية 2030 ضمن قطاع الصحة.,العيادات
2009,لوحة تحكم المدارس باستخدام إنترنت الأشياء,التعليم,لوحة تحكم مخصص لـ المدارس يعمل باستخدام إنترنت الأشياء ويهدف لرفع جودة الحياة ضمن قطاع التعليم.,المدارس
2010,منصة موحدة المستشفيات بالتحليلات التنبؤية,الصحة,منصة موحدة مخصص لـ المستشفيات يعمل بالتحليلات التنبؤية ويهدف لرفع كفاءة التشغيل ضمن قطاع الصحة.,المستشفيات
2011,تطبيق النخيل بالواقع الافتراضي,الزراعة,تطبيق مخصص لـ النخيل يعمل بالواقع الافتراضي ويهدف لتقليل الهدر ضمن قطاع الزراعة.,النخيل
2012,لوحة تحكم الأطفال بالروبوتات الذكية,الصحة,لوحة تحكم مخصص لـ الأطفال يعمل بالروبوتات الذكية ويهدف لدعم رؤية 2030 ضمن قطاع الصحة.,الأطفال
2013,نظام البيوت المحمية بالواقع المعزز,الزراعة,نظام مخصص لـ البيوت المحمية يعمل بالواقع المعزز ويهدف لتعزيز الأمان ضمن قطاع الزراعة.,البيوت المحمية
2014,نظام مراقبة المباني الحكومية بالواقع الافتراضي,الطاقة,نظام مراقبة مخصص لـ المباني الحكومية يعمل بالواقع الافتراضي ويهدف لتحسين الاستدامة ضمن قطاع الطاقة.,المباني الحكومية
2015,حل رقمي المولات بالتحليلات التنبؤية,المدن الذكية,حل رقمي مخصص لـ المولات يعمل بالتحليلات التنبؤية ويهدف لرفع جودة الحياة ضمن قطاع المدن الذكية.,المولات
2016,مساعد ذكي المستشفيات بالحوسبة السحابية,الصحة,مساعد ذكي مخصص لـ المستشفيات يعمل بالحوسبة السحابية ويهدف لرفع كفاءة التشغيل ضمن قطاع الصحة.,المستشفيات
2017,لوحة تحكم الطلاب بالواقع المعزز,المالية,لوحة تحكم مخصص لـ الطلاب يعمل بالواقع المعزز ويهدف لدعم رؤية 2030 ضمن قطاع المالية.,الطلاب
2018,منصة البنوك بالحوسبة السحابية,الأمن السيبراني,منصة مخصص لـ البنوك يعمل بالحوسبة السحابية ويهدف لرفع كفاءة التشغيل ضمن قطاع الأمن السيبراني.,البنوك
2019,منصة الأحياء بتحليل البيانات,العقارات,منصة مخصص لـ الأحياء يعمل بتحليل البيانات ويهدف لرفع كفاءة التشغيل ضمن قطاع العقارات.,الأحياء
2020,محرك توصيات المنازل بالنماذج اللغوية,الطاقة,محرك توصيات مخصص لـ المنازل يعمل بالنماذج اللغوية ويهدف لتحسين الاستدامة ضمن قطاع الطاقة.,المنازل
2021,حل رقمي الحجاج بالبلوك تشين,الحج والعمرة,حل رقمي مخصص لـ الحجاج يعمل بالبلوك تشين ويهدف لتحسين الاستدامة ضمن قطاع الحج والعمرة.,الحجاج
2022,منصة موحدة المباني الحكومية باستخدام إنترنت الأشياء,الطاقة,منصة موحدة مخصص لـ المباني الحكومية يعمل باستخدام إنترنت الأشياء ويهدف لرفع جودة الحياة ضمن قطاع الطاقة.,المباني الحكومية
2023,لوحة تحكم البيوت المحمية باستخدام إنترنت الأشياء,الزراعة,لوحة تحكم مخصص لـ البيوت المحمية يعمل باستخدام إنترنت الأشياء ويهدف لتقليل الهدر ضمن قطاع الزراعة.,البيوت المحمية
2024,تطبيق الأحياء السكنية بالتحليلات التنبؤية,المدن الذكية,تطبيق مخصص لـ الأحياء السكنية يعمل بالتحليلات التنبؤية ويهدف لدعم رؤية 2030 ضمن قطاع المدن الذكية.,الأحياء السكنية
2025,خدمة ذكية الأحياء بالبلوك تشين,العقارات,خدمة ذكية مخصص لـ الأحياء يعمل بالبلوك تشين ويهدف لرفع كفاءة التشغيل ضمن قطاع العقارات.,الأحياء
2026,نظام مراقبة الأسر المنتجة بالروبوتات الذكية,التجارة الإلكترونية,نظام مراقبة مخصص لـ الأسر المنتجة يعمل بالروبوتات الذكية ويهدف لتقليل الهدر ضمن قطاع التجارة الإلكترونية.,الأسر المنتجة
2027,منصة موحدة المعتمرين بالبلوك تشين,الحج والعمرة,منصة موحدة مخصص لـ المعتمرين يعمل بالبلوك تشين ويهدف لتحسين تجربة المستخدم ضمن قطاع الحج والعمرة.,المعتمرين
2028,محرك توصيات العيادات بتحليل البيانات,الصحة,محرك توصيات مخصص لـ العيادات يعمل بتحليل البيانات ويهدف لتسريع الإجراءات ضمن قطاع الصحة.,العيادات
2029,نظام الجامعات بالتحليلات التنبؤية,المدن الذكية,نظام مخصص لـ الجامعات يعمل بالتحليلات التنبؤية ويهدف لتحسين تجربة المستخدم ضمن قطاع المدن الذكية.,الجامعات
2030,نظام المتاجر الصغيرة بالنماذج اللغوية,التجارة الإلكترونية,نظام مخصص لـ المتاجر الصغيرة يعمل بالنماذج اللغوية ويهدف لرفع كفاءة التشغيل ضمن قطاع التجارة الإلكترونية.,المتاجر الصغيرة
2031,منصة الشركات الصغيرة بالتحليلات التنبؤية,المالية,منصة مخصص لـ الشركات الصغيرة يعمل بالتحليلات التنبؤية ويهدف لتقليل التكاليف ضمن قطاع المالية.,الشركات الصغيرة
2032,مساعد ذكي المعتمرين بالروبوتات الذكية,الحج والعمرة,مساعد ذكي مخصص لـ المعتمرين يعمل بالروبوتات الذكية ويهدف لدعم رؤية 2030 ضمن قطاع الحج والعمرة.,المعتمرين
2033,خدمة ذكية النخيل بالبلوك تشين,الزراعة,خدمة ذكية مخصص لـ النخيل يعمل بالبلوك تشين ويهدف لتقليل التكاليف ضمن قطاع الزراعة.,النخيل
2034,حل رقمي المنازل الذكية بالبلوك تشين,الأمن السيبراني,حل رقمي مخصص لـ المنازل الذكية يعمل بالبلوك تشين ويهدف لتحسين تجربة المستخدم ضمن قطاع الأمن السيبراني.,المنازل الذكية
2035,لوحة تحكم الشركات الصغيرة بالروبوتات الذكية,المالية,لوحة تحكم مخصص لـ الشركات الصغيرة يعمل بالروبوتات الذكية ويهدف لرفع جودة الحياة ضمن قطاع المالية.,الشركات الصغيرة
2036,حل رقمي جدة بالواقع الافتراضي,المدن الذكية,حل رقمي مخصص لـ جدة يعمل بالواقع الافتراضي ويهدف لتقليل الهدر ضمن قطاع المدن الذكية.,جدة
2037,خدمة ذكية الحج باستخدام إنترنت الأشياء,المدن الذكية,خدمة ذكية مخصص لـ الحج يعمل باستخدام إنترنت الأشياء ويهدف لتحسين الاستدامة ضمن قطاع المدن الذكية.,الحج
2038,منصة موحدة الشركات الصغيرة باستخدام إنترنت الأشياء,المالية,منصة موحدة مخصص لـ الشركات الصغيرة يعمل باستخدام إنترنت الأشياء ويهدف لدعم رؤية 2030 ضمن قطاع المالية.,الشركات الصغيرة
2039,خدمة ذكية الطلاب باستخدام إنترنت الأشياء,المالية,خدمة ذكية مخصص لـ الطلاب يعمل باستخدام إنترنت الأشياء ويهدف لتقليل الهدر ضمن قطاع المالية.,الطلاب
2040,نظام مراقبة المستشفيات بالواقع المعزز,الأمن السيبراني,نظام مراقبة مخصص لـ المستشفيات يعمل بالواقع المعزز ويهدف لتسهيل الوصول للخدمات ضمن قطاع الأمن السيبراني.,المستشفيات
2041,محرك توصيات المنازل الذكية بالبلوك تشين,الأمن السيبراني,محرك توصيات مخصص لـ المنازل الذكية يعمل بالبلوك تشين ويهدف لتحسين تجربة المستخدم ضمن قطاع الأمن السيبراني.,المنازل الذكية
2042,نظام مراقبة المتاجر الصغيرة بالحوسبة السحابية,التجارة الإلكترونية,نظام مراقبة مخصص لـ المتاجر الصغيرة يعمل بالحوسبة السحابية ويهدف لتقليل التكاليف ضمن قطاع التجارة الإلكترونية.,المتاجر الصغيرة
2043,منصة موحدة الأسر بالذكاء الاصطناعي,المالية,منصة موحدة مخصص لـ الأسر يعمل بالذكاء الاصطناعي ويهدف لرفع جودة الحياة ضمن قطاع المالية.,الأسر
2044,خدمة ذكية الطلاب بالواقع المعزز,العقارات,خدمة ذكية مخصص لـ الطلاب يعمل بالواقع المعزز ويهدف لتحسين تجربة المستخدم ضمن قطاع العقارات.,الطلاب
2045,نظام مراقبة الحملات بالتحليلات التنبؤية,الحج والعمرة,نظام مراقبة مخصص لـ الحملات يعمل بالتحليلات التنبؤية ويهدف لتسهيل الوصول للخدمات ضمن قطاع الحج والعمرة.,الحملات
2046,حل رقمي المستثمرين بالنماذج اللغوية,المالية,حل رقمي مخصص لـ المستثمرين يعمل بالنماذج اللغوية ويهدف لدعم رؤية 2030 ضمن قطاع المالية.,المستثمرين
2047,لوحة تحكم المشاعر المقدسة بتحليل البيانات,الحج والعمرة,لوحة تحكم مخصص لـ المشاعر المقدسة يعمل بتحليل البيانات ويهدف لتقليل التكاليف ضمن قطاع الحج والعمرة.,المشاعر المقدسة
2048,منصة الطلاب بالروبوتات الذكية,المالية,منصة مخصص لـ الطلاب يعمل بالروبوتات الذكية ويهدف لتسهيل الوصول للخدمات ضمن قطاع المالية.,الطلاب
2049,منصة موحدة الأحياء بالواقع المعزز,العقارات,منصة موحدة مخصص لـ الأحياء يعمل بالواقع المعزز ويهدف لتسهيل الوصول للخدمات ضمن قطاع العقارات.,الأحياء
2050,محرك توصيات النخيل بالتحليلات التنبؤية,الزراعة,محرك توصيات مخصص لـ النخيل يعمل بالتحليلات التنبؤية ويهدف لرفع كفاءة التشغيل ضمن قطاع الزراعة.,النخيل
2051,محرك توصيات المزارع بالروبوتات الذكية,الزراعة,محرك توصيات مخصص لـ المزارع يعمل بالروبوتات الذكية ويهدف لتسريع الإجراءات ضمن قطاع الزراعة.,المزارع
2052,نظام المستشفيات بتحليل البيانات,الصحة,نظام مخصص لـ المستشفيات يعمل بتحليل البيانات ويهدف لتقليل الهدر ضمن قطاع الصحة.,المستشفيات
2053,حل رقمي المعتمرين بالحوسبة السحابية,الحج والعمرة,حل رقمي مخصص لـ المعتمرين يعمل بالحوسبة السحابية ويهدف لتسريع الإجراءات ضمن قطاع الحج والعمرة.,المعتمرين
2054,منصة موحدة الأسر المنتجة بالواقع المعزز,التجارة الإلكترونية,منصة موحدة مخصص لـ الأسر المنتجة يعمل بالواقع المعزز ويهدف لتحسين تجربة المستخدم ضمن قطاع التجارة الإلكترونية.,الأسر المنتجة
2055,منصة الحجاج بتحليل البيانات,الحج والعمرة,منصة مخصص لـ الحجاج يعمل بتحليل البيانات ويهدف لرفع جودة الحياة ضمن قطاع الحج والعمرة.,الحجاج
2056,محرك توصيات المقاهي بالتحليلات التنبؤية,التجارة الإلكترونية,محرك توصيات مخصص لـ المقاهي يعمل بالتحليلات التنبؤية ويهدف لتحسين تجربة المستخدم ضمن قطاع التجارة الإلكترونية.,المقاهي
2057,محرك توصيات الشركات الصغيرة بالروبوتات الذكية,المالية,محرك توصيات مخصص لـ الشركات الصغيرة يعمل بالروبوتات الذكية ويهدف لتحسين الاستدامة ضمن قطاع المالية.,الشركات الصغيرة
2058,لوحة تحكم العيادات بتحليل البيانات,الصحة,لوحة تحكم مخصص لـ العيادات يعمل بتحليل البيانات ويهدف لرفع جودة الحياة ضمن قطاع الصحة.,العيادات
2059,منصة المدارس بالواقع الافتراضي,التعليم,منصة مخصص لـ المدارس يعمل بالواقع الافتراضي ويهدف لتسريع الإجراءات ضمن قطاع التعليم.,المدارس
2060,نظام الطلاب بالواقع المعزز,المالية,نظام مخصص لـ الطلاب يعمل بالواقع المعزز ويهدف لرفع كفاءة التشغيل ضمن قطاع المالية.,الطلاب
2061,منصة الحجاج بالروبوتات الذكية,الصحة,منصة مخصص لـ الحجاج يعمل بالروبوتات الذكية ويهدف لرفع كفاءة التشغيل ضمن قطاع الصحة.,الحجاج
2062,خدمة ذكية الحج بالواقع الافتراضي,المدن الذكية,خدمة ذكية مخصص لـ الحج يعمل بالواقع الافتراضي ويهدف لرفع جودة الحياة ضمن قطاع المدن الذكية.,الحج
2063,تطبيق الطلاب باستخدام إنترنت الأشياء,الصحة,تطبيق مخصص لـ الطلاب يعمل باستخدام إنترنت الأشياء ويهدف لتقليل التكاليف ضمن قطاع الصحة.,الطلاب
2064,مساعد ذكي المصانع بالبلوك تشين,الطاقة,مساعد ذكي مخصص لـ المصانع يعمل بالبلوك تشين ويهدف لرفع جودة الحياة ضمن قطاع الطاقة.,المصانع
2065,منصة المصانع بالواقع الافتراضي,الطاقة,منصة مخصص لـ المصانع يعمل بالواقع الافتراضي ويهدف لتحسين تجربة المستخدم ضمن قطاع الطاقة.,المصانع
2066,حل رقمي الطلاب بالحوسبة السحابية,المالية,حل رقمي مخصص لـ الطلاب يعمل بالحوسبة السحابية ويهدف لرفع كفاءة التشغيل ضمن قطاع المالية.,الطلاب
2067,خدمة ذكية المعتمرين باستخدام إنترنت الأشياء,الحج والعمرة,خدمة ذكية مخصص لـ المعتمرين يعمل باستخدام إنترنت الأشياء ويهدف لدعم رؤية 2030 ضمن قطاع الحج والعمرة.,المعتمرين
2068,منصة السيارات الكهربائية بالروبوتات الذكية,الطاقة,منصة مخصص لـ السيارات الكهربائية يعمل بالروبوتات الذكية ويهدف لتقليل الهدر ضمن قطاع الطاقة.,السيارات الكهربائية
2069,نظام مراقبة البيوت المحمية بالواقع المعزز,الزراعة,نظام مراقبة مخصص لـ البيوت المحمية يعمل بالواقع المعزز ويهدف لتقليل التكاليف ضمن قطاع الزراعة.,البيوت المحمية
2070,نظام مراقبة العمالة بتحليل البيانات,المالية,نظام مراقبة مخصص لـ العمالة يعمل بتحليل البيانات ويهدف لتعزيز الأمان ضمن قطاع المالية.,العمالة
2071,خدمة ذكية المقاهي بالواقع المعزز,التجارة الإلكترونية,خدمة ذكية مخصص لـ المقاهي يعمل بالواقع المعزز ويهدف لدعم رؤية 2030 ضمن قطاع التجارة الإلكترونية.,المقاهي
2072,منصة المشاعر المقدسة بالبلوك تشين,الحج والعمرة,منصة مخصص لـ المشاعر المقدسة يعمل بالبلوك تشين ويهدف لتحسين تجربة المستخدم ضمن قطاع الحج والعمرة.,المشاعر المقدسة
2073,تطبيق المنازل الذكية بالواقع المعزز,الأمن السيبراني,تطبيق مخصص لـ المنازل الذكية يعمل بالواقع المعزز ويهدف لتقليل التكاليف ضمن قطاع الأمن السيبراني.,المنازل الذكية
2074,نظام مراقبة المعتمرين بالذكاء الاصطناعي,الحج والعمرة,نظام مراقبة مخصص لـ المعتمرين يعمل بالذكاء الاصطناعي ويهدف لتسريع الإجراءات ضمن قطاع الحج والعمرة.,المعتمرين
2075,حل رقمي المزارع المنزلية بالبلوك تشين,الزراعة,حل رقمي مخصص لـ المزارع المنزلية يعمل بالبلوك تشين ويهدف لتحسين الاستدامة ضمن قطاع الزراعة.,المزارع المنزلية
2076,مساعد ذكي المشاعر المقدسة باستخدام إنترنت الأشياء,الحج والعمرة,مساعد ذكي مخصص لـ المشاعر المقدسة يعمل باستخدام إنترنت الأشياء ويهدف لتحسين الاستدامة ضمن قطاع الحج والعمرة.,المشاعر المقدسة
2077,منصة الأسر المنتجة بالواقع المعزز,التجارة الإلكترونية,منصة مخصص لـ الأسر المنتجة يعمل بالواقع المعزز ويهدف لرفع كفاءة التشغيل ضمن قطاع التجارة الإلكترونية.,الأسر المنتجة
2078,نظام مراقبة الرياض بالحوسبة السحابية,المدن الذكية,نظام مراقبة مخصص لـ الرياض يعمل بالحوسبة السحابية ويهدف لتقليل الهدر ضمن قطاع المدن الذكية.,الرياض
2079,خدمة ذكية العمالة بالتحليلات التنبؤية,المالية,خدمة ذكية مخصص لـ العمالة يعمل بالتحليلات التنبؤية ويهدف لتحسين تجربة المستخدم ضمن قطاع المالية.,العمالة
2080,حل رقمي الأطفال بتحليل البيانات,التعليم,حل رقمي مخصص لـ الأطفال يعمل بتحليل البيانات ويهدف لتعزيز الأمان ضمن قطاع التعليم.,الأطفال
2081,لوحة تحكم الجامعات بالحوسبة السحابية,التعليم,لوحة تحكم مخصص لـ الجامعات يعمل بالحوسبة السحابية ويهدف لرفع كفاءة التشغيل ضمن قطاع التعليم.,الجامعات
2082,مساعد ذكي المقاهي بالواقع المعزز,التجارة الإلكترونية,مساعد ذكي مخصص لـ المقاهي يعمل بالواقع المعزز ويهدف لتقليل الهدر ضمن قطاع التجارة الإلكترونية.,المقاهي
2083,مساعد ذكي المتاجر الصغيرة بالروبوتات الذكية,التجارة الإلكترونية,مساعد ذكي مخصص لـ المتاجر الصغيرة يعمل بالروبوتات الذكية ويهدف لتحسين الاستدامة ضمن قطاع التجارة الإلكترونية.,المتاجر الصغيرة
2084,حل رقمي الحجاج بالواقع المعزز,الصحة,حل رقمي مخصص لـ الحجاج يعمل بالواقع المعزز ويهدف لتقليل التكاليف ضمن قطاع الصحة.,الحجاج
2085,منصة العمالة بالبلوك تشين,المالية,منصة مخصص لـ العمالة يعمل بالبلوك تشين ويهدف لتحسين الاستدامة ضمن قطاع المالية.,العمالة
2086,محرك توصيات السيارات الكهربائية بالتحليلات التنبؤية,الطاقة,محرك توصيات مخصص لـ السيارات الكهربائية يعمل بالتحليلات التنبؤية ويهدف لتقليل الهدر ضمن قطاع الطاقة.,السيارات الكهربائية
2087,محرك توصيات المستثمرين بالنماذج اللغوية,المالية,محرك توصيات مخصص لـ المستثمرين يعمل بالنماذج اللغوية ويهدف لتعزيز الأمان ضمن قطاع المالية.,المستثمرين
2088,لوحة تحكم المعلمين بتحليل البيانات,التعليم,لوحة تحكم مخصص لـ المعلمين يعمل بتحليل البيانات ويهدف لتحسين تجربة المستخدم ضمن قطاع التعليم.,المعلمين
2089,نظام مراقبة البنوك بالواقع المعزز,الأمن السيبراني,نظام مراقبة مخصص لـ البنوك يعمل بالواقع المعزز ويهدف لتحسين تجربة المستخدم ضمن قطاع الأمن السيبراني.,البنوك
2090,منصة المستشفيات بالواقع المعزز,الأمن السيبراني,منصة مخصص لـ المستشفيات يعمل بالواقع المعزز ويهدف لتقليل الهدر ضمن قطاع الأمن السيبراني.,المستشفيات
2091,تطبيق المجمعات السكنية بالتحليلات التنبؤية,العقارات,تطبيق مخصص لـ المجمعات السكنية يعمل بالتحليلات التنبؤية ويهدف لتقليل الهدر ضمن قطاع العقارات.,المجمعات السكنية
2092,تطبيق جدة بالتحليلات التنبؤية,المدن الذكية,تطبيق مخصص لـ جدة يعمل بالتحليلات التنبؤية ويهدف لتحسين الاستدامة ضمن قطاع المدن الذكية.,جدة
2093,محرك توصيات الطلاب بتحليل البيانات,العقارات,محرك توصيات مخصص لـ الطلاب يعمل بتحليل البيانات ويهدف لتحسين تجربة المستخدم ضمن قطاع العقارات.,الطلاب
2094,نظام كبار السن بالتحليلات التنبؤية,الصحة,نظام مخصص لـ كبار السن يعمل بالتحليلات التنبؤية ويهدف لتقليل التكاليف ضمن قطاع الصحة.,كبار السن
2095,مساعد ذكي المعلمين بالواقع الافتراضي,التعليم,مساعد ذكي مخصص لـ المعلمين يعمل بالواقع الافتراضي ويهدف لتسهيل الوصول للخدمات ضمن قطاع التعليم.,المعلمين
2096,خدمة ذكية المشاعر المقدسة بالتحليلات التنبؤية,الحج والعمرة,خدمة ذكية مخصص لـ المشاعر المقدسة يعمل بالتحليلات التنبؤية ويهدف لتعزيز الأمان ضمن قطاع الحج والعمرة.,المشاعر المقدسة
2097,منصة موحدة الحج باستخدام إنترنت الأشياء,المدن الذكية,منصة موحدة مخصص لـ الحج يعمل باستخدام إنترنت الأشياء ويهدف لدعم رؤية 2030 ضمن قطاع المدن الذكية.,الحج
2098,حل رقمي الأحياء السكنية بالواقع الافتراضي,المدن الذكية,حل رقمي مخصص لـ الأحياء السكنية يعمل بالواقع الافتراضي ويهدف لرفع كفاءة التشغيل ضمن قطاع المدن الذكية.,الأحياء السكنية
2099,منصة المجمعات السكنية بالتحليلات التنبؤية,العقارات,منصة مخصص لـ المجمعات السكنية يعمل بالتحليلات التنبؤية ويهدف لتعزيز الأمان ضمن قطاع العقارات.,المجمعات السكنية
2100,منصة موحدة الأسر المنتجة بتحليل البيانات,التجارة الإلكترونية,منصة موحدة مخصص لـ الأسر المنتجة يعمل بتحليل البيانات ويهدف لتسريع الإجراءات ضمن قطاع التجارة الإلكترونية.,الأسر المنتجة
2101,نظام الرياض بالذكاء الاصطناعي,المدن الذكية,نظام مخصص لـ الرياض يعمل بالذكاء الاصطناعي ويهدف لتعزيز الأمان ضمن قطاع المدن الذكية.,الرياض
2102,تطبيق المباني الحكومية بتحليل البيانات,الطاقة,تطبيق مخصص لـ المباني الحكومية يعمل بتحليل البيانات ويهدف لدعم رؤية 2030 ضمن قطاع الطاقة.,المباني الحكومية
2103,حل رقمي الأطفال بالنماذج اللغوية,التعليم,حل رقمي مخصص لـ الأطفال يعمل بالنماذج اللغوية ويهدف لتحسين الاستدامة ضمن قطاع التعليم.,الأطفال
2104,نظام مراقبة المنازل بالتحليلات التنبؤية,الطاقة,نظام مراقبة مخصص لـ المنازل يعمل بالتحليلات التنبؤية ويهدف لتعزيز الأمان ضمن قطاع الطاقة.,المنازل
2105,تطبيق الطلاب بالواقع الافتراضي,الصحة,تطبيق مخصص لـ الطلاب يعمل بالواقع الافتراضي ويهدف لتحسين تجربة المستخدم ضمن قطاع الصحة.,الطلاب
2106,محرك توصيات المنازل الذكية بالواقع الافتراضي,الأمن السيبراني,محرك توصيات مخصص لـ المنازل الذكية يعمل بالواقع الافتراضي ويهدف لتحسين تجربة المستخدم ضمن قطاع الأمن السيبراني.,المنازل الذكية
2107,مساعد ذكي المؤجرين بالحوسبة السحابية,العقارات,مساعد ذكي مخصص لـ المؤجرين يعمل بالحوسبة السحابية ويهدف لرفع كفاءة التشغيل ضمن قطاع العقارات.,المؤجرين
2108,محرك توصيات المجمعات السكنية بالحوسبة السحابية,العقارات,محرك توصيات مخصص لـ المجمعات السكنية يعمل بالحوسبة السحابية ويهدف لتقليل الهدر ضمن قطاع العقارات.,المجمعات السكنية
2109,تطبيق البيوت المحمية بالذكاء الاصطناعي,الزراعة,تطبيق مخصص لـ البيوت المحمية يعمل بالذكاء الاصطناعي ويهدف لتسريع الإجراءات ضمن قطاع الزراعة.,البيوت المحمية
2110,حل رقمي المعتمرين بالنماذج اللغوية,الحج والعمرة,حل رقمي مخصص لـ المعتمرين يعمل بالنماذج اللغوية ويهدف لتسهيل الوصول للخدمات ضمن قطاع الحج والعمرة.,المعتمرين
2111,نظام مراقبة النخيل بالنماذج اللغوية,الزراعة,نظام مراقبة مخصص لـ النخيل يعمل بالنماذج اللغوية ويهدف لتقليل الهدر ضمن قطاع الزراعة.,النخيل
2112,نظام مراقبة الرياضيين بالذكاء الاصطناعي,الصحة,نظام مراقبة مخصص لـ الرياضيين يعمل بالذكاء الاصطناعي ويهدف لرفع جودة الحياة ضمن قطاع الصحة.,الرياضيين
2113,منصة الأسر المنتجة بالروبوتات الذكية,التجارة الإلكترونية,منصة مخصص لـ الأسر المنتجة يعمل بالروبوتات الذكية ويهدف لتسهيل الوصول للخدمات ضمن قطاع التجارة الإلكترونية.,الأسر المنتجة
2114,حل رقمي المستشفيات باستخدام إنترنت الأشياء,الصحة,حل رقمي مخصص لـ المستشفيات يعمل باستخدام إنترنت الأشياء ويهدف لدعم رؤية 2030 ضمن قطاع الصحة.,المستشفيات
2115,مساعد ذكي العيادات بالنماذج اللغوية,الصحة,مساعد ذكي مخصص لـ العيادات يعمل بالنماذج اللغوية ويهدف لرفع جودة الحياة ضمن قطاع الصحة.,العيادات
2116,منصة المزارع بالحوسبة السحابية,الزراعة,منصة مخصص لـ المزارع يعمل بالحوسبة السحابية ويهدف لرفع جودة الحياة ضمن قطاع الزراعة.,المزارع
2117,محرك توصيات كبار السن بالروبوتات الذكية,الصحة,محرك توصيات مخصص لـ كبار السن يعمل بالروبوتات الذكية ويهدف لرفع كفاءة التشغيل ضمن قطاع الصحة.,كبار السن
2118,محرك توصيات الحجاج بالواقع المعزز,الحج والعمرة,محرك توصيات مخصص لـ الحجاج يعمل بالواقع المعزز ويهدف لتسهيل الوصول للخدمات ضمن قطاع الحج والعمرة.,الحجاج
2119,منصة الجامعات باستخدام إنترنت الأشياء,المدن الذكية,منصة مخصص لـ الجامعات يعمل باستخدام إنترنت الأشياء ويهدف لتسهيل الوصول للخدمات ضمن قطاع المدن الذكية.,الجامعات
2120,حل رقمي المؤجرين بالواقع الافتراضي,العقارات,حل رقمي مخصص لـ المؤجرين يعمل بالواقع الافتراضي ويهدف لتعزيز الأمان ضمن قطاع العقارات.,المؤجرين
2121,تطبيق الأطفال بالحوسبة السحابية,التعليم,تطبيق مخصص لـ الأطفال يعمل بالحوسبة السحابية ويهدف لتسهيل الوصول للخدمات ضمن قطاع التعليم.,الأطفال
2122,خدمة ذكية الأحياء بالذكاء الاصطناعي,العقارات,خدمة ذكية مخصص لـ الأحياء يعمل بالذكاء الاصطناعي ويهدف لدعم رؤية 2030 ضمن قطاع العقارات.,الأحياء
2123,خدمة ذكية كبار السن بالذكاء الاصطناعي,الصحة,خدمة ذكية مخصص لـ كبار السن يعمل بالذكاء الاصطناعي ويهدف لتحسين تجربة المستخدم ضمن قطاع الصحة.,كبار السن
2124,نظام مراقبة الأسر المنتجة بالحوسبة السحابية,التجارة الإلكترونية,نظام مراقبة مخصص لـ الأسر المنتجة يعمل بالحوسبة السحابية ويهدف لتعزيز الأمان ضمن قطاع التجارة الإلكترونية.,الأسر المنتجة
2125,مساعد ذكي المتاجر الصغيرة بتحليل البيانات,التجارة الإلكترونية,مساعد ذكي مخصص لـ المتاجر الصغيرة يعمل بتحليل البيانات ويهدف لتحسين تجربة المستخدم ضمن قطاع التجارة الإلكترونية.,المتاجر الصغيرة
2126,منصة موحدة الأطفال بالذكاء الاصطناعي,الصحة,منصة موحدة مخصص لـ الأطفال يعمل بالذكاء الاصطناعي ويهدف لرفع كفاءة التشغيل ضمن قطاع الصحة.,الأطفال
2127,خدمة ذكية المقاهي بتحليل البيانات,التجارة الإلكترونية,خدمة ذكية مخصص لـ المقاهي يعمل بتحليل البيانات ويهدف لتقليل الهدر ضمن قطاع التجارة الإلكترونية.,المقاهي
2128,حل رقمي المعتمرين بالروبوتات الذكية,الحج والعمرة,حل رقمي مخصص لـ المعتمرين يعمل بالروبوتات الذكية ويهدف لتقليل الهدر ضمن قطاع الحج والعمرة.,المعتمرين
2129,حل رقمي الأحياء بالنماذج اللغوية,العقارات,حل رقمي مخصص لـ الأحياء يعمل بالنماذج اللغوية ويهدف لدعم رؤية 2030 ضمن قطاع العقارات.,الأحياء
2130,خدمة ذكية المنازل الذكية بالحوسبة السحابية,الأمن السيبراني,خدمة ذكية مخصص لـ المنازل الذكية يعمل بالحوسبة السحابية ويهدف لتقليل التكاليف ضمن قطاع الأمن السيبراني.,المنازل الذكية
2131,مساعد ذكي المستشفيات بالواقع المعزز,الأمن السيبراني,مساعد ذكي مخصص لـ المستشفيات يعمل بالواقع المعزز ويهدف لتقليل التكاليف ضمن قطاع الأمن السيبراني.,المستشفيات
2132,منصة موحدة المجمعات السكنية بالحوسبة السحابية,العقارات,منصة موحدة مخصص لـ المجمعات السكنية يعمل بالحوسبة السحابية ويهدف لرفع جودة الحياة ضمن قطاع العقارات.,المجمعات السكنية
2133,تطبيق الأطفال بالواقع المعزز,التعليم,تطبيق مخصص لـ الأطفال يعمل بالواقع المعزز ويهدف لرفع جودة الحياة ضمن قطاع التعليم.,الأطفال
2134,لوحة تحكم المستشفيات بالتحليلات التنبؤية,الصحة,لوحة تحكم مخصص لـ المستشفيات يعمل بالتحليلات التنبؤية ويهدف لتقليل الهدر ضمن قطاع الصحة.,المستشفيات
2135,نظام مراقبة المولات بالذكاء الاصطناعي,المدن الذكية,نظام مراقبة مخصص لـ المولات يعمل بالذكاء الاصطناعي ويهدف لتقليل التكاليف ضمن قطاع المدن الذكية.,المولات
2136,تطبيق المتاجر الصغيرة باستخدام إنترنت الأشياء,التجارة الإلكترونية,تطبيق مخصص لـ المتاجر الصغيرة يعمل باستخدام إنترنت الأشياء ويهدف لتسريع الإجراءات ضمن قطاع التجارة الإلكترونية.,المتاجر الصغيرة
2137,خدمة ذكية المتاجر الصغيرة بالواقع الافتراضي,التجارة الإلكترونية,خدمة ذكية مخصص لـ المتاجر الصغيرة يعمل بالواقع الافتراضي ويهدف لتحسين الاستدامة ضمن قطاع التجارة الإلكترونية.,المتاجر الصغيرة
2138,لوحة تحكم الأحياء بالذكاء الاصطناعي,العقارات,لوحة تحكم مخصص لـ الأحياء يعمل بالذكاء الاصطناعي ويهدف لتقليل التكاليف ضمن قطاع العقارات.,الأحياء
2139,خدمة ذكية المتاجر الصغيرة بالتحليلات التنبؤية,التجارة الإلكترونية,خدمة ذكية مخصص لـ المتاجر الصغيرة يعمل بالتحليلات التنبؤية ويهدف لدعم رؤية 2030 ضمن قطاع التجارة الإلكترونية.,المتاجر الصغيرة
2140,نظام مراقبة البنوك بالواقع الافتراضي,الأمن السيبراني,نظام مراقبة مخصص لـ البنوك يعمل بالواقع الافتراضي ويهدف لتسهيل الوصول للخدمات ضمن قطاع الأمن السيبراني.,البنوك
2141,حل رقمي الأطفال بالحوسبة السحابية,الصحة,حل رقمي مخصص لـ الأطفال يعمل بالحوسبة السحابية ويهدف لتسريع الإجراءات ضمن قطاع الصحة.,الأطفال
2142,خدمة ذكية المقاهي بالبلوك تشين,التجارة الإلكترونية,خدمة ذكية مخصص لـ المقاهي يعمل بالبلوك تشين ويهدف لرفع جودة الحياة ضمن قطاع التجارة الإلكترونية.,المقاهي
2143,محرك توصيات المزارع بالحوسبة السحابية,الزراعة,محرك توصيات مخصص لـ المزارع يعمل بالحوسبة السحابية ويهدف لتسريع الإجراءات ضمن قطاع الزراعة.,المزارع
2144,محرك توصيات المطاعم بالنماذج اللغوية,التجارة الإلكترونية,محرك توصيات مخصص لـ المطاعم يعمل بالنماذج اللغوية ويهدف لدعم رؤية 2030 ضمن قطاع التجارة الإلكترونية.,المطاعم
2145,خدمة ذكية كبار السن بالتحليلات التنبؤية,الصحة,خدمة ذكية مخصص لـ كبار السن يعمل بالتحليلات التنبؤية ويهدف لتقليل الهدر ضمن قطاع الصحة.,كبار السن
2146,نظام الشركات بالحوسبة السحابية,الأمن السيبراني,نظام مخصص لـ الشركات يعمل بالحوسبة السحابية ويهدف لتعزيز الأمان ضمن قطاع الأمن السيبراني.,الشركات
2147,لوحة تحكم الأسر المنتجة باستخدام إنترنت الأشياء,التجارة الإلكترونية,لوحة تحكم مخصص لـ الأسر المنتجة يعمل باستخدام إنترنت الأشياء ويهدف لتقليل التكاليف ضمن قطاع التجارة الإلكترونية.,الأسر المنتجة
2148,مساعد ذكي المنازل الذكية بالواقع الافتراضي,الأمن السيبراني,مساعد ذكي مخصص لـ المنازل الذكية يعمل بالواقع الافتراضي ويهدف لتسريع الإجراءات ضمن قطاع الأمن السيبراني.,المنازل الذكية
2149,نظام الأحياء السكنية بالروبوتات الذكية,المدن الذكية,نظام مخصص لـ الأحياء السكنية يعمل بالروبوتات الذكية ويهدف لتعزيز الأمان ضمن قطاع المدن الذكية.,الأحياء السكنية
2150,خدمة ذكية البنوك بتحليل البيانات,الأمن السيبراني,خدمة ذكية مخصص لـ البنوك يعمل بتحليل البيانات ويهدف لدعم رؤية 2030 ضمن قطاع الأمن السيبراني.,البنوك
2151,نظام الرياض بالبلوك تشين,المدن الذكية,نظام مخصص لـ الرياض يعمل بالبلوك تشين ويهدف لتقليل الهدر ضمن قطاع المدن الذكية.,الرياض
2152,نظام مراقبة الجهات الحكومية باستخدام إنترنت الأشياء,الأمن السيبراني,نظام مراقبة مخصص لـ الجهات الحكومية يعمل باستخدام إنترنت الأشياء ويهدف لتعزيز الأمان ضمن قطاع الأمن السيبراني.,الجهات الحكومية
2153,تطبيق المعتمرين بتحليل البيانات,الحج والعمرة,تطبيق مخصص لـ المعتمرين يعمل بتحليل البيانات ويهدف لتحسين الاستدامة ضمن قطاع الحج والعمرة.,المعتمرين
2154,لوحة تحكم الطلاب بالحوسبة السحابية,العقارات,لوحة تحكم مخصص لـ الطلاب يعمل بالحوسبة السحابية ويهدف لرفع جودة الحياة ضمن قطاع العقارات.,الطلاب
2155,محرك توصيات المطاعم بالواقع المعزز,التجارة الإلكترونية,محرك توصيات مخصص لـ المطاعم يعمل بالواقع المعزز ويهدف لتسهيل الوصول للخدمات ضمن قطاع التجارة الإلكترونية.,المطاعم
2156,نظام مراقبة الأطفال بالبلوك تشين,التعليم,نظام مراقبة مخصص لـ الأطفال يعمل بالبلوك تشين ويهدف لتقليل التكاليف ضمن قطاع التعليم.,الأطفال
2157,محرك توصيات المؤجرين بالبلوك تشين,العقارات,محرك توصيات مخصص لـ المؤجرين يعمل بالبلوك تشين ويهدف لرفع جودة الحياة ضمن قطاع العقارات.,المؤجرين
2158,حل رقمي المؤجرين بالتحليلات التنبؤية,العقارات,حل رقمي مخصص لـ المؤجرين يعمل بالتحليلات التنبؤية ويهدف لتقليل الهدر ضمن قطاع العقارات.,المؤجرين
2159,منصة موحدة المعلمين بالواقع الافتراضي,التعليم,منصة موحدة مخصص لـ المعلمين يعمل بالواقع الافتراضي ويهدف لتسهيل الوصول للخدمات ضمن قطاع التعليم.,المعلمين
2160,محرك توصيات الأسر المنتجة بالذكاء الاصطناعي,التجارة الإلكترونية,محرك توصيات مخصص لـ الأسر المنتجة يعمل بالذكاء الاصطناعي ويهدف لتحسين الاستدامة ضمن قطاع التجارة الإلكترونية.,الأسر المنتجة
2161,منصة موحدة الأطفال بتحليل البيانات,الصحة,منصة موحدة مخصص لـ الأطفال يعمل بتحليل البيانات ويهدف لرفع جودة الحياة ضمن قطاع الصحة.,الأطفال
2162,نظام مراقبة المباني الحكومية بالروبوتات الذكية,الطاقة,نظام مراقبة مخصص لـ المباني الحكومية يعمل بالروبوتات الذكية ويهدف لرفع جودة الحياة ضمن قطاع الطاقة.,المباني الحكومية
2163,نظام مراقبة الجهات الحكومية بالتحليلات التنبؤية,الأمن السيبراني,نظام مراقبة مخصص لـ الجهات الحكومية يعمل بالتحليلات التنبؤية ويهدف لتسريع الإجراءات ضمن قطاع الأمن السيبراني.,الجهات الحكومية
2164,خدمة ذكية الرياضيين بالروبوتات الذكية,الصحة,خدمة ذكية مخصص لـ الرياضيين يعمل بالروبوتات الذكية ويهدف لتحسين تجربة المستخدم ضمن قطاع الصحة.,الرياضيين
2165,نظام مراقبة الرياض بالنماذج اللغوية,المدن الذكية,نظام مراقبة مخصص لـ الرياض يعمل بالنماذج اللغوية ويهدف لتسريع الإجراءات ضمن قطاع المدن الذكية.,الرياض
2166,مساعد ذكي الطلاب بالواقع المعزز,المالية,مساعد ذكي مخصص لـ الطلاب يعمل بالواقع المعزز ويهدف لتعزيز الأمان ضمن قطاع المالية.,الطلاب
2167,لوحة تحكم جدة بالحوسبة السحابية,المدن الذكية,لوحة تحكم مخصص لـ جدة يعمل بالحوسبة السحابية ويهدف لتقليل الهدر ضمن قطاع المدن الذكية.,جدة
2168,منصة موحدة الرياض بالحوسبة السحابية,المدن الذكية,منصة موحدة مخصص لـ الرياض يعمل بالحوسبة السحابية ويهدف لتسريع الإجراءات ضمن قطاع المدن الذكية.,الرياض
2169,منصة موحدة الجامعات بالحوسبة السحابية,المدن الذكية,منصة موحدة مخصص لـ الجامعات يعمل بالحوسبة السحابية ويهدف لتقليل الهدر ضمن قطاع المدن الذكية.,الجامعات
2170,منصة موحدة كبار السن باستخدام إنترنت الأشياء,الصحة,منصة موحدة مخصص لـ كبار السن يعمل باستخدام إنترنت الأشياء ويهدف لدعم رؤية 2030 ضمن قطاع الصحة.,كبار السن
2171,منصة المزارع المنزلية بالبلوك تشين,الزراعة,منصة مخصص لـ المزارع المنزلية يعمل بالبلوك تشين ويهدف لتسهيل الوصول للخدمات ضمن قطاع الزراعة.,المزارع المنزلية
2172,منصة المزارع بتحليل البيانات,الزراعة,منصة مخصص لـ المزارع يعمل بتحليل البيانات ويهدف لتقليل التكاليف ضمن قطاع الزراعة.,المزارع
2173,مساعد ذكي جدة بالنماذج اللغوية,المدن الذكية,مساعد ذكي مخصص لـ جدة يعمل بالنماذج اللغوية ويهدف لتسريع الإجراءات ضمن قطاع المدن الذكية.,جدة
2174,منصة ذوي الإعاقة بالنماذج اللغوية,التعليم,منصة مخصص لـ ذوي الإعاقة يعمل بالنماذج اللغوية ويهدف لرفع كفاءة التشغيل ضمن قطاع التعليم.,ذوي الإعاقة
2175,منصة الحجاج بالحوسبة السحابية,الحج والعمرة,منصة مخصص لـ الحجاج يعمل بالحوسبة السحابية ويهدف لرفع كفاءة التشغيل ضمن قطاع الحج والعمرة.,الحجاج
2176,نظام النخيل بتحليل البيانات,الزراعة,نظام مخصص لـ النخيل يعمل بتحليل البيانات ويهدف لتحسين الاستدامة ضمن قطاع الزراعة.,النخيل
2177,حل رقمي الأحياء السكنية بالذكاء الاصطناعي,المدن الذكية,حل رقمي مخصص لـ الأحياء السكنية يعمل بالذكاء الاصطناعي ويهدف لتقليل التكاليف ضمن قطاع المدن الذكية.,الأحياء السكنية
2178,نظام مراقبة النخيل بالبلوك تشين,الزراعة,نظام مراقبة مخصص لـ النخيل يعمل بالبلوك تشين ويهدف لتحسين تجربة المستخدم ضمن قطاع الزراعة.,النخيل
2179,محرك توصيات المصانع بالروبوتات الذكية,الطاقة,محرك توصيات مخصص لـ المصانع يعمل بالروبوتات الذكية ويهدف لتحسين تجربة المستخدم ضمن قطاع الطاقة.,المصانع
2180,لوحة تحكم ذوي الإعاقة بالحوسبة السحابية,التعليم,لوحة تحكم مخصص لـ ذوي الإعاقة يعمل بالحوسبة السحابية ويهدف لتسريع الإجراءات ضمن قطاع التعليم.,ذوي الإعاقة
2181,منصة الحجاج بالواقع المعزز,الحج والعمرة,منصة مخصص لـ الحجاج يعمل بالواقع المعزز ويهدف لدعم رؤية 2030 ضمن قطاع الحج والعمرة.,الحجاج
2182,مساعد ذكي الأطفال بالحوسبة السحابية,التعليم,مساعد ذكي مخصص لـ الأطفال يعمل بالحوسبة السحابية ويهدف لتعزيز الأمان ضمن قطاع التعليم.,الأطفال
2183,محرك توصيات الحجاج بالنماذج اللغوية,الحج والعمرة,محرك توصيات مخصص لـ الحجاج يعمل بالنماذج اللغوية ويهدف لتقليل التكاليف ضمن قطاع الحج والعمرة.,الحجاج
2184,منصة الشركات الصغيرة بالواقع المعزز,المالية,منصة مخصص لـ الشركات الصغيرة يعمل بالواقع المعزز ويهدف لتقليل التكاليف ضمن قطاع المالية.,الشركات الصغيرة
2185,نظام مراقبة المزارع بالتحليلات التنبؤية,الزراعة,نظام مراقبة مخصص لـ المزارع يعمل بالتحليلات التنبؤية ويهدف لرفع جودة الحياة ضمن قطاع الزراعة.,المزارع
2186,منصة موحدة الأحياء بالذكاء الاصطناعي,العقارات,منصة موحدة مخصص لـ الأحياء يعمل بالذكاء الاصطناعي ويهدف لرفع جودة الحياة ضمن قطاع العقارات.,الأحياء
2187,نظام البيوت المحمية بالتحليلات التنبؤية,الزراعة,نظام مخصص لـ البيوت المحمية يعمل بالتحليلات التنبؤية ويهدف لتسريع الإجراءات ضمن قطاع الزراعة.,البيوت المحمية
2188,خدمة ذكية العيادات بالحوسبة السحابية,الصحة,خدمة ذكية مخصص لـ العيادات يعمل بالحوسبة السحابية ويهدف لتسريع الإجراءات ضمن قطاع الصحة.,العيادات
2189,نظام مراقبة الأحياء السكنية بالتحليلات التنبؤية,المدن الذكية,نظام مراقبة مخصص لـ الأحياء السكنية يعمل بالتحليلات التنبؤية ويهدف لتحسين الاستدامة ضمن قطاع المدن الذكية.,الأحياء السكنية
2190,محرك توصيات الأطفال بالواقع المعزز,التعليم,محرك توصيات مخصص لـ الأطفال يعمل بالواقع المعزز ويهدف لتقليل التكاليف ضمن قطاع التعليم.,الأطفال
2191,محرك توصيات الحجاج بالحوسبة السحابية,الحج والعمرة,محرك توصيات مخصص لـ الحجاج يعمل بالحوسبة السحابية ويهدف لتسريع الإجراءات ضمن قطاع الحج والعمرة.,الحجاج
2192,نظام مراقبة الرياض بالروبوتات الذكية,المدن الذكية,نظام مراقبة مخصص لـ الرياض يعمل بالروبوتات الذكية ويهدف لرفع كفاءة التشغيل ضمن قطاع المدن الذكية.,الرياض
2193,لوحة تحكم الطلاب بالبلوك تشين,الصحة,لوحة تحكم مخصص لـ الطلاب يعمل بالبلوك تشين ويهدف لتسريع الإجراءات ضمن قطاع الصحة.,الطلاب
2194,حل رقمي الأحياء السكنية بالتحليلات التنبؤية,المدن الذكية,حل رقمي مخصص لـ الأحياء السكنية يعمل بالتحليلات التنبؤية ويهدف لرفع جودة الحياة ضمن قطاع المدن الذكية.,الأحياء السكنية
2195,حل رقمي المتاجر الصغيرة بتحليل البيانات,التجارة الإلكترونية,حل رقمي مخصص لـ المتاجر الصغيرة يعمل بتحليل البيانات ويهدف لتسهيل الوصول للخدمات ضمن قطاع التجارة الإلكترونية.,المتاجر الصغيرة
2196,مساعد ذكي الشركات الصغيرة بالتحليلات التنبؤية,المالية,مساعد ذكي مخصص لـ الشركات الصغيرة يعمل بالتحليلات التنبؤية ويهدف لتحسين تجربة المستخدم ضمن قطاع المالية.,الشركات الصغيرة
2197,مساعد ذكي الحملات بالروبوتات الذكية,الحج والعمرة,مساعد ذكي مخصص لـ الحملات يعمل بالروبوتات الذكية ويهدف لتحسين تجربة المستخدم ضمن قطاع الحج والعمرة.,الحملات
2198,حل رقمي الحج بالبلوك تشين,المدن الذكية,حل رقمي مخصص لـ الحج يعمل بالبلوك تشين ويهدف لتقليل التكاليف ضمن قطاع المدن الذكية.,الحج
2199,مساعد ذكي الطلاب باستخدام إنترنت الأشياء,المالية,مساعد ذكي مخصص لـ الطلاب يعمل باستخدام إنترنت الأشياء ويهدف لتعزيز الأمان ضمن قطاع المالية.,الطلاب
2200,منصة موحدة المعلمين بالبلوك تشين,التعليم,منصة موحدة مخصص لـ المعلمين يعمل بالبلوك تشين ويهدف لتعزيز الأمان ضمن قطاع التعليم.,المعلمين
2201,محرك توصيات المتاجر الصغيرة بالتحليلات التنبؤية,التجارة الإلكترونية,محرك توصيات مخصص لـ المتاجر الصغيرة يعمل بالتحليلات التنبؤية ويهدف لتسريع الإجراءات ضمن قطاع التجارة الإلكترونية.,المتاجر الصغيرة
2202,تطبيق الجامعات بالواقع الافتراضي,المدن الذكية,تطبيق مخصص لـ الجامعات يعمل بالواقع الافتراضي ويهدف لتسهيل الوصول للخدمات ضمن قطاع المدن الذكية.,الجامعات
2203,محرك توصيات الشركات بالتحليلات التنبؤية,الأمن السيبراني,محرك توصيات مخصص لـ الشركات يعمل بالتحليلات التنبؤية ويهدف لتحسين تجربة المستخدم ضمن قطاع الأمن السيبراني.,الشركات
2204,حل رقمي الحج باستخدام إنترنت الأشياء,المدن الذكية,حل رقمي مخصص لـ الحج يعمل باستخدام إنترنت الأشياء ويهدف لتسهيل الوصول للخدمات ضمن قطاع المدن الذكية.,الحج
2205,محرك توصيات المباني الحكومية باستخدام إنترنت الأشياء,الطاقة,محرك توصيات مخصص لـ المباني الحكومية يعمل باستخدام إنترنت الأشياء ويهدف لرفع كفاءة التشغيل ضمن قطاع الطاقة.,المباني الحكومية
2206,محرك توصيات الرياض بالحوسبة السحابية,المدن الذكية,محرك توصيات مخصص لـ الرياض يعمل بالحوسبة السحابية ويهدف لتحسين تجربة المستخدم ضمن قطاع المدن الذكية.,الرياض
2207,حل رقمي المستشفيات بالذكاء الاصطناعي,الأمن السيبراني,حل رقمي مخصص لـ المستشفيات يعمل بالذكاء الاصطناعي ويهدف لتسهيل الوصول للخدمات ضمن قطاع الأمن السيبراني.,المستشفيات
2208,نظام مراقبة الأطفال بالواقع المعزز,الصحة,نظام مراقبة مخصص لـ الأطفال يعمل بالواقع المعزز ويهدف لتسهيل الوصول للخدمات ضمن قطاع الصحة.,الأطفال
2209,منصة الحجاج باستخدام إنترنت الأشياء,الحج والعمرة,منصة مخصص لـ الحجاج يعمل باستخدام إنترنت الأشياء ويهدف لرفع جودة الحياة ضمن قطاع الحج والعمرة.,الحجاج
2210,حل رقمي المشاعر المقدسة بالنماذج اللغوية,الحج والعمرة,حل رقمي مخصص لـ المشاعر المقدسة يعمل بالنماذج اللغوية ويهدف لتقليل التكاليف ضمن قطاع الحج والعمرة.,المشاعر المقدسة
2211,حل رقمي المجمعات السكنية باستخدام إنترنت الأشياء,العقارات,حل رقمي مخصص لـ المجمعات السكنية يعمل باستخدام إنترنت الأشياء ويهدف لتسهيل الوصول للخدمات ضمن قطاع العقارات.,المجمعات السكنية
2212,محرك توصيات المصانع بالواقع الافتراضي,الطاقة,محرك توصيات مخصص لـ المصانع يعمل بالواقع الافتراضي ويهدف لتسهيل الوصول للخدمات ضمن قطاع الطاقة.,المصانع
2213,نظام مراقبة الرياض بالواقع المعزز,المدن الذكية,نظام مراقبة مخصص لـ الرياض يعمل بالواقع المعزز ويهدف لتسريع الإجراءات ضمن قطاع المدن الذكية.,الرياض
2214,لوحة تحكم الأسر بالبلوك تشين,المالية,لوحة تحكم مخصص لـ الأسر يعمل بالبلوك تشين ويهدف لتعزيز الأمان ضمن قطاع المالية.,الأسر
2215,نظام مراقبة الأسر المنتجة بالواقع المعزز,التجارة الإلكترونية,نظام مراقبة مخصص لـ الأسر المنتجة يعمل بالواقع المعزز ويهدف لتحسين تجربة المستخدم ضمن قطاع التجارة الإلكترونية.,الأسر المنتجة
2216,منصة المنازل بالحوسبة السحابية,الطاقة,منصة مخصص لـ المنازل يعمل بالحوسبة السحابية ويهدف لتحسين تجربة المستخدم ضمن قطاع الطاقة.,المنازل
2217,نظام مراقبة البيوت المحمية بتحليل البيانات,الزراعة,نظام مراقبة مخصص لـ البيوت المحمية يعمل بتحليل البيانات ويهدف لرفع كفاءة التشغيل ضمن قطاع الزراعة.,البيوت المحمية
2218,منصة الشركات الصغيرة بالنماذج اللغوية,المالية,منصة مخصص لـ الشركات الصغيرة يعمل بالنماذج اللغوية ويهدف لتعزيز الأمان ضمن قطاع المالية.,الشركات الصغيرة
2219,خدمة ذكية الحجاج بالتحليلات التنبؤية,الحج والعمرة,خدمة ذكية مخصص لـ الحجاج يعمل بالتحليلات التنبؤية ويهدف لتقليل التكاليف ضمن قطاع الحج والعمرة.,الحجاج
2220,حل رقمي المطاعم بالذكاء الاصطناعي,التجارة الإلكترونية,حل رقمي مخصص لـ المطاعم يعمل بالذكاء الاصطناعي ويهدف لتسهيل الوصول للخدمات ضمن قطاع التجارة الإلكترونية.,المطاعم
2221,تطبيق الحجاج باستخدام إنترنت الأشياء,الحج والعمرة,تطبيق مخصص لـ الحجاج يعمل باستخدام إنترنت الأشياء ويهدف لتسهيل الوصول للخدمات ضمن قطاع الحج والعمرة.,الحجاج
2222,نظام المولات بالذكاء الاصطناعي,المدن الذكية,نظام مخصص لـ المولات يعمل بالذكاء الاصطناعي ويهدف لتعزيز الأمان ضمن قطاع المدن الذكية.,المولات
2223,محرك توصيات الرياض بالنماذج اللغوية,المدن الذكية,محرك توصيات مخصص لـ الرياض يعمل بالنماذج اللغوية ويهدف لتحسين تجربة المستخدم ضمن قطاع المدن الذكية.,الرياض
2224,محرك توصيات المنازل الذكية بالحوسبة السحابية,الأمن السيبراني,محرك توصيات مخصص لـ المنازل الذكية يعمل بالحوسبة السحابية ويهدف لدعم رؤية 2030 ضمن قطاع الأمن السيبراني.,المنازل الذكية
2225,محرك توصيات المشاعر المقدسة بالنماذج اللغوية,الحج والعمرة,محرك توصيات مخصص لـ المشاعر المقدسة يعمل بالنماذج اللغوية ويهدف لتقليل التكاليف ضمن قطاع الحج والعمرة.,المشاعر المقدسة
2226,لوحة تحكم المشاعر المقدسة بالنماذج اللغوية,الحج والعمرة,لوحة تحكم مخصص لـ المشاعر المقدسة يعمل بالنماذج اللغوية ويهدف لتسريع الإجراءات ضمن قطاع الحج والعمرة.,المشاعر المقدسة
2227,لوحة تحكم المطاعم بالواقع الافتراضي,التجارة الإلكترونية,لوحة تحكم مخصص لـ المطاعم يعمل بالواقع الافتراضي ويهدف لرفع كفاءة التشغيل ضمن قطاع التجارة الإلكترونية.,المطاعم
2228,حل رقمي كبار السن بالتحليلات التنبؤية,الصحة,حل رقمي مخصص لـ كبار السن يعمل بالتحليلات التنبؤية ويهدف لتحسين الاستدامة ضمن قطاع الصحة.,كبار السن
2229,خدمة ذكية المزارع المنزلية بالواقع الافتراضي,الزراعة,خدمة ذكية مخصص لـ المزارع المنزلية يعمل بالواقع الافتراضي ويهدف لتحسين تجربة المستخدم ضمن قطاع الزراعة.,المزارع المنزلية
2230,نظام مراقبة البيوت المحمية بالذكاء الاصطناعي,الزراعة,نظام مراقبة مخصص لـ البيوت المحمية يعمل بالذكاء الاصطناعي ويهدف لرفع كفاءة التشغيل ضمن قطاع الزراعة.,البيوت المحمية
2231,حل رقمي المتاجر الصغيرة بالتحليلات التنبؤية,التجارة الإلكترونية,حل رقمي مخصص لـ المتاجر الصغيرة يعمل بالتحليلات التنبؤية ويهدف لرفع كفاءة التشغيل ضمن قطاع التجارة الإلكترونية.,المتاجر الصغيرة
2232,نظام ذوي الإعاقة بالنماذج اللغوية,التعليم,نظام مخصص لـ ذوي الإعاقة يعمل بالنماذج اللغوية ويهدف لتسهيل الوصول للخدمات ضمن قطاع التعليم.,ذوي الإعاقة
2233,نظام مراقبة العيادات بتحليل البيانات,الصحة,نظام مراقبة مخصص لـ العيادات يعمل بتحليل البيانات ويهدف لتحسين تجربة المستخدم ضمن قطاع الصحة.,العيادات
2234,تطبيق المدارس بالنماذج اللغوية,التعليم,تطبيق مخصص لـ المدارس يعمل بالنماذج اللغوية ويهدف لتحسين الاستدامة ضمن قطاع التعليم.,المدارس
2235,حل رقمي المباني الحكومية باستخدام إنترنت الأشياء,الطاقة,حل رقمي مخصص لـ المباني الحكومية يعمل باستخدام إنترنت الأشياء ويهدف لرفع كفاءة التشغيل ضمن قطاع الطاقة.,المباني الحكومية
2236,نظام مراقبة الحجاج بتحليل البيانات,الصحة,نظام مراقبة مخصص لـ الحجاج يعمل بتحليل البيانات ويهدف لتسهيل الوصول للخدمات ضمن قطاع الصحة.,الحجاج
2237,خدمة ذكية المزارع المنزلية بالنماذج اللغوية,الزراعة,خدمة ذكية مخصص لـ المزارع المنزلية يعمل بالنماذج اللغوية ويهدف لتقليل التكاليف ضمن قطاع الزراعة.,المزارع المنزلية
2238,مساعد ذكي الطلاب بالروبوتات الذكية,العقارات,مساعد ذكي مخصص لـ الطلاب يعمل بالروبوتات الذكية ويهدف لتحسين الاستدامة ضمن قطاع العقارات.,الطلاب
2239,نظام المدارس بالحوسبة السحابية,التعليم,نظام مخصص لـ المدارس يعمل بالحوسبة السحابية ويهدف لتعزيز الأمان ضمن قطاع التعليم.,المدارس
2240,نظام الأطفال بتحليل البيانات,الصحة,نظام مخصص لـ الأطفال يعمل بتحليل البيانات ويهدف لتقليل التكاليف ضمن قطاع الصحة.,الأطفال
2241,نظام الحجاج بالواقع الافتراضي,الحج والعمرة,نظام مخصص لـ الحجاج يعمل بالواقع الافتراضي ويهدف لرفع كفاءة التشغيل ضمن قطاع الحج والعمرة.,الحجاج
2242,نظام مراقبة الحج بالواقع المعزز,المدن الذكية,نظام مراقبة مخصص لـ الحج يعمل بالواقع المعزز ويهدف لتعزيز الأمان ضمن قطاع المدن الذكية.,الحج
2243,نظام مراقبة المعلمين باستخدام إنترنت الأشياء,التعليم,نظام مراقبة مخصص لـ المعلمين يعمل باستخدام إنترنت الأشياء ويهدف لتحسين تجربة المستخدم ضمن قطاع التعليم.,المعلمين
2244,حل رقمي المشاعر المقدسة بالبلوك تشين,الحج والعمرة,حل رقمي مخصص لـ المشاعر المقدسة يعمل بالبلوك تشين ويهدف لتعزيز الأمان ضمن قطاع الحج والعمرة.,المشاعر المقدسة
2245,محرك توصيات الحج بتحليل البيانات,المدن الذكية,محرك توصيات مخصص لـ الحج يعمل بتحليل البيانات ويهدف لرفع جودة الحياة ضمن قطاع المدن الذكية.,الحج
2246,تطبيق المباني الحكومية بالتحليلات التنبؤية,الطاقة,تطبيق مخصص لـ المباني الحكومية يعمل بالتحليلات التنبؤية ويهدف لتسهيل الوصول للخدمات ضمن قطاع الطاقة.,المباني الحكومية
2247,تطبيق المجمعات السكنية باستخدام إنترنت الأشياء,العقارات,تطبيق مخصص لـ المجمعات السكنية يعمل باستخدام إنترنت الأشياء ويهدف لتحسين الاستدامة ضمن قطاع العقارات.,المجمعات السكنية
2248,منصة موحدة النخيل باستخدام إنترنت الأشياء,الزراعة,منصة موحدة مخصص لـ النخيل يعمل باستخدام إنترنت الأشياء ويهدف لرفع كفاءة التشغيل ضمن قطاع الزراعة.,النخيل
2249,منصة موحدة المزارع بالحوسبة السحابية,الزراعة,منصة موحدة مخصص لـ المزارع يعمل بالحوسبة السحابية ويهدف لتسهيل الوصول للخدمات ضمن قطاع الزراعة.,المزارع
2250,حل رقمي كبار السن بالبلوك تشين,الصحة,حل رقمي مخصص لـ كبار السن يعمل بالبلوك تشين ويهدف لتحسين الاستدامة ضمن قطاع الصحة.,كبار السن
2251,نظام المنازل باستخدام إنترنت الأشياء,الطاقة,نظام مخصص لـ المنازل يعمل باستخدام إنترنت الأشياء ويهدف لتقليل التكاليف ضمن قطاع الطاقة.,المنازل
2252,حل رقمي الطلاب بالنماذج اللغوية,المالية,حل رقمي مخصص لـ الطلاب يعمل بالنماذج اللغوية ويهدف لتعزيز الأمان ضمن قطاع المالية.,الطلاب
2253,تطبيق الحملات بالبلوك تشين,الحج والعمرة,تطبيق مخصص لـ الحملات يعمل بالبلوك تشين ويهدف لتقليل الهدر ضمن قطاع الحج والعمرة.,الحملات
2254,محرك توصيات الأطفال بالروبوتات الذكية,الصحة,محرك توصيات مخصص لـ الأطفال يعمل بالروبوتات الذكية ويهدف لتسهيل الوصول للخدمات ضمن قطاع الصحة.,الأطفال
2255,مساعد ذكي السيارات الكهربائية بالواقع المعزز,الطاقة,مساعد ذكي مخصص لـ السيارات الكهربائية يعمل بالواقع المعزز ويهدف لتسهيل الوصول للخدمات ضمن قطاع الطاقة.,السيارات الكهربائية
2256,نظام الطلاب باستخدام إنترنت الأشياء,العقارات,نظام مخصص لـ الطلاب يعمل باستخدام إنترنت الأشياء ويهدف لتحسين الاستدامة ضمن قطاع العقارات.,الطلاب
2257,لوحة تحكم الرياض بالذكاء الاصطناعي,المدن الذكية,لوحة تحكم مخصص لـ الرياض يعمل بالذكاء الاصطناعي ويهدف لرفع جودة الحياة ضمن قطاع المدن الذكية.,الرياض
2258,خدمة ذكية ذوي الإعاقة بالحوسبة السحابية,التعليم,خدمة ذكية مخصص لـ ذوي الإعاقة يعمل بالحوسبة السحابية ويهدف لرفع جودة الحياة ضمن قطاع التعليم.,ذوي الإعاقة
2259,مساعد ذكي المقاهي بالبلوك تشين,التجارة الإلكترونية,مساعد ذكي مخصص لـ المقاهي يعمل بالبلوك تشين ويهدف لتقليل الهدر ضمن قطاع التجارة الإلكترونية.,المقاهي
2260,محرك توصيات المنازل بالبلوك تشين,الطاقة,محرك توصيات مخصص لـ المنازل يعمل بالبلوك تشين ويهدف لتسهيل الوصول للخدمات ضمن قطاع الطاقة.,المنازل
2261,حل رقمي الحج بالنماذج اللغوية,المدن الذكية,حل رقمي مخصص لـ الحج يعمل بالنماذج اللغوية ويهدف لتعزيز الأمان ضمن قطاع المدن الذكية.,الحج
2262,نظام مراقبة الطلاب بالتحليلات التنبؤية,العقارات,نظام مراقبة مخصص لـ الطلاب يعمل بالتحليلات التنبؤية ويهدف لتسريع الإجراءات ضمن قطاع العقارات.,الطلاب
2263,لوحة تحكم المباني الحكومية بالبلوك تشين,الطاقة,لوحة تحكم مخصص لـ المباني الحكومية يعمل بالبلوك تشين ويهدف لتقليل التكاليف ضمن قطاع الطاقة.,المباني الحكومية
2264,منصة العمالة بالحوسبة السحابية,المالية,منصة مخصص لـ العمالة يعمل بالحوسبة السحابية ويهدف لتقليل الهدر ضمن قطاع المالية.,العمالة
2265,خدمة ذكية البيوت المحمية بتحليل البيانات,الزراعة,خدمة ذكية مخصص لـ البيوت المحمية يعمل بتحليل البيانات ويهدف لتسهيل الوصول للخدمات ضمن قطاع الزراعة.,البيوت المحمية
2266,تطبيق المزارع بالروبوتات الذكية,الزراعة,تطبيق مخصص لـ المزارع يعمل بالروبوتات الذكية ويهدف لرفع جودة الحياة ضمن قطاع الزراعة.,المزارع
2267,نظام مراقبة المجمعات السكنية بالتحليلات التنبؤية,العقارات,نظام مراقبة مخصص لـ المجمعات السكنية يعمل بالتحليلات التنبؤية ويهدف لتسريع الإجراءات ضمن قطاع العقارات.,المجمعات السكنية
2268,نظام مراقبة الطلاب بالبلوك تشين,المالية,نظام مراقبة مخصص لـ الطلاب يعمل بالبلوك تشين ويهدف لتسريع الإجراءات ضمن قطاع المالية.,الطلاب
2269,مساعد ذكي الرياضيين بالحوسبة السحابية,الصحة,مساعد ذكي مخصص لـ الرياضيين يعمل بالحوسبة السحابية ويهدف لتحسين تجربة المستخدم ضمن قطاع الصحة.,الرياضيين
2270,خدمة ذكية المزارع بالتحليلات التنبؤية,الزراعة,خدمة ذكية مخصص لـ المزارع يعمل بالتحليلات التنبؤية ويهدف لرفع كفاءة التشغيل ضمن قطاع الزراعة.,المزارع
2271,حل رقمي الأسر المنتجة بالبلوك تشين,التجارة الإلكترونية,حل رقمي مخصص لـ الأسر المنتجة يعمل بالبلوك تشين ويهدف لتعزيز الأمان ضمن قطاع التجارة الإلكترونية.,الأسر المنتجة
2272,لوحة تحكم الجهات الحكومية بالروبوتات الذكية,الأمن السيبراني,لوحة تحكم مخصص لـ الجهات الحكومية يعمل بالروبوتات الذكية ويهدف لتقليل التكاليف ضمن قطاع الأمن السيبراني.,الجهات الحكومية
2273,منصة الجامعات بالتحليلات التنبؤية,المدن الذكية,منصة مخصص لـ الجامعات يعمل بالتحليلات التنبؤية ويهدف لتحسين الاستدامة ضمن قطاع المدن الذكية.,الجامعات
2274,محرك توصيات المعتمرين بالذكاء الاصطناعي,الحج والعمرة,محرك توصيات مخصص لـ المعتمرين يعمل بالذكاء الاصطناعي ويهدف لتحسين تجربة المستخدم ضمن قطاع الحج والعمرة.,المعتمرين
2275,حل رقمي المدارس بالروبوتات الذكية,التعليم,حل رقمي مخصص لـ المدارس يعمل بالروبوتات الذكية ويهدف لتحسين تجربة المستخدم ضمن قطاع التعليم.,المدارس
2276,منصة المستثمرين بالواقع الافتراضي,المالية,منصة مخصص لـ المستثمرين يعمل بالواقع الافتراضي ويهدف لتعزيز الأمان ضمن قطاع المالية.,المستثمرين
2277,منصة موحدة الحج بالروبوتات الذكية,المدن الذكية,منصة موحدة مخصص لـ الحج يعمل بالروبوتات الذكية ويهدف لتعزيز الأمان ضمن قطاع المدن الذكية.,الحج
2278,نظام المزارع المنزلية بالحوسبة السحابية,الزراعة,نظام مخصص لـ المزارع المنزلية يعمل بالحوسبة السحابية ويهدف لتعزيز الأمان ضمن قطاع الزراعة.,المزارع المنزلية
2279,منصة الجهات الحكومية بالحوسبة السحابية,الأمن السيبراني,منصة مخصص لـ الجهات الحكومية يعمل بالحوسبة السحابية ويهدف لتقليل الهدر ضمن قطاع الأمن السيبراني.,الجهات الحكومية
2280,لوحة تحكم الحج بالواقع المعزز,المدن الذكية,لوحة تحكم مخصص لـ الحج يعمل بالواقع المعزز ويهدف لرفع جودة الحياة ضمن قطاع المدن الذكية.,الحج
2281,خدمة ذكية المطاعم بالحوسبة السحابية,التجارة الإلكترونية,خدمة ذكية مخصص لـ المطاعم يعمل بالحوسبة السحابية ويهدف لرفع جودة الحياة ضمن قطاع التجارة الإلكترونية.,المطاعم
2282,حل رقمي الرياضيين بالواقع المعزز,الصحة,حل رقمي مخصص لـ الرياضيين يعمل بالواقع المعزز ويهدف لتسريع الإجراءات ضمن قطاع الصحة.,الرياضيين
2283,لوحة تحكم الأحياء باستخدام إنترنت الأشياء,العقارات,لوحة تحكم مخصص لـ الأحياء يعمل باستخدام إنترنت الأشياء ويهدف لتحسين الاستدامة ضمن قطاع العقارات.,الأحياء
2284,نظام الأسر بالتحليلات التنبؤية,المالية,نظام مخصص لـ الأسر يعمل بالتحليلات التنبؤية ويهدف لتحسين الاستدامة ضمن قطاع المالية.,الأسر
2285,نظام المدارس بالواقع المعزز,التعليم,نظام مخصص لـ المدارس يعمل بالواقع المعزز ويهدف لتحسين الاستدامة ضمن قطاع التعليم.,المدارس
2286,محرك توصيات الحج بالذكاء الاصطناعي,المدن الذكية,محرك توصيات مخصص لـ الحج يعمل بالذكاء الاصطناعي ويهدف لتقليل التكاليف ضمن قطاع المدن الذكية.,الحج
2287,نظام المباني الحكومية بالحوسبة السحابية,الطاقة,نظام مخصص لـ المباني الحكومية يعمل بالحوسبة السحابية ويهدف لتعزيز الأمان ضمن قطاع الطاقة.,المباني الحكومية
2288,لوحة تحكم الجامعات بالواقع المعزز,المدن الذكية,لوحة تحكم مخصص لـ الجامعات يعمل بالواقع المعزز ويهدف لتسريع الإجراءات ضمن قطاع المدن الذكية.,الجامعات
2289,تطبيق الشركات الصغيرة بتحليل البيانات,المالية,تطبيق مخصص لـ الشركات الصغيرة يعمل بتحليل البيانات ويهدف لتقليل التكاليف ضمن قطاع المالية.,الشركات الصغيرة
2290,منصة جدة بالواقع الافتراضي,المدن الذكية,منصة مخصص لـ جدة يعمل بالواقع الافتراضي ويهدف لتسهيل الوصول للخدمات ضمن قطاع المدن الذكية.,جدة
2291,حل رقمي المعتمرين باستخدام إنترنت الأشياء,الحج والعمرة,حل رقمي مخصص لـ المعتمرين يعمل باستخدام إنترنت الأشياء ويهدف لرفع كفاءة التشغيل ضمن قطاع الحج والعمرة.,المعتمرين
2292,لوحة تحكم الأحياء السكنية بتحليل البيانات,المدن الذكية,لوحة تحكم مخصص لـ الأحياء السكنية يعمل بتحليل البيانات ويهدف لدعم رؤية 2030 ضمن قطاع المدن الذكية.,الأحياء السكنية
2293,خدمة ذكية الأطفال بالذكاء الاصطناعي,التعليم,خدمة ذكية مخصص لـ الأطفال يعمل بالذكاء الاصطناعي ويهدف لتحسين الاستدامة ضمن قطاع التعليم.,الأطفال
2294,لوحة تحكم المباني الحكومية بتحليل البيانات,الطاقة,لوحة تحكم مخصص لـ المباني الحكومية يعمل بتحليل البيانات ويهدف لتقليل الهدر ضمن قطاع الطاقة.,المباني الحكومية
2295,نظام البنوك بالحوسبة السحابية,الأمن السيبراني,نظام مخصص لـ البنوك يعمل بالحوسبة السحابية ويهدف لتحسين الاستدامة ضمن قطاع الأمن السيبراني.,البنوك
2296,حل رقمي الطلاب بالتحليلات التنبؤية,العقارات,حل رقمي مخصص لـ الطلاب يعمل بالتحليلات التنبؤية ويهدف لرفع جودة الحياة ضمن قطاع العقارات.,الطلاب
2297,منصة الأحياء بالذكاء الاصطناعي,العقارات,منصة مخصص لـ الأحياء يعمل بالذكاء الاصطناعي ويهدف لتسريع الإجراءات ضمن قطاع العقارات.,الأحياء
2298,مساعد ذكي الحج بالحوسبة السحابية,المدن الذكية,مساعد ذكي مخصص لـ الحج يعمل بالحوسبة السحابية ويهدف لتقليل الهدر ضمن قطاع المدن الذكية.,الحج
2299,نظام مراقبة الحجاج بالبلوك تشين,الصحة,نظام مراقبة مخصص لـ الحجاج يعمل بالبلوك تشين ويهدف لرفع جودة الحياة ضمن قطاع الصحة.,الحجاج
2300,مساعد ذكي السيارات الكهربائية بالروبوتات الذكية,الطاقة,مساعد ذكي مخصص لـ السيارات الكهربائية يعمل بالروبوتات الذكية ويهدف لرفع كفاءة التشغيل ضمن قطاع الطاقة.,السيارات الكهربائية
2301,خدمة ذكية المستثمرين بالبلوك تشين,المالية,خدمة ذكية مخصص لـ المستثمرين يعمل بالبلوك تشين ويهدف لتسريع الإجراءات ضمن قطاع المالية.,المستثمرين
2302,مساعد ذكي الحملات باستخدام إنترنت الأشياء,الحج والعمرة,مساعد ذكي مخصص لـ الحملات يعمل باستخدام إنترنت الأشياء ويهدف لتعزيز الأمان ضمن قطاع الحج والعمرة.,الحملات
2303,خدمة ذكية الجهات الحكومية بالروبوتات الذكية,الأمن السيبراني,خدمة ذكية مخصص لـ الجهات الحكومية يعمل بالروبوتات الذكية ويهدف لتقليل الهدر ضمن قطاع الأمن السيبراني.,الجهات الحكومية
2304,محرك توصيات كبار السن بالنماذج اللغوية,الصحة,محرك توصيات مخصص لـ كبار السن يعمل بالنماذج اللغوية ويهدف لدعم رؤية 2030 ضمن قطاع الصحة.,كبار السن
2305,تطبيق البنوك بالتحليلات التنبؤية,الأمن السيبراني,تطبيق مخصص لـ البنوك يعمل بالتحليلات التنبؤية ويهدف لتعزيز الأمان ضمن قطاع الأمن السيبراني.,البنوك
2306,منصة المزارع بالبلوك تشين,الزراعة,منصة مخصص لـ المزارع يعمل بالبلوك تشين ويهدف لدعم رؤية 2030 ضمن قطاع الزراعة.,المزارع
2307,خدمة ذكية المصانع بالتحليلات التنبؤية,الطاقة,خدمة ذكية مخصص لـ المصانع يعمل بالتحليلات التنبؤية ويهدف لتحسين تجربة المستخدم ضمن قطاع الطاقة.,المصانع
2308,نظام مراقبة البنوك بتحليل البيانات,الأمن السيبراني,نظام مراقبة مخصص لـ البنوك يعمل بتحليل البيانات ويهدف لتقليل الهدر ضمن قطاع الأمن السيبراني.,البنوك
2309,تطبيق الرياض بالحوسبة السحابية,المدن الذكية,تطبيق مخصص لـ الرياض يعمل بالحوسبة السحابية ويهدف لتقليل الهدر ضمن قطاع المدن الذكية.,الرياض
2310,منصة موحدة المستشفيات بالحوسبة السحابية,الأمن السيبراني,منصة موحدة مخصص لـ المستشفيات يعمل بالحوسبة السحابية ويهدف لتعزيز الأمان ضمن قطاع الأمن السيبراني.,المستشفيات
2311,حل رقمي المجمعات السكنية بالواقع المعزز,العقارات,حل رقمي مخصص لـ المجمعات السكنية يعمل بالواقع المعزز ويهدف لدعم رؤية 2030 ضمن قطاع العقارات.,المجمعات السكنية
2312,منصة موحدة الجهات الحكومية بالروبوتات الذكية,الأمن السيبراني,منصة موحدة مخصص لـ الجهات الحكومية يعمل بالروبوتات الذكية ويهدف لتحسين تجربة المستخدم ضمن قطاع الأمن السيبراني.,الجهات الحكومية
2313,مساعد ذكي الجامعات بالروبوتات الذكية,التعليم,مساعد ذكي مخصص لـ الجامعات يعمل بالروبوتات الذكية ويهدف لتعزيز الأمان ضمن قطاع التعليم.,الجامعات
2314,محرك توصيات الحجاج بتحليل البيانات,الحج والعمرة,محرك توصيات مخصص لـ الحجاج يعمل بتحليل البيانات ويهدف لتحسين الاستدامة ضمن قطاع الحج والعمرة.,الحجاج
2315,حل رقمي المزارع المنزلية بالواقع المعزز,الزراعة,حل رقمي مخصص لـ المزارع المنزلية يعمل بالواقع المعزز ويهدف لرفع جودة الحياة ضمن قطاع الزراعة.,المزارع المنزلية
2316,حل رقمي ذوي الإعاقة بالنماذج اللغوية,التعليم,حل رقمي مخصص لـ ذوي الإعاقة يعمل بالنماذج اللغوية ويهدف لتقليل التكاليف ضمن قطاع التعليم.,ذوي الإعاقة
2317,نظام مراقبة المنازل باستخدام إنترنت الأشياء,الطاقة,نظام مراقبة مخصص لـ المنازل يعمل باستخدام إنترنت الأشياء ويهدف لتقليل التكاليف ضمن قطاع الطاقة.,المنازل
2318,نظام المطاعم بتحليل البيانات,التجارة الإلكترونية,نظام مخصص لـ المطاعم يعمل بتحليل البيانات ويهدف لتسهيل الوصول للخدمات ضمن قطاع التجارة الإلكترونية.,المطاعم
2319,نظام المعتمرين بالواقع الافتراضي,الحج والعمرة,نظام مخصص لـ المعتمرين يعمل بالواقع الافتراضي ويهدف لتحسين الاستدامة ضمن قطاع الحج والعمرة.,المعتمرين
2320,محرك توصيات الحملات بالتحليلات التنبؤية,الحج والعمرة,محرك توصيات مخصص لـ الحملات يعمل بالتحليلات التنبؤية ويهدف لرفع جودة الحياة ضمن قطاع الحج والعمرة.,الحملات
2321,حل رقمي الطلاب باستخدام إنترنت الأشياء,الصحة,حل رقمي مخصص لـ الطلاب يعمل باستخدام إنترنت الأشياء ويهدف لتحسين تجربة المستخدم ضمن قطاع الصحة.,الطلاب
2322,منصة موحدة العمالة باستخدام إنترنت الأشياء,المالية,منصة موحدة مخصص لـ العمالة يعمل باستخدام إنترنت الأشياء ويهدف لرفع كفاءة التشغيل ضمن قطاع المالية.,العمالة
2323,لوحة تحكم الأسر المنتجة بالنماذج اللغوية,التجارة الإلكترونية,لوحة تحكم مخصص لـ الأسر المنتجة يعمل بالنماذج اللغوية ويهدف لتقليل التكاليف ضمن قطاع التجارة الإلكترونية.,الأسر المنتجة
2324,حل رقمي الشركات الصغيرة بالواقع المعزز,المالية,حل رقمي مخصص لـ الشركات الصغيرة يعمل بالواقع المعزز ويهدف لتحسين الاستدامة ضمن قطاع المالية.,الشركات الصغيرة
2325,تطبيق المدارس بالروبوتات الذكية,التعليم,تطبيق مخصص لـ المدارس يعمل بالروبوتات الذكية ويهدف لرفع كفاءة التشغيل ضمن قطاع التعليم.,المدارس
2326,نظام مراقبة المؤجرين بالواقع المعزز,العقارات,نظام مراقبة مخصص لـ المؤجرين يعمل بالواقع المعزز ويهدف لتسهيل الوصول للخدمات ضمن قطاع العقارات.,المؤجرين
2327,لوحة تحكم النخيل بالتحليلات التنبؤية,الزراعة,لوحة تحكم مخصص لـ النخيل يعمل بالتحليلات التنبؤية ويهدف لتسهيل الوصول للخدمات ضمن قطاع الزراعة.,النخيل
2328,حل رقمي العيادات بالتحليلات التنبؤية,الصحة,حل رقمي مخصص لـ العيادات يعمل بالتحليلات التنبؤية ويهدف لتقليل التكاليف ضمن قطاع الصحة.,العيادات
2329,نظام المجمعات السكنية بالروبوتات الذكية,العقارات,نظام مخصص لـ المجمعات السكنية يعمل بالروبوتات الذكية ويهدف لتقليل الهدر ضمن قطاع العقارات.,المجمعات السكنية
2330,منصة المعتمرين بالبلوك تشين,الحج والعمرة,منصة مخصص لـ المعتمرين يعمل بالبلوك تشين ويهدف لتحسين الاستدامة ضمن قطاع الحج والعمرة.,المعتمرين
2331,مساعد ذكي البيوت المحمية بالبلوك تشين,الزراعة,مساعد ذكي مخصص لـ البيوت المحمية يعمل بالبلوك تشين ويهدف لرفع جودة الحياة ضمن قطاع الزراعة.,البيوت المحمية
2332,نظام الأحياء السكنية بالحوسبة السحابية,المدن الذكية,نظام مخصص لـ الأحياء السكنية يعمل بالحوسبة السحابية ويهدف لتسهيل الوصول للخدمات ضمن قطاع المدن الذكية.,الأحياء السكنية
2333,تطبيق الشركات الصغيرة بالتحليلات التنبؤية,المالية,تطبيق مخصص لـ الشركات الصغيرة يعمل بالتحليلات التنبؤية ويهدف لتحسين الاستدامة ضمن قطاع المالية.,الشركات الصغيرة
2334,لوحة تحكم المدارس بالحوسبة السحابية,التعليم,لوحة تحكم مخصص لـ المدارس يعمل بالحوسبة السحابية ويهدف لتسريع الإجراءات ضمن قطاع التعليم.,المدارس
2335,تطبيق السيارات الكهربائية بالواقع الافتراضي,الطاقة,تطبيق مخصص لـ السيارات الكهربائية يعمل بالواقع الافتراضي ويهدف لتعزيز الأمان ضمن قطاع الطاقة.,السيارات الكهربائية
2336,خدمة ذكية البنوك بالذكاء الاصطناعي,الأمن السيبراني,خدمة ذكية مخصص لـ البنوك يعمل بالذكاء الاصطناعي ويهدف لرفع كفاءة التشغيل ضمن قطاع الأمن السيبراني.,البنوك
2337,محرك توصيات السيارات الكهربائية بالبلوك تشين,الطاقة,محرك توصيات مخصص لـ السيارات الكهربائية يعمل بالبلوك تشين ويهدف لرفع كفاءة التشغيل ضمن قطاع الطاقة.,السيارات الكهربائية
2338,محرك توصيات الحملات بالواقع المعزز,الحج والعمرة,محرك توصيات مخصص لـ الحملات يعمل بالواقع المعزز ويهدف لرفع كفاءة التشغيل ضمن قطاع الحج والعمرة.,الحملات
2339,مساعد ذكي المباني الحكومية بالروبوتات الذكية,الطاقة,مساعد ذكي مخصص لـ المباني الحكومية يعمل بالروبوتات الذكية ويهدف لتقليل التكاليف ضمن قطاع الطاقة.,المباني الحكومية
2340,لوحة تحكم الأسر المنتجة بالتحليلات التنبؤية,التجارة الإلكترونية,لوحة تحكم مخصص لـ الأسر المنتجة يعمل بالتحليلات التنبؤية ويهدف لتقليل التكاليف ضمن قطاع التجارة الإلكترونية.,الأسر المنتجة
2341,حل رقمي الشركات بالذكاء الاصطناعي,الأمن السيبراني,حل رقمي مخصص لـ الشركات يعمل بالذكاء الاصطناعي ويهدف لرفع جودة الحياة ضمن قطاع الأمن السيبراني.,الشركات
2342,لوحة تحكم المشاعر المقدسة بالحوسبة السحابية,الحج والعمرة,لوحة تحكم مخصص لـ المشاعر المقدسة يعمل بالحوسبة السحابية ويهدف لتحسين تجربة المستخدم ضمن قطاع الحج والعمرة.,المشاعر المقدسة
2343,خدمة ذكية الحجاج باستخدام إنترنت الأشياء,الحج والعمرة,خدمة ذكية مخصص لـ الحجاج يعمل باستخدام إنترنت الأشياء ويهدف لدعم رؤية 2030 ضمن قطاع الحج والعمرة.,الحجاج
2344,محرك توصيات المطاعم بتحليل البيانات,التجارة الإلكترونية,محرك توصيات مخصص لـ المطاعم يعمل بتحليل البيانات ويهدف لرفع جودة الحياة ضمن قطاع التجارة الإلكترونية.,المطاعم
2345,تطبيق المزارع بالواقع المعزز,الزراعة,تطبيق مخصص لـ المزارع يعمل بالواقع المعزز ويهدف لتعزيز الأمان ضمن قطاع الزراعة.,المزارع
2346,نظام المطاعم بالذكاء الاصطناعي,التجارة الإلكترونية,نظام مخصص لـ المطاعم يعمل بالذكاء الاصطناعي ويهدف لتعزيز الأمان ضمن قطاع التجارة الإلكترونية.,المطاعم
2347,خدمة ذكية الأحياء باستخدام إنترنت الأشياء,العقارات,خدمة ذكية مخصص لـ الأحياء يعمل باستخدام إنترنت الأشياء ويهدف لتحسين تجربة المستخدم ضمن قطاع العقارات.,الأحياء
2348,تطبيق الجهات الحكومية بالروبوتات الذكية,الأمن السيبراني,تطبيق مخصص لـ الجهات الحكومية يعمل بالروبوتات الذكية ويهدف لتقليل الهدر ضمن قطاع الأمن السيبراني.,الجهات الحكومية
2349,حل رقمي المشاعر المقدسة باستخدام إنترنت الأشياء,الحج والعمرة,حل رقمي مخصص لـ المشاعر المقدسة يعمل باستخدام إنترنت الأشياء ويهدف لتسريع الإجراءات ضمن قطاع الحج والعمرة.,المشاعر المقدسة
2350,منصة الطلاب بتحليل البيانات,العقارات,منصة مخصص لـ الطلاب يعمل بتحليل البيانات ويهدف لتسهيل الوصول للخدمات ضمن قطاع العقارات.,الطلاب
2351,خدمة ذكية العمالة بالواقع الافتراضي,المالية,خدمة ذكية مخصص لـ العمالة يعمل بالواقع الافتراضي ويهدف لرفع كفاءة التشغيل ضمن قطاع المالية.,العمالة
2352,تطبيق الأحياء السكنية بالذكاء الاصطناعي,المدن الذكية,تطبيق مخصص لـ الأحياء السكنية يعمل بالذكاء الاصطناعي ويهدف لتسهيل الوصول للخدمات ضمن قطاع المدن الذكية.,الأحياء السكنية
2353,تطبيق المباني الحكومية بالذكاء الاصطناعي,الطاقة,تطبيق مخصص لـ المباني الحكومية يعمل بالذكاء الاصطناعي ويهدف لدعم رؤية 2030 ضمن قطاع الطاقة.,المباني الحكومية
2354,حل رقمي المتاجر الصغيرة بالواقع المعزز,التجارة الإلكترونية,حل رقمي مخصص لـ المتاجر الصغيرة يعمل بالواقع المعزز ويهدف لتحسين تجربة المستخدم ضمن قطاع التجارة الإلكترونية.,المتاجر الصغيرة
2355,مساعد ذكي المزارع بتحليل البيانات,الزراعة,مساعد ذكي مخصص لـ المزارع يعمل بتحليل البيانات ويهدف لتقليل التكاليف ضمن قطاع الزراعة.,المزارع
2356,نظام مراقبة المقاهي بالحوسبة السحابية,التجارة الإلكترونية,نظام مراقبة مخصص لـ المقاهي يعمل بالحوسبة السحابية ويهدف لتعزيز الأمان ضمن قطاع التجارة الإلكترونية.,المقاهي
2357,محرك توصيات المعلمين بالتحليلات التنبؤية,التعليم,محرك توصيات مخصص لـ المعلمين يعمل بالتحليلات التنبؤية ويهدف لتسهيل الوصول للخدمات ضمن قطاع التعليم.,المعلمين
2358,نظام مراقبة المقاهي باستخدام إنترنت الأشياء,التجارة الإلكترونية,نظام مراقبة مخصص لـ المقاهي يعمل باستخدام إنترنت الأشياء ويهدف لتحسين تجربة المستخدم ضمن قطاع التجارة الإلكترونية.,المقاهي
2359,نظام النخيل بالروبوتات الذكية,الزراعة,نظام مخصص لـ النخيل يعمل بالروبوتات الذكية ويهدف لتحسين الاستدامة ضمن قطاع الزراعة.,النخيل
2360,تطبيق الجامعات بالنماذج اللغوية,المدن الذكية,تطبيق مخصص لـ الجامعات يعمل بالنماذج اللغوية ويهدف لتقليل التكاليف ضمن قطاع المدن الذكية.,الجامعات
2361,حل رقمي المعلمين بالروبوتات الذكية,التعليم,حل رقمي مخصص لـ المعلمين يعمل بالروبوتات الذكية ويهدف لتحسين تجربة المستخدم ضمن قطاع التعليم.,المعلمين
2362,مساعد ذكي المدارس بالواقع المعزز,التعليم,مساعد ذكي مخصص لـ المدارس يعمل بالواقع المعزز ويهدف لتعزيز الأمان ضمن قطاع التعليم.,المدارس
2363,تطبيق المدارس باستخدام إنترنت الأشياء,التعليم,تطبيق مخصص لـ المدارس يعمل باستخدام إنترنت الأشياء ويهدف لتحسين الاستدامة ضمن قطاع التعليم.,المدارس
2364,تطبيق الطلاب بالذكاء الاصطناعي,الصحة,تطبيق مخصص لـ الطلاب يعمل بالذكاء الاصطناعي ويهدف لتقليل الهدر ضمن قطاع الصحة.,الطلاب
2365,لوحة تحكم السيارات الكهربائية بالواقع المعزز,الطاقة,لوحة تحكم مخصص لـ السيارات الكهربائية يعمل بالواقع المعزز ويهدف لتسريع الإجراءات ضمن قطاع الطاقة.,السيارات الكهربائية
2366,مساعد ذكي المستثمرين بتحليل البيانات,المالية,مساعد ذكي مخصص لـ المستثمرين يعمل بتحليل البيانات ويهدف لتقليل التكاليف ضمن قطاع المالية.,المستثمرين
2367,محرك توصيات المنازل بالذكاء الاصطناعي,الطاقة,محرك توصيات مخصص لـ المنازل يعمل بالذكاء الاصطناعي ويهدف لرفع جودة الحياة ضمن قطاع الطاقة.,المنازل
2368,مساعد ذكي المؤجرين بالواقع المعزز,العقارات,مساعد ذكي مخصص لـ المؤجرين يعمل بالواقع المعزز ويهدف لدعم رؤية 2030 ضمن قطاع العقارات.,المؤجرين
2369,حل رقمي الحجاج بتحليل البيانات,الصحة,حل رقمي مخصص لـ الحجاج يعمل بتحليل البيانات ويهدف لتسريع الإجراءات ضمن قطاع الصحة.,الحجاج
2370,مساعد ذكي المجمعات السكنية بالحوسبة السحابية,العقارات,مساعد ذكي مخصص لـ المجمعات السكنية يعمل بالحوسبة السحابية ويهدف لتقليل الهدر ضمن قطاع العقارات.,المجمعات السكنية
2371,مساعد ذكي الحجاج بالروبوتات الذكية,الحج والعمرة,مساعد ذكي مخصص لـ الحجاج يعمل بالروبوتات الذكية ويهدف لتعزيز الأمان ضمن قطاع الحج والعمرة.,الحجاج
2372,حل رقمي المباني الحكومية بالواقع الافتراضي,الطاقة,حل رقمي مخصص لـ المباني الحكومية يعمل بالواقع الافتراضي ويهدف لرفع جودة الحياة ضمن قطاع الطاقة.,المباني الحكومية
2373,منصة الحج باستخدام إنترنت الأشياء,المدن الذكية,منصة مخصص لـ الحج يعمل باستخدام إنترنت الأشياء ويهدف لتقليل التكاليف ضمن قطاع المدن الذكية.,الحج
2374,لوحة تحكم المشاعر المقدسة بالتحليلات التنبؤية,الحج والعمرة,لوحة تحكم مخصص لـ المشاعر المقدسة يعمل بالتحليلات التنبؤية ويهدف لتسهيل الوصول للخدمات ضمن قطاع الحج والعمرة.,المشاعر المقدسة
2375,نظام مراقبة الأحياء السكنية بالذكاء الاصطناعي,المدن الذكية,نظام مراقبة مخصص لـ الأحياء السكنية يعمل بالذكاء الاصطناعي ويهدف لتحسين الاستدامة ضمن قطاع المدن الذكية.,الأحياء السكنية
2376,منصة موحدة المزارع المنزلية بالواقع المعزز,الزراعة,منصة موحدة مخصص لـ المزارع المنزلية يعمل بالواقع المعزز ويهدف لتقليل الهدر ضمن قطاع الزراعة.,المزارع المنزلية
2377,خدمة ذكية المستثمرين بالنماذج اللغوية,المالية,خدمة ذكية مخصص لـ المستثمرين يعمل بالنماذج اللغوية ويهدف لتسريع الإجراءات ضمن قطاع المالية.,المستثمرين
2378,نظام المزارع المنزلية بالنماذج اللغوية,الزراعة,نظام مخصص لـ المزارع المنزلية يعمل بالنماذج اللغوية ويهدف لتحسين الاستدامة ضمن قطاع الزراعة.,المزارع المنزلية
2379,تطبيق المصانع بتحليل البيانات,الطاقة,تطبيق مخصص لـ المصانع يعمل بتحليل البيانات ويهدف لتسريع الإجراءات ضمن قطاع الطاقة.,المصانع
2380,تطبيق ذوي الإعاقة بالحوسبة السحابية,التعليم,تطبيق مخصص لـ ذوي الإعاقة يعمل بالحوسبة السحابية ويهدف لتسهيل الوصول للخدمات ضمن قطاع التعليم.,ذوي الإعاقة
2381,محرك توصيات المستشفيات بالواقع المعزز,الصحة,محرك توصيات مخصص لـ المستشفيات يعمل بالواقع المعزز ويهدف لتقليل التكاليف ضمن قطاع الصحة.,المستشفيات
2382,منصة الرياضيين بالواقع المعزز,الصحة,منصة مخصص لـ الرياضيين يعمل بالواقع المعزز ويهدف لدعم رؤية 2030 ضمن قطاع الصحة.,الرياضيين
2383,حل رقمي المدارس بالحوسبة السحابية,التعليم,حل رقمي مخصص لـ المدارس يعمل بالحوسبة السحابية ويهدف لتحسين الاستدامة ضمن قطاع التعليم.,المدارس
2384,محرك توصيات الأطفال بالذكاء الاصطناعي,التعليم,محرك توصيات مخصص لـ الأطفال يعمل بالذكاء الاصطناعي ويهدف لرفع كفاءة التشغيل ضمن قطاع التعليم.,الأطفال
2385,منصة المتاجر الصغيرة بالذكاء الاصطناعي,التجارة الإلكترونية,منصة مخصص لـ المتاجر الصغيرة يعمل بالذكاء الاصطناعي ويهدف لرفع كفاءة التشغيل ضمن قطاع التجارة الإلكترونية.,المتاجر الصغيرة
2386,نظام المباني الحكومية بالذكاء الاصطناعي,الطاقة,نظام مخصص لـ المباني الحكومية يعمل بالذكاء الاصطناعي ويهدف لتقليل الهدر ضمن قطاع الطاقة.,المباني الحكومية
2387,منصة الحملات بتحليل البيانات,الحج والعمرة,منصة مخصص لـ الحملات يعمل بتحليل البيانات ويهدف لتحسين تجربة المستخدم ضمن قطاع الحج والعمرة.,الحملات
2388,منصة موحدة الأحياء بتحليل البيانات,العقارات,منصة موحدة مخصص لـ الأحياء يعمل بتحليل البيانات ويهدف لرفع جودة الحياة ضمن قطاع العقارات.,الأحياء
2389,نظام المصانع بتحليل البيانات,الطاقة,نظام مخصص لـ المصانع يعمل بتحليل البيانات ويهدف لتعزيز الأمان ضمن قطاع الطاقة.,المصانع
2390,لوحة تحكم الجامعات بتحليل البيانات,المدن الذكية,لوحة تحكم مخصص لـ الجامعات يعمل بتحليل البيانات ويهدف لرفع كفاءة التشغيل ضمن قطاع المدن الذكية.,الجامعات
2391,منصة موحدة السيارات الكهربائية بالبلوك تشين,الطاقة,منصة موحدة مخصص لـ السيارات الكهربائية يعمل بالبلوك تشين ويهدف لتسهيل الوصول للخدمات ضمن قطاع الطاقة.,السيارات الكهربائية
2392,تطبيق الرياضيين بالواقع الافتراضي,الصحة,تطبيق مخصص لـ الرياضيين يعمل بالواقع الافتراضي ويهدف لتقليل الهدر ضمن قطاع الصحة.,الرياضيين
2393,لوحة تحكم الشركات بتحليل البيانات,الأمن السيبراني,لوحة تحكم مخصص لـ الشركات يعمل بتحليل البيانات ويهدف لتقليل التكاليف ضمن قطاع الأمن السيبراني.,الشركات
2394,محرك توصيات المؤجرين بالروبوتات الذكية,العقارات,محرك توصيات مخصص لـ المؤجرين يعمل بالروبوتات الذكية ويهدف لتحسين تجربة المستخدم ضمن قطاع العقارات.,المؤجرين
2395,محرك توصيات المزارع بالتحليلات التنبؤية,الزراعة,محرك توصيات مخصص لـ المزارع يعمل بالتحليلات التنبؤية ويهدف لتقليل التكاليف ضمن قطاع الزراعة.,المزارع
2396,حل رقمي الطلاب بالروبوتات الذكية,العقارات,حل رقمي مخصص لـ الطلاب يعمل بالروبوتات الذكية ويهدف لدعم رؤية 2030 ضمن قطاع العقارات.,الطلاب
2397,خدمة ذكية كبار السن بالحوسبة السحابية,الصحة,خدمة ذكية مخصص لـ كبار السن يعمل بالحوسبة السحابية ويهدف لتسريع الإجراءات ضمن قطاع الصحة.,كبار السن
2398,نظام المستشفيات بالتحليلات التنبؤية,الأمن السيبراني,نظام مخصص لـ المستشفيات يعمل بالتحليلات التنبؤية ويهدف لتحسين الاستدامة ضمن قطاع الأمن السيبراني.,المستشفيات
2399,نظام جدة بالحوسبة السحابية,المدن الذكية,نظام مخصص لـ جدة يعمل بالحوسبة السحابية ويهدف لتحسين الاستدامة ضمن قطاع المدن الذكية.,جدة
2400,لوحة تحكم المؤجرين بالحوسبة السحابية,العقارات,لوحة تحكم مخصص لـ المؤجرين يعمل بالحوسبة السحابية ويهدف لرفع جودة الحياة ضمن قطاع العقارات.,المؤجرين
2401,نظام مراقبة البنوك بالنماذج اللغوية,الأمن السيبراني,نظام مراقبة مخصص لـ البنوك يعمل بالنماذج اللغوية ويهدف لتعزيز الأمان ضمن قطاع الأمن السيبراني.,البنوك
2402,مساعد ذكي الحجاج بالتحليلات التنبؤية,الصحة,مساعد ذكي مخصص لـ الحجاج يعمل بالتحليلات التنبؤية ويهدف لرفع كفاءة التشغيل ضمن قطاع الصحة.,الحجاج
2403,حل رقمي الأسر المنتجة بالنماذج اللغوية,التجارة الإلكترونية,حل رقمي مخصص لـ الأسر المنتجة يعمل بالنماذج اللغوية ويهدف لرفع جودة الحياة ضمن قطاع التجارة الإلكترونية.,الأسر المنتجة
2404,محرك توصيات الأحياء بالحوسبة السحابية,العقارات,محرك توصيات مخصص لـ الأحياء يعمل بالحوسبة السحابية ويهدف لرفع جودة الحياة ضمن قطاع العقارات.,الأحياء
2405,مساعد ذكي المجمعات السكنية بتحليل البيانات,العقارات,مساعد ذكي مخصص لـ المجمعات السكنية يعمل بتحليل البيانات ويهدف لتسهيل الوصول للخدمات ضمن قطاع العقارات.,المجمعات السكنية
2406,مساعد ذكي المزارع المنزلية بالتحليلات التنبؤية,الزراعة,مساعد ذكي مخصص لـ المزارع المنزلية يعمل بالتحليلات التنبؤية ويهدف لرفع كفاءة التشغيل ضمن قطاع الزراعة.,المزارع المنزلية
2407,حل رقمي الجامعات بالتحليلات التنبؤية,المدن الذكية,حل رقمي مخصص لـ الجامعات يعمل بالتحليلات التنبؤية ويهدف لتعزيز الأمان ضمن قطاع المدن الذكية.,الجامعات
2408,نظام مراقبة الجامعات بتحليل البيانات,التعليم,نظام مراقبة مخصص لـ الجامعات يعمل بتحليل البيانات ويهدف لتسريع الإجراءات ضمن قطاع التعليم.,الجامعات
2409,منصة الأسر بالتحليلات التنبؤية,المالية,منصة مخصص لـ الأسر يعمل بالتحليلات التنبؤية ويهدف لتقليل الهدر ضمن قطاع المالية.,الأسر
2410,حل رقمي الأسر المنتجة بالتحليلات التنبؤية,التجارة الإلكترونية,حل رقمي مخصص لـ الأسر المنتجة يعمل بالتحليلات التنبؤية ويهدف لتسهيل الوصول للخدمات ضمن قطاع التجارة الإلكترونية.,الأسر المنتجة
2411,منصة جدة بالتحليلات التنبؤية,المدن الذكية,منصة مخصص لـ جدة يعمل بالتحليلات التنبؤية ويهدف لتقليل التكاليف ضمن قطاع المدن الذكية.,جدة
2412,خدمة ذكية المنازل الذكية بالبلوك تشين,الأمن السيبراني,خدمة ذكية مخصص لـ المنازل الذكية يعمل بالبلوك تشين ويهدف لدعم رؤية 2030 ضمن قطاع الأمن السيبراني.,المنازل الذكية
2413,حل رقمي الحملات بالواقع الافتراضي,الحج والعمرة,حل رقمي مخصص لـ الحملات يعمل بالواقع الافتراضي ويهدف لتحسين تجربة المستخدم ضمن قطاع الحج والعمرة.,الحملات
2414,نظام الحملات باستخدام إنترنت الأشياء,الحج والعمرة,نظام مخصص لـ الحملات يعمل باستخدام إنترنت الأشياء ويهدف لرفع كفاءة التشغيل ضمن قطاع الحج والعمرة.,الحملات
2415,خدمة ذكية الجهات الحكومية بالواقع المعزز,الأمن السيبراني,خدمة ذكية مخصص لـ الجهات الحكومية يعمل بالواقع المعزز ويهدف لتسهيل الوصول للخدمات ضمن قطاع الأمن السيبراني.,الجهات الحكومية
2416,نظام الطلاب بالذكاء الاصطناعي,المالية,نظام مخصص لـ الطلاب يعمل بالذكاء الاصطناعي ويهدف لتقليل الهدر ضمن قطاع المالية.,الطلاب
2417,تطبيق ذوي الإعاقة بتحليل البيانات,التعليم,تطبيق مخصص لـ ذوي الإعاقة يعمل بتحليل البيانات ويهدف لتسريع الإجراءات ضمن قطاع التعليم.,ذوي الإعاقة
2418,حل رقمي كبار السن بالحوسبة السحابية,الصحة,حل رقمي مخصص لـ كبار السن يعمل بالحوسبة السحابية ويهدف لتسريع الإجراءات ضمن قطاع الصحة.,كبار السن
2419,تطبيق الحجاج بتحليل البيانات,الصحة,تطبيق مخصص لـ الحجاج يعمل بتحليل البيانات ويهدف لتقليل الهدر ضمن قطاع الصحة.,الحجاج
2420,خدمة ذكية المدارس بالحوسبة السحابية,التعليم,خدمة ذكية مخصص لـ المدارس يعمل بالحوسبة السحابية ويهدف لتقليل الهدر ضمن قطاع التعليم.,المدارس
2421,نظام المعلمين بالنماذج اللغوية,التعليم,نظام مخصص لـ المعلمين يعمل بالنماذج اللغوية ويهدف لتعزيز الأمان ضمن قطاع التعليم.,المعلمين
2422,حل رقمي الأحياء باستخدام إنترنت الأشياء,العقارات,حل رقمي مخصص لـ الأحياء يعمل باستخدام إنترنت الأشياء ويهدف لتحسين تجربة المستخدم ضمن قطاع العقارات.,الأحياء
2423,محرك توصيات جدة بالبلوك تشين,المدن الذكية,محرك توصيات مخصص لـ جدة يعمل بالبلوك تشين ويهدف لتحسين تجربة المستخدم ضمن قطاع المدن الذكية.,جدة
2424,تطبيق المستشفيات بالواقع الافتراضي,الصحة,تطبيق مخصص لـ المستشفيات يعمل بالواقع الافتراضي ويهدف لتحسين الاستدامة ضمن قطاع الصحة.,المستشفيات
2425,لوحة تحكم المستشفيات بالواقع المعزز,الصحة,لوحة تحكم مخصص لـ المستشفيات يعمل بالواقع المعزز ويهدف لرفع جودة الحياة ضمن قطاع الصحة.,المستشفيات
2426,منصة الأسر المنتجة بالذكاء الاصطناعي,التجارة الإلكترونية,منصة مخصص لـ الأسر المنتجة يعمل بالذكاء الاصطناعي ويهدف لدعم رؤية 2030 ضمن قطاع التجارة الإلكترونية.,الأسر المنتجة
2427,نظام مراقبة المقاهي بالبلوك تشين,التجارة الإلكترونية,نظام مراقبة مخصص لـ المقاهي يعمل بالبلوك تشين ويهدف لدعم رؤية 2030 ضمن قطاع التجارة الإلكترونية.,المقاهي
2428,مساعد ذكي المصانع بالحوسبة السحابية,الطاقة,مساعد ذكي مخصص لـ المصانع يعمل بالحوسبة السحابية ويهدف لتقليل التكاليف ضمن قطاع الطاقة.,المصانع
2429,نظام مراقبة الجامعات بالروبوتات الذكية,التعليم,نظام مراقبة مخصص لـ الجامعات يعمل بالروبوتات الذكية ويهدف لدعم رؤية 2030 ضمن قطاع التعليم.,الجامعات
2430,نظام الطلاب بالحوسبة السحابية,العقارات,نظام مخصص لـ الطلاب يعمل بالحوسبة السحابية ويهدف لتقليل التكاليف ضمن قطاع العقارات.,الطلاب
2431,محرك توصيات البنوك بالحوسبة السحابية,الأمن السيبراني,محرك توصيات مخصص لـ البنوك يعمل بالحوسبة السحابية ويهدف لرفع جودة الحياة ضمن قطاع الأمن السيبراني.,البنوك
2432,محرك توصيات المنازل بالواقع المعزز,الطاقة,محرك توصيات مخصص لـ المنازل يعمل بالواقع المعزز ويهدف لتقليل التكاليف ضمن قطاع الطاقة.,المنازل
2433,مساعد ذكي النخيل بالروبوتات الذكية,الزراعة,مساعد ذكي مخصص لـ النخيل يعمل بالروبوتات الذكية ويهدف لرفع جودة الحياة ضمن قطاع الزراعة.,النخيل
2434,محرك توصيات الجامعات بالروبوتات الذكية,المدن الذكية,محرك توصيات مخصص لـ الجامعات يعمل بالروبوتات الذكية ويهدف لتسهيل الوصول للخدمات ضمن قطاع المدن الذكية.,الجامعات
2435,تطبيق المباني الحكومية بالبلوك تشين,الطاقة,تطبيق مخصص لـ المباني الحكومية يعمل بالبلوك تشين ويهدف لرفع كفاءة التشغيل ضمن قطاع الطاقة.,المباني الحكومية
2436,منصة المنازل الذكية بالنماذج اللغوية,الأمن السيبراني,منصة مخصص لـ المنازل الذكية يعمل بالنماذج اللغوية ويهدف لتسهيل الوصول للخدمات ضمن قطاع الأمن السيبراني.,المنازل الذكية
2437,نظام العمالة باستخدام إنترنت الأشياء,المالية,نظام مخصص لـ العمالة يعمل باستخدام إنترنت الأشياء ويهدف لرفع كفاءة التشغيل ضمن قطاع المالية.,العمالة
2438,لوحة تحكم المطاعم باستخدام إنترنت الأشياء,التجارة الإلكترونية,لوحة تحكم مخصص لـ المطاعم يعمل باستخدام إنترنت الأشياء ويهدف لرفع جودة الحياة ضمن قطاع التجارة الإلكترونية.,المطاعم
2439,حل رقمي الطلاب بالبلوك تشين,الصحة,حل رقمي مخصص لـ الطلاب يعمل بالبلوك تشين ويهدف لتقليل التكاليف ضمن قطاع الصحة.,الطلاب
2440,لوحة تحكم المعلمين باستخدام إنترنت الأشياء,التعليم,لوحة تحكم مخصص لـ المعلمين يعمل باستخدام إنترنت الأشياء ويهدف لرفع كفاءة التشغيل ضمن قطاع التعليم.,المعلمين
2441,تطبيق الطلاب بالروبوتات الذكية,الصحة,تطبيق مخصص لـ الطلاب يعمل بالروبوتات الذكية ويهدف لتسريع الإجراءات ضمن قطاع الصحة.,الطلاب
2442,نظام المستثمرين بالواقع المعزز,المالية,نظام مخصص لـ المستثمرين يعمل بالواقع المعزز ويهدف لتقليل الهدر ضمن قطاع المالية.,المستثمرين
2443,خدمة ذكية الأسر بالروبوتات الذكية,المالية,خدمة ذكية مخصص لـ الأسر يعمل بالروبوتات الذكية ويهدف لدعم رؤية 2030 ضمن قطاع المالية.,الأسر
2444,خدمة ذكية المؤجرين بالتحليلات التنبؤية,العقارات,خدمة ذكية مخصص لـ المؤجرين يعمل بالتحليلات التنبؤية ويهدف لتسهيل الوصول للخدمات ضمن قطاع العقارات.,المؤجرين
2445,تطبيق السيارات الكهربائية بالبلوك تشين,الطاقة,تطبيق مخصص لـ السيارات الكهربائية يعمل بالبلوك تشين ويهدف لتحسين تجربة المستخدم ضمن قطاع الطاقة.,السيارات الكهربائية
2446,حل رقمي الجامعات بالواقع الافتراضي,التعليم,حل رقمي مخصص لـ الجامعات يعمل بالواقع الافتراضي ويهدف لتحسين تجربة المستخدم ضمن قطاع التعليم.,الجامعات
2447,منصة الرياضيين بالواقع الافتراضي,الصحة,منصة مخصص لـ الرياضيين يعمل بالواقع الافتراضي ويهدف لتقليل التكاليف ضمن قطاع الصحة.,الرياضيين
2448,مساعد ذكي النخيل بتحليل البيانات,الزراعة,مساعد ذكي مخصص لـ النخيل يعمل بتحليل البيانات ويهدف لدعم رؤية 2030 ضمن قطاع الزراعة.,النخيل
2449,نظام مراقبة المصانع باستخدام إنترنت الأشياء,الطاقة,نظام مراقبة مخصص لـ المصانع يعمل باستخدام إنترنت الأشياء ويهدف لدعم رؤية 2030 ضمن قطاع الطاقة.,المصانع
2450,نظام البنوك بالواقع المعزز,الأمن السيبراني,نظام مخصص لـ البنوك يعمل بالواقع المعزز ويهدف لرفع جودة الحياة ضمن قطاع الأمن السيبراني.,البنوك
2451,نظام مراقبة الأسر بالذكاء الاصطناعي,المالية,نظام مراقبة مخصص لـ الأسر يعمل بالذكاء الاصطناعي ويهدف لتحسين تجربة المستخدم ضمن قطاع المالية.,الأسر
2452,نظام البيوت المحمية بالروبوتات الذكية,الزراعة,نظام مخصص لـ البيوت المحمية يعمل بالروبوتات الذكية ويهدف لتعزيز الأمان ضمن قطاع الزراعة.,البيوت المحمية
2453,نظام النخيل باستخدام إنترنت الأشياء,الزراعة,نظام مخصص لـ النخيل يعمل باستخدام إنترنت الأشياء ويهدف لتعزيز الأمان ضمن قطاع الزراعة.,النخيل
2454,خدمة ذكية الأسر بالتحليلات التنبؤية,المالية,خدمة ذكية مخصص لـ الأسر يعمل بالتحليلات التنبؤية ويهدف لرفع كفاءة التشغيل ضمن قطاع المالية.,الأسر
2455,خدمة ذكية الطلاب بتحليل البيانات,المالية,خدمة ذكية مخصص لـ الطلاب يعمل بتحليل البيانات ويهدف لتقليل التكاليف ضمن قطاع المالية.,الطلاب
2456,مساعد ذكي البيوت المحمية بالواقع المعزز,الزراعة,مساعد ذكي مخصص لـ البيوت المحمية يعمل بالواقع المعزز ويهدف لرفع جودة الحياة ضمن قطاع الزراعة.,البيوت المحمية
2457,خدمة ذكية الشركات الصغيرة بالحوسبة السحابية,المالية,خدمة ذكية مخصص لـ الشركات الصغيرة يعمل بالحوسبة السحابية ويهدف لتعزيز الأمان ضمن قطاع المالية.,الشركات الصغيرة
2458,نظام كبار السن بالذكاء الاصطناعي,الصحة,نظام مخصص لـ كبار السن يعمل بالذكاء الاصطناعي ويهدف لتسهيل الوصول للخدمات ضمن قطاع الصحة.,كبار السن
2459,منصة موحدة النخيل بالتحليلات التنبؤية,الزراعة,منصة موحدة مخصص لـ النخيل يعمل بالتحليلات التنبؤية ويهدف لتقليل التكاليف ضمن قطاع الزراعة.,النخيل
2460,تطبيق المنازل بالواقع الافتراضي,الطاقة,تطبيق مخصص لـ المنازل يعمل بالواقع الافتراضي ويهدف لتسهيل الوصول للخدمات ضمن قطاع الطاقة.,المنازل
2461,تطبيق المزارع بالذكاء الاصطناعي,الزراعة,تطبيق مخصص لـ المزارع يعمل بالذكاء الاصطناعي ويهدف لتقليل الهدر ضمن قطاع الزراعة.,المزارع
2462,محرك توصيات الأسر المنتجة بالتحليلات التنبؤية,التجارة الإلكترونية,محرك توصيات مخصص لـ الأسر المنتجة يعمل بالتحليلات التنبؤية ويهدف لتقليل الهدر ضمن قطاع التجارة الإلكترونية.,الأسر المنتجة
2463,منصة موحدة المستثمرين بتحليل البيانات,المالية,منصة موحدة مخصص لـ المستثمرين يعمل بتحليل البيانات ويهدف لتسهيل الوصول للخدمات ضمن قطاع المالية.,المستثمرين
2464,منصة المقاهي بالتحليلات التنبؤية,التجارة الإلكترونية,منصة مخصص لـ المقاهي يعمل بالتحليلات التنبؤية ويهدف لتحسين تجربة المستخدم ضمن قطاع التجارة الإلكترونية.,المقاهي
2465,حل رقمي ذوي الإعاقة بالروبوتات الذكية,التعليم,حل رقمي مخصص لـ ذوي الإعاقة يعمل بالروبوتات الذكية ويهدف لتعزيز الأمان ضمن قطاع التعليم.,ذوي الإعاقة
2466,حل رقمي المصانع بالروبوتات الذكية,الطاقة,حل رقمي مخصص لـ المصانع يعمل بالروبوتات الذكية ويهدف لتحسين الاستدامة ضمن قطاع الطاقة.,المصانع
2467,منصة موحدة المطاعم بالواقع المعزز,التجارة الإلكترونية,منصة موحدة مخصص لـ المطاعم يعمل بالواقع المعزز ويهدف لتسريع الإجراءات ضمن قطاع التجارة الإلكترونية.,المطاعم
2468,حل رقمي الأسر بالروبوتات الذكية,المالية,حل رقمي مخصص لـ الأسر يعمل بالروبوتات الذكية ويهدف لرفع كفاءة التشغيل ضمن قطاع المالية.,الأسر
2469,حل رقمي المستشفيات بالنماذج اللغوية,الأمن السيبراني,حل رقمي مخصص لـ المستشفيات يعمل بالنماذج اللغوية ويهدف لتقليل الهدر ضمن قطاع الأمن السيبراني.,المستشفيات
2470,حل رقمي المعتمرين بتحليل البيانات,الحج والعمرة,حل رقمي مخصص لـ المعتمرين يعمل بتحليل البيانات ويهدف لتسريع الإجراءات ضمن قطاع الحج والعمرة.,المعتمرين
2471,مساعد ذكي الأطفال بالواقع الافتراضي,الصحة,مساعد ذكي مخصص لـ الأطفال يعمل بالواقع الافتراضي ويهدف لتقليل التكاليف ضمن قطاع الصحة.,الأطفال
2472,منصة موحدة الأسر المنتجة بالنماذج اللغوية,التجارة الإلكترونية,منصة موحدة مخصص لـ الأسر المنتجة يعمل بالنماذج اللغوية ويهدف لتحسين الاستدامة ضمن قطاع التجارة الإلكترونية.,الأسر المنتجة
2473,نظام السيارات الكهربائية بالنماذج اللغوية,الطاقة,نظام مخصص لـ السيارات الكهربائية يعمل بالنماذج اللغوية ويهدف لرفع كفاءة التشغيل ضمن قطاع الطاقة.,السيارات الكهربائية
2474,تطبيق الشركات بتحليل البيانات,الأمن السيبراني,تطبيق مخصص لـ الشركات يعمل بتحليل البيانات ويهدف لدعم رؤية 2030 ضمن قطاع الأمن السيبراني.,الشركات
2475,منصة موحدة المستثمرين بالتحليلات التنبؤية,المالية,منصة موحدة مخصص لـ المستثمرين يعمل بالتحليلات التنبؤية ويهدف لدعم رؤية 2030 ضمن قطاع المالية.,المستثمرين
2476,نظام مراقبة الأسر المنتجة بالبلوك تشين,التجارة الإلكترونية,نظام مراقبة مخصص لـ الأسر المنتجة يعمل بالبلوك تشين ويهدف لتعزيز الأمان ضمن قطاع التجارة الإلكترونية.,الأسر المنتجة
2477,منصة موحدة المولات بالبلوك تشين,المدن الذكية,منصة موحدة مخصص لـ المولات يعمل بالبلوك تشين ويهدف لدعم رؤية 2030 ضمن قطاع المدن الذكية.,المولات
2478,نظام المجمعات السكنية بالتحليلات التنبؤية,العقارات,نظام مخصص لـ المجمعات السكنية يعمل بالتحليلات التنبؤية ويهدف لتسريع الإجراءات ضمن قطاع العقارات.,المجمعات السكنية
2479,تطبيق الحج بالواقع المعزز,المدن الذكية,تطبيق مخصص لـ الحج يعمل بالواقع المعزز ويهدف لتقليل الهدر ضمن قطاع المدن الذكية.,الحج
2480,منصة موحدة المنازل بالبلوك تشين,الطاقة,منصة موحدة مخصص لـ المنازل يعمل بالبلوك تشين ويهدف لرفع جودة الحياة ضمن قطاع الطاقة.,المنازل
2481,لوحة تحكم الرياض بالتحليلات التنبؤية,المدن الذكية,لوحة تحكم مخصص لـ الرياض يعمل بالتحليلات التنبؤية ويهدف لدعم رؤية 2030 ضمن قطاع المدن الذكية.,الرياض
2482,نظام الأسر المنتجة بالذكاء الاصطناعي,التجارة الإلكترونية,نظام مخصص لـ الأسر المنتجة يعمل بالذكاء الاصطناعي ويهدف لتسريع الإجراءات ضمن قطاع التجارة الإلكترونية.,الأسر المنتجة
2483,نظام مراقبة الشركات بالنماذج اللغوية,الأمن السيبراني,نظام مراقبة مخصص لـ الشركات يعمل بالنماذج اللغوية ويهدف لتحسين تجربة المستخدم ضمن قطاع الأمن السيبراني.,الشركات
2484,نظام الأطفال بالواقع المعزز,التعليم,نظام مخصص لـ الأطفال يعمل بالواقع المعزز ويهدف لتعزيز الأمان ضمن قطاع التعليم.,الأطفال
2485,منصة موحدة السيارات الكهربائية بتحليل البيانات,الطاقة,منصة موحدة مخصص لـ السيارات الكهربائية يعمل بتحليل البيانات ويهدف لتحسين الاستدامة ضمن قطاع الطاقة.,السيارات الكهربائية
2486,منصة موحدة الطلاب بالواقع المعزز,العقارات,منصة موحدة مخصص لـ الطلاب يعمل بالواقع المعزز ويهدف لرفع كفاءة التشغيل ضمن قطاع العقارات.,الطلاب
2487,نظام المؤجرين بتحليل البيانات,العقارات,نظام مخصص لـ المؤجرين يعمل بتحليل البيانات ويهدف لتعزيز الأمان ضمن قطاع العقارات.,المؤجرين
2488,منصة المدارس بالروبوتات الذكية,التعليم,منصة مخصص لـ المدارس يعمل بالروبوتات الذكية ويهدف لرفع كفاءة التشغيل ضمن قطاع التعليم.,المدارس
2489,خدمة ذكية المجمعات السكنية بتحليل البيانات,العقارات,خدمة ذكية مخصص لـ المجمعات السكنية يعمل بتحليل البيانات ويهدف لتحسين تجربة المستخدم ضمن قطاع العقارات.,المجمعات السكنية
2490,حل رقمي الأطفال بالتحليلات التنبؤية,الصحة,حل رقمي مخصص لـ الأطفال يعمل بالتحليلات التنبؤية ويهدف لرفع كفاءة التشغيل ضمن قطاع الصحة.,الأطفال
2491,تطبيق المستثمرين بالتحليلات التنبؤية,المالية,تطبيق مخصص لـ المستثمرين يعمل بالتحليلات التنبؤية ويهدف لتعزيز الأمان ضمن قطاع المالية.,المستثمرين
2492,مساعد ذكي الجامعات بالواقع المعزز,المدن الذكية,مساعد ذكي مخصص لـ الجامعات يعمل بالواقع المعزز ويهدف لتعزيز الأمان ضمن قطاع المدن الذكية.,الجامعات
2493,تطبيق المطاعم بالبلوك تشين,التجارة الإلكترونية,تطبيق مخصص لـ المطاعم يعمل بالبلوك تشين ويهدف لدعم رؤية 2030 ضمن قطاع التجارة الإلكترونية.,المطاعم
2494,منصة موحدة الأسر المنتجة بالذكاء الاصطناعي,التجارة الإلكترونية,منصة موحدة مخصص لـ الأسر المنتجة يعمل بالذكاء الاصطناعي ويهدف لتحسين الاستدامة ضمن قطاع التجارة الإلكترونية.,الأسر المنتجة
2495,نظام مراقبة الأسر المنتجة باستخدام إنترنت الأشياء,التجارة الإلكترونية,نظام مراقبة مخصص لـ الأسر المنتجة يعمل باستخدام إنترنت الأشياء ويهدف لتسريع الإجراءات ضمن قطاع التجارة الإلكترونية.,الأسر المنتجة
2496,نظام مراقبة جدة بتحليل البيانات,المدن الذكية,نظام مراقبة مخصص لـ جدة يعمل بتحليل البيانات ويهدف لتقليل التكاليف ضمن قطاع المدن الذكية.,جدة
2497,منصة المستثمرين بالذكاء الاصطناعي,المالية,منصة مخصص لـ المستثمرين يعمل بالذكاء الاصطناعي ويهدف لتعزيز الأمان ضمن قطاع المالية.,المستثمرين
2498,تطبيق البنوك بالنماذج اللغوية,الأمن السيبراني,تطبيق مخصص لـ البنوك يعمل بالنماذج اللغوية ويهدف لتقليل التكاليف ضمن قطاع الأمن السيبراني.,البنوك
2499,محرك توصيات البنوك بتحليل البيانات,الأمن السيبراني,محرك توصيات مخصص لـ البنوك يعمل بتحليل البيانات ويهدف لرفع كفاءة التشغيل ضمن قطاع الأمن السيبراني.,البنوك
2500,مساعد ذكي البيوت المحمية بتحليل البيانات,الزراعة,مساعد ذكي مخصص لـ البيوت المحمية يعمل بتحليل البيانات ويهدف لتحسين تجربة المستخدم ضمن قطاع الزراعة.,البيوت المحمية
2501,لوحة تحكم المعلمين بالذكاء الاصطناعي,التعليم,لوحة تحكم مخصص لـ المعلمين يعمل بالذكاء الاصطناعي ويهدف لتقليل الهدر ضمن قطاع التعليم.,المعلمين
2502,حل رقمي المقاهي بالبلوك تشين,التجارة الإلكترونية,حل رقمي مخصص لـ المقاهي يعمل بالبلوك تشين ويهدف لتسهيل الوصول للخدمات ضمن قطاع التجارة الإلكترونية.,المقاهي
2503,حل رقمي الحجاج بالذكاء الاصطناعي,الصحة,حل رقمي مخصص لـ الحجاج يعمل بالذكاء الاصطناعي ويهدف لتقليل الهدر ضمن قطاع الصحة.,الحجاج
2504,منصة البيوت المحمية بالتحليلات التنبؤية,الزراعة,منصة مخصص لـ البيوت المحمية يعمل بالتحليلات التنبؤية ويهدف لتحسين تجربة المستخدم ضمن قطاع الزراعة.,البيوت المحمية
2505,مساعد ذكي المطاعم بالبلوك تشين,التجارة الإلكترونية,مساعد ذكي مخصص لـ المطاعم يعمل بالبلوك تشين ويهدف لتحسين تجربة المستخدم ضمن قطاع التجارة الإلكترونية.,المطاعم
2506,لوحة تحكم جدة بالواقع المعزز,المدن الذكية,لوحة تحكم مخصص لـ جدة يعمل بالواقع المعزز ويهدف لتحسين تجربة المستخدم ضمن قطاع المدن الذكية.,جدة
2507,خدمة ذكية النخيل بالواقع المعزز,الزراعة,خدمة ذكية مخصص لـ النخيل يعمل بالواقع المعزز ويهدف لتقليل الهدر ضمن قطاع الزراعة.,النخيل
2508,لوحة تحكم المدارس بالبلوك تشين,التعليم,لوحة تحكم مخصص لـ المدارس يعمل بالبلوك تشين ويهدف لدعم رؤية 2030 ضمن قطاع التعليم.,المدارس
2509,مساعد ذكي المصانع بالنماذج اللغوية,الطاقة,مساعد ذكي مخصص لـ المصانع يعمل بالنماذج اللغوية ويهدف لتقليل التكاليف ضمن قطاع الطاقة.,المصانع
2510,تطبيق المعلمين بتحليل البيانات,التعليم,تطبيق مخصص لـ المعلمين يعمل بتحليل البيانات ويهدف لرفع جودة الحياة ضمن قطاع التعليم.,المعلمين
2511,نظام المنازل الذكية باستخدام إنترنت الأشياء,الأمن السيبراني,نظام مخصص لـ المنازل الذكية يعمل باستخدام إنترنت الأشياء ويهدف لتقليل الهدر ضمن قطاع الأمن السيبراني.,المنازل الذكية
2512,نظام مراقبة المستشفيات بالذكاء الاصطناعي,الصحة,نظام مراقبة مخصص لـ المستشفيات يعمل بالذكاء الاصطناعي ويهدف لرفع كفاءة التشغيل ضمن قطاع الصحة.,المستشفيات
2513,منصة المتاجر الصغيرة بالنماذج اللغوية,التجارة الإلكترونية,منصة مخصص لـ المتاجر الصغيرة يعمل بالنماذج اللغوية ويهدف لتقليل التكاليف ضمن قطاع التجارة الإلكترونية.,المتاجر الصغيرة
2514,محرك توصيات السيارات الكهربائية بالحوسبة السحابية,الطاقة,محرك توصيات مخصص لـ السيارات الكهربائية يعمل بالحوسبة السحابية ويهدف لتقليل الهدر ضمن قطاع الطاقة.,السيارات الكهربائية
2515,منصة موحدة ذوي الإعاقة بتحليل البيانات,التعليم,منصة موحدة مخصص لـ ذوي الإعاقة يعمل بتحليل البيانات ويهدف لرفع جودة الحياة ضمن قطاع التعليم.,ذوي الإعاقة
2516,منصة موحدة المستثمرين بالنماذج اللغوية,المالية,منصة موحدة مخصص لـ المستثمرين يعمل بالنماذج اللغوية ويهدف لدعم رؤية 2030 ضمن قطاع المالية.,المستثمرين
2517,تطبيق المستشفيات بالذكاء الاصطناعي,الأمن السيبراني,تطبيق مخصص لـ المستشفيات يعمل بالذكاء الاصطناعي ويهدف لرفع جودة الحياة ضمن قطاع الأمن السيبراني.,المستشفيات
2518,مساعد ذكي المعتمرين باستخدام إنترنت الأشياء,الحج والعمرة,مساعد ذكي مخصص لـ المعتمرين يعمل باستخدام إنترنت الأشياء ويهدف لتسهيل الوصول للخدمات ضمن قطاع الحج والعمرة.,المعتمرين
2519,تطبيق المدارس بالذكاء الاصطناعي,التعليم,تطبيق مخصص لـ المدارس يعمل بالذكاء الاصطناعي ويهدف لتعزيز الأمان ضمن قطاع التعليم.,المدارس
2520,منصة الأحياء السكنية بتحليل البيانات,المدن الذكية,منصة مخصص لـ الأحياء السكنية يعمل بتحليل البيانات ويهدف لتعزيز الأمان ضمن قطاع المدن الذكية.,الأحياء السكنية
2521,منصة الأحياء بالتحليلات التنبؤية,العقارات,منصة مخصص لـ الأحياء يعمل بالتحليلات التنبؤية ويهدف لتحسين تجربة المستخدم ضمن قطاع العقارات.,الأحياء
2522,لوحة تحكم المزارع المنزلية بالواقع المعزز,الزراعة,لوحة تحكم مخصص لـ المزارع المنزلية يعمل بالواقع المعزز ويهدف لرفع كفاءة التشغيل ضمن قطاع الزراعة.,المزارع المنزلية
2523,مساعد ذكي المنازل الذكية بالروبوتات الذكية,الأمن السيبراني,مساعد ذكي مخصص لـ المنازل الذكية يعمل بالروبوتات الذكية ويهدف لدعم رؤية 2030 ضمن قطاع الأمن السيبراني.,المنازل الذكية
2524,نظام النخيل بالواقع المعزز,الزراعة,نظام مخصص لـ النخيل يعمل بالواقع المعزز ويهدف لدعم رؤية 2030 ضمن قطاع الزراعة.,النخيل
2525,مساعد ذكي المولات بالنماذج اللغوية,المدن الذكية,مساعد ذكي مخصص لـ المولات يعمل بالنماذج اللغوية ويهدف لتحسين تجربة المستخدم ضمن قطاع المدن الذكية.,المولات
2526,نظام مراقبة الجامعات بالواقع المعزز,التعليم,نظام مراقبة مخصص لـ الجامعات يعمل بالواقع المعزز ويهدف لرفع كفاءة التشغيل ضمن قطاع التعليم.,الجامعات
2527,لوحة تحكم المقاهي باستخدام إنترنت الأشياء,التجارة الإلكترونية,لوحة تحكم مخصص لـ المقاهي يعمل باستخدام إنترنت الأشياء ويهدف لتسريع الإجراءات ضمن قطاع التجارة الإلكترونية.,المقاهي
2528,منصة الأسر بالواقع المعزز,المالية,منصة مخصص لـ الأسر يعمل بالواقع المعزز ويهدف لتحسين الاستدامة ضمن قطاع المالية.,الأسر
2529,لوحة تحكم كبار السن بالحوسبة السحابية,الصحة,لوحة تحكم مخصص لـ كبار السن يعمل بالحوسبة السحابية ويهدف لتحسين تجربة المستخدم ضمن قطاع الصحة.,كبار السن
2530,نظام المستثمرين بالروبوتات الذكية,المالية,نظام مخصص لـ المستثمرين يعمل بالروبوتات الذكية ويهدف لدعم رؤية 2030 ضمن قطاع المالية.,المستثمرين
2531,حل رقمي ذوي الإعاقة باستخدام إنترنت الأشياء,التعليم,حل رقمي مخصص لـ ذوي الإعاقة يعمل باستخدام إنترنت الأشياء ويهدف لتقليل الهدر ضمن قطاع التعليم.,ذوي الإعاقة
2532,نظام مراقبة المباني الحكومية بتحليل البيانات,الطاقة,نظام مراقبة مخصص لـ المباني الحكومية يعمل بتحليل البيانات ويهدف لتقليل التكاليف ضمن قطاع الطاقة.,المباني الحكومية
2533,لوحة تحكم الطلاب بالذكاء الاصطناعي,المالية,لوحة تحكم مخصص لـ الطلاب يعمل بالذكاء الاصطناعي ويهدف لرفع جودة الحياة ضمن قطاع المالية.,الطلاب
2534,خدمة ذكية الحملات بالنماذج اللغوية,الحج والعمرة,خدمة ذكية مخصص لـ الحملات يعمل بالنماذج اللغوية ويهدف لتحسين الاستدامة ضمن قطاع الحج والعمرة.,الحملات
2535,مساعد ذكي البيوت المحمية بالروبوتات الذكية,الزراعة,مساعد ذكي مخصص لـ البيوت المحمية يعمل بالروبوتات الذكية ويهدف لتعزيز الأمان ضمن قطاع الزراعة.,البيوت المحمية
2536,خدمة ذكية المصانع بالنماذج اللغوية,الطاقة,خدمة ذكية مخصص لـ المصانع يعمل بالنماذج اللغوية ويهدف لتقليل التكاليف ضمن قطاع الطاقة.,المصانع
2537,خدمة ذكية العيادات باستخدام إنترنت الأشياء,الصحة,خدمة ذكية مخصص لـ العيادات يعمل باستخدام إنترنت الأشياء ويهدف لدعم رؤية 2030 ضمن قطاع الصحة.,العيادات
2538,منصة المصانع باستخدام إنترنت الأشياء,الطاقة,منصة مخصص لـ المصانع يعمل باستخدام إنترنت الأشياء ويهدف لتعزيز الأمان ضمن قطاع الطاقة.,المصانع
2539,تطبيق المباني الحكومية باستخدام إنترنت الأشياء,الطاقة,تطبيق مخصص لـ المباني الحكومية يعمل باستخدام إنترنت الأشياء ويهدف لتعزيز الأمان ضمن قطاع الطاقة.,المباني الحكومية
2540,محرك توصيات المشاعر المقدسة بتحليل البيانات,الحج والعمرة,محرك توصيات مخصص لـ المشاعر المقدسة يعمل بتحليل البيانات ويهدف لتقليل الهدر ضمن قطاع الحج والعمرة.,المشاعر المقدسة
2541,مساعد ذكي البيوت المحمية بالحوسبة السحابية,الزراعة,مساعد ذكي مخصص لـ البيوت المحمية يعمل بالحوسبة السحابية ويهدف لرفع كفاءة التشغيل ضمن قطاع الزراعة.,البيوت المحمية
2542,نظام مراقبة المستشفيات بالواقع الافتراضي,الصحة,نظام مراقبة مخصص لـ المستشفيات يعمل بالواقع الافتراضي ويهدف لتسهيل الوصول للخدمات ضمن قطاع الصحة.,المستشفيات
2543,منصة موحدة السيارات الكهربائية بالواقع المعزز,الطاقة,منصة موحدة مخصص لـ السيارات الكهربائية يعمل بالواقع المعزز ويهدف لتعزيز الأمان ضمن قطاع الطاقة.,السيارات الكهربائية
2544,خدمة ذكية الأحياء السكنية بالحوسبة السحابية,المدن الذكية,خدمة ذكية مخصص لـ الأحياء السكنية يعمل بالحوسبة السحابية ويهدف لتقليل التكاليف ضمن قطاع المدن الذكية.,الأحياء السكنية
2545,مساعد ذكي الشركات الصغيرة بالحوسبة السحابية,المالية,مساعد ذكي مخصص لـ الشركات الصغيرة يعمل بالحوسبة السحابية ويهدف لتقليل الهدر ضمن قطاع المالية.,الشركات الصغيرة
2546,نظام مراقبة ذوي الإعاقة بالحوسبة السحابية,التعليم,نظام مراقبة مخصص لـ ذوي الإعاقة يعمل بالحوسبة السحابية ويهدف لتحسين الاستدامة ضمن قطاع التعليم.,ذوي الإعاقة
2547,تطبيق العيادات بالبلوك تشين,الصحة,تطبيق مخصص لـ العيادات يعمل بالبلوك تشين ويهدف لتسريع الإجراءات ضمن قطاع الصحة.,العيادات
2548,منصة ذوي الإعاقة بالتحليلات التنبؤية,التعليم,منصة مخصص لـ ذوي الإعاقة يعمل بالتحليلات التنبؤية ويهدف لتحسين تجربة المستخدم ضمن قطاع التعليم.,ذوي الإعاقة
2549,منصة الشركات بالحوسبة السحابية,الأمن السيبراني,منصة مخصص لـ الشركات يعمل بالحوسبة السحابية ويهدف لتسريع الإجراءات ضمن قطاع الأمن السيبراني.,الشركات
2550,منصة موحدة الأطفال بالواقع المعزز,التعليم,منصة موحدة مخصص لـ الأطفال يعمل بالواقع المعزز ويهدف لتعزيز الأمان ضمن قطاع التعليم.,الأطفال
2551,لوحة تحكم المدارس بالنماذج اللغوية,التعليم,لوحة تحكم مخصص لـ المدارس يعمل بالنماذج اللغوية ويهدف لدعم رؤية 2030 ضمن قطاع التعليم.,المدارس
2552,نظام المعتمرين باستخدام إنترنت الأشياء,الحج والعمرة,نظام مخصص لـ المعتمرين يعمل باستخدام إنترنت الأشياء ويهدف لتسريع الإجراءات ضمن قطاع الحج والعمرة.,المعتمرين
2553,نظام مراقبة المطاعم بالنماذج اللغوية,التجارة الإلكترونية,نظام مراقبة مخصص لـ المطاعم يعمل بالنماذج اللغوية ويهدف لتقليل التكاليف ضمن قطاع التجارة الإلكترونية.,المطاعم
2554,نظام مراقبة المزارع بالواقع الافتراضي,الزراعة,نظام مراقبة مخصص لـ المزارع يعمل بالواقع الافتراضي ويهدف لتحسين الاستدامة ضمن قطاع الزراعة.,المزارع
2555,محرك توصيات المستشفيات بالروبوتات الذكية,الأمن السيبراني,محرك توصيات مخصص لـ المستشفيات يعمل بالروبوتات الذكية ويهدف لرفع كفاءة التشغيل ضمن قطاع الأمن السيبراني.,المستشفيات
2556,تطبيق المتاجر الصغيرة بتحليل البيانات,التجارة الإلكترونية,تطبيق مخصص لـ المتاجر الصغيرة يعمل بتحليل البيانات ويهدف لتقليل الهدر ضمن قطاع التجارة الإلكترونية.,المتاجر الصغيرة
2557,محرك توصيات البيوت المحمية بالروبوتات الذكية,الزراعة,محرك توصيات مخصص لـ البيوت المحمية يعمل بالروبوتات الذكية ويهدف لتحسين الاستدامة ضمن قطاع الزراعة.,البيوت المحمية
2558,مساعد ذكي المؤجرين بالذكاء الاصطناعي,العقارات,مساعد ذكي مخصص لـ المؤجرين يعمل بالذكاء الاصطناعي ويهدف لرفع كفاءة التشغيل ضمن قطاع العقارات.,المؤجرين
2559,نظام مراقبة الجامعات باستخدام إنترنت الأشياء,التعليم,نظام مراقبة مخصص لـ الجامعات يعمل باستخدام إنترنت الأشياء ويهدف لتحسين الاستدامة ضمن قطاع التعليم.,الجامعات
2560,منصة موحدة الأحياء السكنية بالواقع الافتراضي,المدن الذكية,منصة موحدة مخصص لـ الأحياء السكنية يعمل بالواقع الافتراضي ويهدف لدعم رؤية 2030 ضمن قطاع المدن الذكية.,الأحياء السكنية
2561,منصة موحدة المشاعر المقدسة بالنماذج اللغوية,الحج والعمرة,منصة موحدة مخصص لـ المشاعر المقدسة يعمل بالنماذج اللغوية ويهدف لتحسين الاستدامة ضمن قطاع الحج والعمرة.,المشاعر المقدسة
2562,منصة موحدة الجهات الحكومية بالذكاء الاصطناعي,الأمن السيبراني,منصة موحدة مخصص لـ الجهات الحكومية يعمل بالذكاء الاصطناعي ويهدف لتعزيز الأمان ضمن قطاع الأمن السيبراني.,الجهات الحكومية
2563,مساعد ذكي الطلاب بالذكاء الاصطناعي,العقارات,مساعد ذكي مخصص لـ الطلاب يعمل بالذكاء الاصطناعي ويهدف لتحسين الاستدامة ضمن قطاع العقارات.,الطلاب
2564,منصة موحدة الجامعات بالروبوتات الذكية,المدن الذكية,منصة موحدة مخصص لـ الجامعات يعمل بالروبوتات الذكية ويهدف لتحسين الاستدامة ضمن قطاع المدن الذكية.,الجامعات
2565,مساعد ذكي المولات بالواقع المعزز,المدن الذكية,مساعد ذكي مخصص لـ المولات يعمل بالواقع المعزز ويهدف لتسهيل الوصول للخدمات ضمن قطاع المدن الذكية.,المولات
2566,حل رقمي الأسر المنتجة بالواقع المعزز,التجارة الإلكترونية,حل رقمي مخصص لـ الأسر المنتجة يعمل بالواقع المعزز ويهدف لتقليل التكاليف ضمن قطاع التجارة الإلكترونية.,الأسر المنتجة
2567,منصة المؤجرين بالروبوتات الذكية,العقارات,منصة مخصص لـ المؤجرين يعمل بالروبوتات الذكية ويهدف لتقليل التكاليف ضمن قطاع العقارات.,المؤجرين
2568,محرك توصيات المنازل بتحليل البيانات,الطاقة,محرك توصيات مخصص لـ المنازل يعمل بتحليل البيانات ويهدف لتحسين الاستدامة ضمن قطاع الطاقة.,المنازل
2569,منصة موحدة الطلاب بالنماذج اللغوية,العقارات,منصة موحدة مخصص لـ الطلاب يعمل بالنماذج اللغوية ويهدف لتعزيز الأمان ضمن قطاع العقارات.,الطلاب
2570,نظام الجهات الحكومية بالبلوك تشين,الأمن السيبراني,نظام مخصص لـ الجهات الحكومية يعمل بالبلوك تشين ويهدف لتعزيز الأمان ضمن قطاع الأمن السيبراني.,الجهات الحكومية
2571,محرك توصيات الرياض بالتحليلات التنبؤية,المدن الذكية,محرك توصيات مخصص لـ الرياض يعمل بالتحليلات التنبؤية ويهدف لتحسين تجربة المستخدم ضمن قطاع المدن الذكية.,الرياض
2572,منصة موحدة السيارات الكهربائية بالنماذج اللغوية,الطاقة,منصة موحدة مخصص لـ السيارات الكهربائية يعمل بالنماذج اللغوية ويهدف لتقليل التكاليف ضمن قطاع الطاقة.,السيارات الكهربائية
2573,مساعد ذكي المعلمين بالنماذج اللغوية,التعليم,مساعد ذكي مخصص لـ المعلمين يعمل بالنماذج اللغوية ويهدف لتحسين الاستدامة ضمن قطاع التعليم.,المعلمين
2574,نظام كبار السن بالواقع المعزز,الصحة,نظام مخصص لـ كبار السن يعمل بالواقع المعزز ويهدف لتعزيز الأمان ضمن قطاع الصحة.,كبار السن
2575,محرك توصيات المزارع المنزلية بالحوسبة السحابية,الزراعة,محرك توصيات مخصص لـ المزارع المنزلية يعمل بالحوسبة السحابية ويهدف لتقليل التكاليف ضمن قطاع الزراعة.,المزارع المنزلية
2576,نظام المقاهي بالبلوك تشين,التجارة الإلكترونية,نظام مخصص لـ المقاهي يعمل بالبلوك تشين ويهدف لتسهيل الوصول للخدمات ضمن قطاع التجارة الإلكترونية.,المقاهي
2577,نظام الجامعات بالذكاء الاصطناعي,المدن الذكية,نظام مخصص لـ الجامعات يعمل بالذكاء الاصطناعي ويهدف لرفع جودة الحياة ضمن قطاع المدن الذكية.,الجامعات
2578,منصة الحملات بالبلوك تشين,الحج والعمرة,منصة مخصص لـ الحملات يعمل بالبلوك تشين ويهدف لدعم رؤية 2030 ضمن قطاع الحج والعمرة.,الحملات
2579,منصة موحدة المتاجر الصغيرة بالذكاء الاصطناعي,التجارة الإلكترونية,منصة موحدة مخصص لـ المتاجر الصغيرة يعمل بالذكاء الاصطناعي ويهدف لتعزيز الأمان ضمن قطاع التجارة الإلكترونية.,المتاجر الصغيرة
2580,تطبيق الأحياء السكنية بالواقع الافتراضي,المدن الذكية,تطبيق مخصص لـ الأحياء السكنية يعمل بالواقع الافتراضي ويهدف لتقليل التكاليف ضمن قطاع المدن الذكية.,الأحياء السكنية
2581,خدمة ذكية الحجاج بالبلوك تشين,الصحة,خدمة ذكية مخصص لـ الحجاج يعمل بالبلوك تشين ويهدف لتسهيل الوصول للخدمات ضمن قطاع الصحة.,الحجاج
2582,مساعد ذكي الجامعات باستخدام إنترنت الأشياء,التعليم,مساعد ذكي مخصص لـ الجامعات يعمل باستخدام إنترنت الأشياء ويهدف لتسهيل الوصول للخدمات ضمن قطاع التعليم.,الجامعات
2583,لوحة تحكم المقاهي بالواقع الافتراضي,التجارة الإلكترونية,لوحة تحكم مخصص لـ المقاهي يعمل بالواقع الافتراضي ويهدف لتحسين تجربة المستخدم ضمن قطاع التجارة الإلكترونية.,المقاهي
2584,خدمة ذكية الطلاب بالواقع الافتراضي,الصحة,خدمة ذكية مخصص لـ الطلاب يعمل بالواقع الافتراضي ويهدف لتقليل التكاليف ضمن قطاع الصحة.,الطلاب
2585,لوحة تحكم الحملات باستخدام إنترنت الأشياء,الحج والعمرة,لوحة تحكم مخصص لـ الحملات يعمل باستخدام إنترنت الأشياء ويهدف لتقليل الهدر ضمن قطاع الحج والعمرة.,الحملات
2586,مساعد ذكي المستشفيات بالتحليلات التنبؤية,الصحة,مساعد ذكي مخصص لـ المستشفيات يعمل بالتحليلات التنبؤية ويهدف لتسهيل الوصول للخدمات ضمن قطاع الصحة.,المستشفيات
2587,محرك توصيات المستشفيات بالبلوك تشين,الأمن السيبراني,محرك توصيات مخصص لـ المستشفيات يعمل بالبلوك تشين ويهدف لرفع كفاءة التشغيل ضمن قطاع الأمن السيبراني.,المستشفيات
2588,محرك توصيات المولات بالتحليلات التنبؤية,المدن الذكية,محرك توصيات مخصص لـ المولات يعمل بالتحليلات التنبؤية ويهدف لتسهيل الوصول للخدمات ضمن قطاع المدن الذكية.,المولات
2589,لوحة تحكم الحجاج بالواقع الافتراضي,الحج والعمرة,لوحة تحكم مخصص لـ الحجاج يعمل بالواقع الافتراضي ويهدف لرفع كفاءة التشغيل ضمن قطاع الحج والعمرة.,الحجاج
2590,نظام مراقبة المعتمرين بالتحليلات التنبؤية,الحج والعمرة,نظام مراقبة مخصص لـ المعتمرين يعمل بالتحليلات التنبؤية ويهدف لدعم رؤية 2030 ضمن قطاع الحج والعمرة.,المعتمرين
2591,حل رقمي الشركات بالواقع المعزز,الأمن السيبراني,حل رقمي مخصص لـ الشركات يعمل بالواقع المعزز ويهدف لدعم رؤية 2030 ضمن قطاع الأمن السيبراني.,الشركات
2592,محرك توصيات الشركات بالذكاء الاصطناعي,الأمن السيبراني,محرك توصيات مخصص لـ الشركات يعمل بالذكاء الاصطناعي ويهدف لتحسين تجربة المستخدم ضمن قطاع الأمن السيبراني.,الشركات
2593,منصة المعلمين بالواقع المعزز,التعليم,منصة مخصص لـ المعلمين يعمل بالواقع المعزز ويهدف لتحسين الاستدامة ضمن قطاع التعليم.,المعلمين
2594,نظام مراقبة المصانع بالتحليلات التنبؤية,الطاقة,نظام مراقبة مخصص لـ المصانع يعمل بالتحليلات التنبؤية ويهدف لتعزيز الأمان ضمن قطاع الطاقة.,المصانع
2595,مساعد ذكي كبار السن بالروبوتات الذكية,الصحة,مساعد ذكي مخصص لـ كبار السن يعمل بالروبوتات الذكية ويهدف لدعم رؤية 2030 ضمن قطاع الصحة.,كبار السن
2596,منصة السيارات الكهربائية بالبلوك تشين,الطاقة,منصة مخصص لـ السيارات الكهربائية يعمل بالبلوك تشين ويهدف لتسريع الإجراءات ضمن قطاع الطاقة.,السيارات الكهربائية
2597,منصة المصانع بالواقع المعزز,الطاقة,منصة مخصص لـ المصانع يعمل بالواقع المعزز ويهدف لدعم رؤية 2030 ضمن قطاع الطاقة.,المصانع
2598,منصة موحدة المجمعات السكنية بتحليل البيانات,العقارات,منصة موحدة مخصص لـ المجمعات السكنية يعمل بتحليل البيانات ويهدف لتقليل الهدر ضمن قطاع العقارات.,المجمعات السكنية
2599,نظام مراقبة البنوك باستخدام إنترنت الأشياء,الأمن السيبراني,نظام مراقبة مخصص لـ البنوك يعمل باستخدام إنترنت الأشياء ويهدف لتقليل التكاليف ضمن قطاع الأمن السيبراني.,البنوك
2600,حل رقمي الرياضيين بالذكاء الاصطناعي,الصحة,حل رقمي مخصص لـ الرياضيين يعمل بالذكاء الاصطناعي ويهدف لتسريع الإجراءات ضمن قطاع الصحة.,الرياضيين
2601,محرك توصيات الجهات الحكومية بالنماذج اللغوية,الأمن السيبراني,محرك توصيات مخصص لـ الجهات الحكومية يعمل بالنماذج اللغوية ويهدف لتسريع الإجراءات ضمن قطاع الأمن السيبراني.,الجهات الحكومية
2602,حل رقمي الجامعات بالروبوتات الذكية,التعليم,حل رقمي مخصص لـ الجامعات يعمل بالروبوتات الذكية ويهدف لتحسين تجربة المستخدم ضمن قطاع التعليم.,الجامعات
2603,منصة المطاعم بالروبوتات الذكية,التجارة الإلكترونية,منصة مخصص لـ المطاعم يعمل بالروبوتات الذكية ويهدف لتسريع الإجراءات ضمن قطاع التجارة الإلكترونية.,المطاعم
2604,حل رقمي الرياضيين بالروبوتات الذكية,الصحة,حل رقمي مخصص لـ الرياضيين يعمل بالروبوتات الذكية ويهدف لتقليل التكاليف ضمن قطاع الصحة.,الرياضيين
2605,مساعد ذكي ذوي الإعاقة بتحليل البيانات,التعليم,مساعد ذكي مخصص لـ ذوي الإعاقة يعمل بتحليل البيانات ويهدف لتقليل الهدر ضمن قطاع التعليم.,ذوي الإعاقة
2606,حل رقمي الحجاج بالحوسبة السحابية,الصحة,حل رقمي مخصص لـ الحجاج يعمل بالحوسبة السحابية ويهدف لرفع كفاءة التشغيل ضمن قطاع الصحة.,الحجاج
2607,منصة المتاجر الصغيرة بالحوسبة السحابية,التجارة الإلكترونية,منصة مخصص لـ المتاجر الصغيرة يعمل بالحوسبة السحابية ويهدف لتسهيل الوصول للخدمات ضمن قطاع التجارة الإلكترونية.,المتاجر الصغيرة
2608,نظام مراقبة المباني الحكومية بالحوسبة السحابية,الطاقة,نظام مراقبة مخصص لـ المباني الحكومية يعمل بالحوسبة السحابية ويهدف لرفع جودة الحياة ضمن قطاع الطاقة.,المباني الحكومية
2609,محرك توصيات المباني الحكومية بالروبوتات الذكية,الطاقة,محرك توصيات مخصص لـ المباني الحكومية يعمل بالروبوتات الذكية ويهدف لتسهيل الوصول للخدمات ضمن قطاع الطاقة.,المباني الحكومية
2610,تطبيق البيوت المحمية بالحوسبة السحابية,الزراعة,تطبيق مخصص لـ البيوت المحمية يعمل بالحوسبة السحابية ويهدف لرفع كفاءة التشغيل ضمن قطاع الزراعة.,البيوت المحمية
2611,لوحة تحكم المستشفيات بتحليل البيانات,الأمن السيبراني,لوحة تحكم مخصص لـ المستشفيات يعمل بتحليل البيانات ويهدف لدعم رؤية 2030 ضمن قطاع الأمن السيبراني.,المستشفيات
2612,محرك توصيات العيادات بالذكاء الاصطناعي,الصحة,محرك توصيات مخصص لـ العيادات يعمل بالذكاء الاصطناعي ويهدف لتحسين تجربة المستخدم ضمن قطاع الصحة.,العيادات
2613,منصة موحدة المباني الحكومية بالبلوك تشين,الطاقة,منصة موحدة مخصص لـ المباني الحكومية يعمل بالبلوك تشين ويهدف لتسريع الإجراءات ضمن قطاع الطاقة.,المباني الحكومية
2614,نظام مراقبة الشركات بالروبوتات الذكية,الأمن السيبراني,نظام مراقبة مخصص لـ الشركات يعمل بالروبوتات الذكية ويهدف لدعم رؤية 2030 ضمن قطاع الأمن السيبراني.,الشركات
2615,خدمة ذكية المعتمرين بتحليل البيانات,الحج والعمرة,خدمة ذكية مخصص لـ المعتمرين يعمل بتحليل البيانات ويهدف لرفع كفاءة التشغيل ضمن قطاع الحج والعمرة.,المعتمرين
2616,خدمة ذكية الشركات بالنماذج اللغوية,الأمن السيبراني,خدمة ذكية مخصص لـ الشركات يعمل بالنماذج اللغوية ويهدف لدعم رؤية 2030 ضمن قطاع الأمن السيبراني.,الشركات
2617,مساعد ذكي المباني الحكومية بتحليل البيانات,الطاقة,مساعد ذكي مخصص لـ المباني الحكومية يعمل بتحليل البيانات ويهدف لتحسين الاستدامة ضمن قطاع الطاقة.,المباني الحكومية
2618,حل رقمي المدارس بالتحليلات التنبؤية,التعليم,حل رقمي مخصص لـ المدارس يعمل بالتحليلات التنبؤية ويهدف لتعزيز الأمان ضمن قطاع التعليم.,المدارس
2619,نظام المزارع بالنماذج اللغوية,الزراعة,نظام مخصص لـ المزارع يعمل بالنماذج اللغوية ويهدف لتقليل التكاليف ضمن قطاع الزراعة.,المزارع
2620,منصة موحدة الحملات بالواقع الافتراضي,الحج والعمرة,منصة موحدة مخصص لـ الحملات يعمل بالواقع الافتراضي ويهدف لرفع كفاءة التشغيل ضمن قطاع الحج والعمرة.,الحملات
2621,حل رقمي الطلاب بالواقع المعزز,العقارات,حل رقمي مخصص لـ الطلاب يعمل بالواقع المعزز ويهدف لرفع جودة الحياة ضمن قطاع العقارات.,الطلاب
2622,حل رقمي الجامعات بتحليل البيانات,المدن الذكية,حل رقمي مخصص لـ الجامعات يعمل بتحليل البيانات ويهدف لتقليل التكاليف ضمن قطاع المدن الذكية.,الجامعات
2623,نظام مراقبة النخيل بالروبوتات الذكية,الزراعة,نظام مراقبة مخصص لـ النخيل يعمل بالروبوتات الذكية ويهدف لدعم رؤية 2030 ضمن قطاع الزراعة.,النخيل
2624,حل رقمي المنازل الذكية بالذكاء الاصطناعي,الأمن السيبراني,حل رقمي مخصص لـ المنازل الذكية يعمل بالذكاء الاصطناعي ويهدف لتقليل التكاليف ضمن قطاع الأمن السيبراني.,المنازل الذكية
2625,منصة موحدة السيارات الكهربائية بالذكاء الاصطناعي,الطاقة,منصة موحدة مخصص لـ السيارات الكهربائية يعمل بالذكاء الاصطناعي ويهدف لتسهيل الوصول للخدمات ضمن قطاع الطاقة.,السيارات الكهربائية
2626,نظام مراقبة المنازل بالنماذج اللغوية,الطاقة,نظام مراقبة مخصص لـ المنازل يعمل بالنماذج اللغوية ويهدف لتعزيز الأمان ضمن قطاع الطاقة.,المنازل
2627,منصة موحدة المطاعم بالبلوك تشين,التجارة الإلكترونية,منصة موحدة مخصص لـ المطاعم يعمل بالبلوك تشين ويهدف لدعم رؤية 2030 ضمن قطاع التجارة الإلكترونية.,المطاعم
2628,حل رقمي الحملات بتحليل البيانات,الحج والعمرة,حل رقمي مخصص لـ الحملات يعمل بتحليل البيانات ويهدف لرفع جودة الحياة ضمن قطاع الحج والعمرة.,الحملات
2629,مساعد ذكي الشركات الصغيرة بالنماذج اللغوية,المالية,مساعد ذكي مخصص لـ الشركات الصغيرة يعمل بالنماذج اللغوية ويهدف لتحسين تجربة المستخدم ضمن قطاع المالية.,الشركات الصغيرة
2630,منصة موحدة المستشفيات بالذكاء الاصطناعي,الأمن السيبراني,منصة موحدة مخصص لـ المستشفيات يعمل بالذكاء الاصطناعي ويهدف لرفع كفاءة التشغيل ضمن قطاع الأمن السيبراني.,المستشفيات
2631,حل رقمي النخيل بالبلوك تشين,الزراعة,حل رقمي مخصص لـ النخيل يعمل بالبلوك تشين ويهدف لرفع كفاءة التشغيل ضمن قطاع الزراعة.,النخيل
2632,محرك توصيات المعلمين باستخدام إنترنت الأشياء,التعليم,محرك توصيات مخصص لـ المعلمين يعمل باستخدام إنترنت الأشياء ويهدف لرفع كفاءة التشغيل ضمن قطاع التعليم.,المعلمين
2633,خدمة ذكية الأحياء بالتحليلات التنبؤية,العقارات,خدمة ذكية مخصص لـ الأحياء يعمل بالتحليلات التنبؤية ويهدف لتعزيز الأمان ضمن قطاع العقارات.,الأحياء
2634,محرك توصيات المتاجر الصغيرة بتحليل البيانات,التجارة الإلكترونية,محرك توصيات مخصص لـ المتاجر الصغيرة يعمل بتحليل البيانات ويهدف لدعم رؤية 2030 ضمن قطاع التجارة الإلكترونية.,المتاجر الصغيرة
2635,مساعد ذكي المولات بالواقع الافتراضي,المدن الذكية,مساعد ذكي مخصص لـ المولات يعمل بالواقع الافتراضي ويهدف لتسريع الإجراءات ضمن قطاع المدن الذكية.,المولات
2636,لوحة تحكم ذوي الإعاقة باستخدام إنترنت الأشياء,التعليم,لوحة تحكم مخصص لـ ذوي الإعاقة يعمل باستخدام إنترنت الأشياء ويهدف لرفع جودة الحياة ضمن قطاع التعليم.,ذوي الإعاقة
2637,لوحة تحكم الطلاب بالواقع الافتراضي,المالية,لوحة تحكم مخصص لـ الطلاب يعمل بالواقع الافتراضي ويهدف لتسهيل الوصول للخدمات ضمن قطاع المالية.,الطلاب
2638,خدمة ذكية المطاعم بالبلوك تشين,التجارة الإلكترونية,خدمة ذكية مخصص لـ المطاعم يعمل بالبلوك تشين ويهدف لتقليل الهدر ضمن قطاع التجارة الإلكترونية.,المطاعم
2639,تطبيق المقاهي بتحليل البيانات,التجارة الإلكترونية,تطبيق مخصص لـ المقاهي يعمل بتحليل البيانات ويهدف لرفع جودة الحياة ضمن قطاع التجارة الإلكترونية.,المقاهي
2640,محرك توصيات الطلاب بالواقع المعزز,العقارات,محرك توصيات مخصص لـ الطلاب يعمل بالواقع المعزز ويهدف لتسريع الإجراءات ضمن قطاع العقارات.,الطلاب
2641,تطبيق الطلاب بالنماذج اللغوية,العقارات,تطبيق مخصص لـ الطلاب يعمل بالنماذج اللغوية ويهدف لتسريع الإجراءات ضمن قطاع العقارات.,الطلاب
2642,منصة الجهات الحكومية بالذكاء الاصطناعي,الأمن السيبراني,منصة مخصص لـ الجهات الحكومية يعمل بالذكاء الاصطناعي ويهدف لتحسين الاستدامة ضمن قطاع الأمن السيبراني.,الجهات الحكومية
2643,مساعد ذكي العمالة بالبلوك تشين,المالية,مساعد ذكي مخصص لـ العمالة يعمل بالبلوك تشين ويهدف لتسهيل الوصول للخدمات ضمن قطاع المالية.,العمالة
2644,منصة الطلاب بالنماذج اللغوية,العقارات,منصة مخصص لـ الطلاب يعمل بالنماذج اللغوية ويهدف لتقليل التكاليف ضمن قطاع العقارات.,الطلاب
2645,نظام المجمعات السكنية باستخدام إنترنت الأشياء,العقارات,نظام مخصص لـ المجمعات السكنية يعمل باستخدام إنترنت الأشياء ويهدف لرفع جودة الحياة ضمن قطاع العقارات.,المجمعات السكنية
2646,تطبيق السيارات الكهربائية بالحوسبة السحابية,الطاقة,تطبيق مخصص لـ السيارات الكهربائية يعمل بالحوسبة السحابية ويهدف لتعزيز الأمان ضمن قطاع الطاقة.,السيارات الكهربائية
2647,منصة الأحياء السكنية بالحوسبة السحابية,المدن الذكية,منصة مخصص لـ الأحياء السكنية يعمل بالحوسبة السحابية ويهدف لرفع جودة الحياة ضمن قطاع المدن الذكية.,الأحياء السكنية
2648,لوحة تحكم الطلاب بتحليل البيانات,العقارات,لوحة تحكم مخصص لـ الطلاب يعمل بتحليل البيانات ويهدف لتعزيز الأمان ضمن قطاع العقارات.,الطلاب
2649,مساعد ذكي الطلاب بالبلوك تشين,المالية,مساعد ذكي مخصص لـ الطلاب يعمل بالبلوك تشين ويهدف لرفع كفاءة التشغيل ضمن قطاع المالية.,الطلاب
2650,نظام مراقبة المدارس بالروبوتات الذكية,التعليم,نظام مراقبة مخصص لـ المدارس يعمل بالروبوتات الذكية ويهدف لتقليل التكاليف ضمن قطاع التعليم.,المدارس
2651,حل رقمي المزارع بالواقع الافتراضي,الزراعة,حل رقمي مخصص لـ المزارع يعمل بالواقع الافتراضي ويهدف لرفع جودة الحياة ضمن قطاع الزراعة.,المزارع
2652,نظام مراقبة السيارات الكهربائية بالواقع الافتراضي,الطاقة,نظام مراقبة مخصص لـ السيارات الكهربائية يعمل بالواقع الافتراضي ويهدف لدعم رؤية 2030 ضمن قطاع الطاقة.,السيارات الكهربائية
2653,لوحة تحكم الطلاب بالروبوتات الذكية,العقارات,لوحة تحكم مخصص لـ الطلاب يعمل بالروبوتات الذكية ويهدف لتقليل الهدر ضمن قطاع العقارات.,الطلاب
2654,منصة المطاعم بتحليل البيانات,التجارة الإلكترونية,منصة مخصص لـ المطاعم يعمل بتحليل البيانات ويهدف لتحسين تجربة المستخدم ضمن قطاع التجارة الإلكترونية.,المطاعم
2655,منصة موحدة المعتمرين بالحوسبة السحابية,الحج والعمرة,منصة موحدة مخصص لـ المعتمرين يعمل بالحوسبة السحابية ويهدف لرفع جودة الحياة ضمن قطاع الحج والعمرة.,المعتمرين
2656,خدمة ذكية الجامعات بالبلوك تشين,التعليم,خدمة ذكية مخصص لـ الجامعات يعمل بالبلوك تشين ويهدف لتقليل الهدر ضمن قطاع التعليم.,الجامعات
2657,حل رقمي الرياض بالنماذج اللغوية,المدن الذكية,حل رقمي مخصص لـ الرياض يعمل بالنماذج اللغوية ويهدف لتقليل الهدر ضمن قطاع المدن الذكية.,الرياض
2658,منصة المزارع المنزلية بالواقع المعزز,الزراعة,منصة مخصص لـ المزارع المنزلية يعمل بالواقع المعزز ويهدف لرفع كفاءة التشغيل ضمن قطاع الزراعة.,المزارع المنزلية
2659,تطبيق الطلاب بالواقع المعزز,المالية,تطبيق مخصص لـ الطلاب يعمل بالواقع المعزز ويهدف لتقليل الهدر ضمن قطاع المالية.,الطلاب
2660,حل رقمي الأسر المنتجة بالحوسبة السحابية,التجارة الإلكترونية,حل رقمي مخصص لـ الأسر المنتجة يعمل بالحوسبة السحابية ويهدف لتقليل الهدر ضمن قطاع التجارة الإلكترونية.,الأسر المنتجة
2661,تطبيق البنوك باستخدام إنترنت الأشياء,الأمن السيبراني,تطبيق مخصص لـ البنوك يعمل باستخدام إنترنت الأشياء ويهدف لتحسين الاستدامة ضمن قطاع الأمن السيبراني.,البنوك
2662,مساعد ذكي المولات بالتحليلات التنبؤية,المدن الذكية,مساعد ذكي مخصص لـ المولات يعمل بالتحليلات التنبؤية ويهدف لتعزيز الأمان ضمن قطاع المدن الذكية.,المولات
2663,نظام الرياض بالتحليلات التنبؤية,المدن الذكية,نظام مخصص لـ الرياض يعمل بالتحليلات التنبؤية ويهدف لتحسين الاستدامة ضمن قطاع المدن الذكية.,الرياض
2664,نظام الأطفال بالواقع الافتراضي,الصحة,نظام مخصص لـ الأطفال يعمل بالواقع الافتراضي ويهدف لتعزيز الأمان ضمن قطاع الصحة.,الأطفال
2665,منصة النخيل بالحوسبة السحابية,الزراعة,منصة مخصص لـ النخيل يعمل بالحوسبة السحابية ويهدف لتسريع الإجراءات ضمن قطاع الزراعة.,النخيل
2666,منصة موحدة الشركات الصغيرة بالحوسبة السحابية,المالية,منصة موحدة مخصص لـ الشركات الصغيرة يعمل بالحوسبة السحابية ويهدف لرفع جودة الحياة ضمن قطاع المالية.,الشركات الصغيرة
2667,تطبيق الأطفال بتحليل البيانات,التعليم,تطبيق مخصص لـ الأطفال يعمل بتحليل البيانات ويهدف لتحسين الاستدامة ضمن قطاع التعليم.,الأطفال
2668,مساعد ذكي الحجاج بالحوسبة السحابية,الحج والعمرة,مساعد ذكي مخصص لـ الحجاج يعمل بالحوسبة السحابية ويهدف لتقليل الهدر ضمن قطاع الحج والعمرة.,الحجاج
2669,نظام النخيل بالتحليلات التنبؤية,الزراعة,نظام مخصص لـ النخيل يعمل بالتحليلات التنبؤية ويهدف لرفع جودة الحياة ضمن قطاع الزراعة.,النخيل
2670,محرك توصيات المشاعر المقدسة بالواقع المعزز,الحج والعمرة,محرك توصيات مخصص لـ المشاعر المقدسة يعمل بالواقع المعزز ويهدف لدعم رؤية 2030 ضمن قطاع الحج والعمرة.,المشاعر المقدسة
2671,نظام مراقبة النخيل بالذكاء الاصطناعي,الزراعة,نظام مراقبة مخصص لـ النخيل يعمل بالذكاء الاصطناعي ويهدف لرفع جودة الحياة ضمن قطاع الزراعة.,النخيل
2672,نظام مراقبة البيوت المحمية بالبلوك تشين,الزراعة,نظام مراقبة مخصص لـ البيوت المحمية يعمل بالبلوك تشين ويهدف لتقليل الهدر ضمن قطاع الزراعة.,البيوت المحمية
2673,لوحة تحكم المتاجر الصغيرة بتحليل البيانات,التجارة الإلكترونية,لوحة تحكم مخصص لـ المتاجر الصغيرة يعمل بتحليل البيانات ويهدف لتحسين تجربة المستخدم ضمن قطاع التجارة الإلكترونية.,المتاجر الصغيرة
2674,محرك توصيات الطلاب بالواقع الافتراضي,المالية,محرك توصيات مخصص لـ الطلاب يعمل بالواقع الافتراضي ويهدف لتقليل الهدر ضمن قطاع المالية.,الطلاب
2675,مساعد ذكي المعلمين باستخدام إنترنت الأشياء,التعليم,مساعد ذكي مخصص لـ المعلمين يعمل باستخدام إنترنت الأشياء ويهدف لتحسين الاستدامة ضمن قطاع التعليم.,المعلمين
2676,محرك توصيات الشركات باستخدام إنترنت الأشياء,الأمن السيبراني,محرك توصيات مخصص لـ الشركات يعمل باستخدام إنترنت الأشياء ويهدف لتحسين الاستدامة ضمن قطاع الأمن السيبراني.,الشركات
2677,خدمة ذكية الحج بالروبوتات الذكية,المدن الذكية,خدمة ذكية مخصص لـ الحج يعمل بالروبوتات الذكية ويهدف لدعم رؤية 2030 ضمن قطاع المدن الذكية.,الحج
2678,حل رقمي الأسر المنتجة بالروبوتات الذكية,التجارة الإلكترونية,حل رقمي مخصص لـ الأسر المنتجة يعمل بالروبوتات الذكية ويهدف لتقليل الهدر ضمن قطاع التجارة الإلكترونية.,الأسر المنتجة
2679,محرك توصيات السيارات الكهربائية بالواقع الافتراضي,الطاقة,محرك توصيات مخصص لـ السيارات الكهربائية يعمل بالواقع الافتراضي ويهدف لرفع كفاءة التشغيل ضمن قطاع الطاقة.,السيارات الكهربائية
2680,محرك توصيات الشركات بتحليل البيانات,الأمن السيبراني,محرك توصيات مخصص لـ الشركات يعمل بتحليل البيانات ويهدف لتحسين الاستدامة ضمن قطاع الأمن السيبراني.,الشركات
2681,لوحة تحكم الحجاج بالذكاء الاصطناعي,الحج والعمرة,لوحة تحكم مخصص لـ الحجاج يعمل بالذكاء الاصطناعي ويهدف لتعزيز الأمان ضمن قطاع الحج والعمرة.,الحجاج
2682,لوحة تحكم النخيل بالنماذج اللغوية,الزراعة,لوحة تحكم مخصص لـ النخيل يعمل بالنماذج اللغوية ويهدف لتحسين الاستدامة ضمن قطاع الزراعة.,النخيل
2683,لوحة تحكم المشاعر المقدسة بالواقع المعزز,الحج والعمرة,لوحة تحكم مخصص لـ المشاعر المقدسة يعمل بالواقع المعزز ويهدف لتسريع الإجراءات ضمن قطاع الحج والعمرة.,المشاعر المقدسة
2684,خدمة ذكية المزارع بالواقع المعزز,الزراعة,خدمة ذكية مخصص لـ المزارع يعمل بالواقع المعزز ويهدف لتسريع الإجراءات ضمن قطاع الزراعة.,المزارع
2685,تطبيق الحجاج بالواقع الافتراضي,الصحة,تطبيق مخصص لـ الحجاج يعمل بالواقع الافتراضي ويهدف لتسريع الإجراءات ضمن قطاع الصحة.,الحجاج
2686,حل رقمي المستثمرين بالواقع المعزز,المالية,حل رقمي مخصص لـ المستثمرين يعمل بالواقع المعزز ويهدف لدعم رؤية 2030 ضمن قطاع المالية.,المستثمرين
2687,مساعد ذكي المنازل بتحليل البيانات,الطاقة,مساعد ذكي مخصص لـ المنازل يعمل بتحليل البيانات ويهدف لتسهيل الوصول للخدمات ضمن قطاع الطاقة.,المنازل
2688,منصة المنازل بالروبوتات الذكية,الطاقة,منصة مخصص لـ المنازل يعمل بالروبوتات الذكية ويهدف لتقليل التكاليف ضمن قطاع الطاقة.,المنازل
2689,محرك توصيات العمالة بالواقع المعزز,المالية,محرك توصيات مخصص لـ العمالة يعمل بالواقع المعزز ويهدف لتسريع الإجراءات ضمن قطاع المالية.,العمالة
2690,خدمة ذكية المصانع بالذكاء الاصطناعي,الطاقة,خدمة ذكية مخصص لـ المصانع يعمل بالذكاء الاصطناعي ويهدف لتسريع الإجراءات ضمن قطاع الطاقة.,المصانع
2691,خدمة ذكية الجامعات بتحليل البيانات,المدن الذكية,خدمة ذكية مخصص لـ الجامعات يعمل بتحليل البيانات ويهدف لتحسين الاستدامة ضمن قطاع المدن الذكية.,الجامعات
2692,حل رقمي الرياضيين بتحليل البيانات,الصحة,حل رقمي مخصص لـ الرياضيين يعمل بتحليل البيانات ويهدف لرفع كفاءة التشغيل ضمن قطاع الصحة.,الرياضيين
2693,محرك توصيات المنازل الذكية بالذكاء الاصطناعي,الأمن السيبراني,محرك توصيات مخصص لـ المنازل الذكية يعمل بالذكاء الاصطناعي ويهدف لتحسين تجربة المستخدم ضمن قطاع الأمن السيبراني.,المنازل الذكية
2694,نظام مراقبة الأحياء السكنية باستخدام إنترنت الأشياء,المدن الذكية,نظام مراقبة مخصص لـ الأحياء السكنية يعمل باستخدام إنترنت الأشياء ويهدف لتعزيز الأمان ضمن قطاع المدن الذكية.,الأحياء السكنية
2695,محرك توصيات الأطفال بالواقع الافتراضي,الصحة,محرك توصيات مخصص لـ الأطفال يعمل بالواقع الافتراضي ويهدف لتقليل الهدر ضمن قطاع الصحة.,الأطفال
2696,لوحة تحكم الأحياء بالنماذج اللغوية,العقارات,لوحة تحكم مخصص لـ الأحياء يعمل بالنماذج اللغوية ويهدف لتعزيز الأمان ضمن قطاع العقارات.,الأحياء
2697,محرك توصيات الأطفال بالنماذج اللغوية,الصحة,محرك توصيات مخصص لـ الأطفال يعمل بالنماذج اللغوية ويهدف لرفع كفاءة التشغيل ضمن قطاع الصحة.,الأطفال
2698,نظام مراقبة المعتمرين بالبلوك تشين,الحج والعمرة,نظام مراقبة مخصص لـ المعتمرين يعمل بالبلوك تشين ويهدف لتعزيز الأمان ضمن قطاع الحج والعمرة.,المعتمرين
2699,محرك توصيات النخيل بالروبوتات الذكية,الزراعة,محرك توصيات مخصص لـ النخيل يعمل بالروبوتات الذكية ويهدف لتقليل الهدر ضمن قطاع الزراعة.,النخيل
2700,لوحة تحكم العيادات بالتحليلات التنبؤية,الصحة,لوحة تحكم مخصص لـ العيادات يعمل بالتحليلات التنبؤية ويهدف لتحسين الاستدامة ضمن قطاع الصحة.,العيادات
2701,منصة الأسر المنتجة بالنماذج اللغوية,التجارة الإلكترونية,منصة مخصص لـ الأسر المنتجة يعمل بالنماذج اللغوية ويهدف لتقليل الهدر ضمن قطاع التجارة الإلكترونية.,الأسر المنتجة
2702,محرك توصيات الشركات الصغيرة بالواقع المعزز,المالية,محرك توصيات مخصص لـ الشركات الصغيرة يعمل بالواقع المعزز ويهدف لتسريع الإجراءات ضمن قطاع المالية.,الشركات الصغيرة
2703,محرك توصيات المنازل باستخدام إنترنت الأشياء,الطاقة,محرك توصيات مخصص لـ المنازل يعمل باستخدام إنترنت الأشياء ويهدف لدعم رؤية 2030 ضمن قطاع الطاقة.,المنازل
2704,نظام مراقبة المصانع بالواقع المعزز,الطاقة,نظام مراقبة مخصص لـ المصانع يعمل بالواقع المعزز ويهدف لتحسين الاستدامة ضمن قطاع الطاقة.,المصانع
2705,منصة موحدة المصانع بتحليل البيانات,الطاقة,منصة موحدة مخصص لـ المصانع يعمل بتحليل البيانات ويهدف لرفع كفاءة التشغيل ضمن قطاع الطاقة.,المصانع
2706,تطبيق الحملات بالنماذج اللغوية,الحج والعمرة,تطبيق مخصص لـ الحملات يعمل بالنماذج اللغوية ويهدف لتحسين الاستدامة ضمن قطاع الحج والعمرة.,الحملات
2707,منصة موحدة المؤجرين بالبلوك تشين,العقارات,منصة موحدة مخصص لـ المؤجرين يعمل بالبلوك تشين ويهدف لدعم رؤية 2030 ضمن قطاع العقارات.,المؤجرين
2708,منصة المستشفيات بالروبوتات الذكية,الصحة,منصة مخصص لـ المستشفيات يعمل بالروبوتات الذكية ويهدف لتعزيز الأمان ضمن قطاع الصحة.,المستشفيات
2709,منصة موحدة كبار السن بالتحليلات التنبؤية,الصحة,منصة موحدة مخصص لـ كبار السن يعمل بالتحليلات التنبؤية ويهدف لرفع جودة الحياة ضمن قطاع الصحة.,كبار السن
2710,منصة الحملات بالواقع المعزز,الحج والعمرة,منصة مخصص لـ الحملات يعمل بالواقع المعزز ويهدف لتقليل التكاليف ضمن قطاع الحج والعمرة.,الحملات
2711,نظام ذوي الإعاقة بالواقع الافتراضي,التعليم,نظام مخصص لـ ذوي الإعاقة يعمل بالواقع الافتراضي ويهدف لدعم رؤية 2030 ضمن قطاع التعليم.,ذوي الإعاقة
2712,نظام الحملات بالذكاء الاصطناعي,الحج والعمرة,نظام مخصص لـ الحملات يعمل بالذكاء الاصطناعي ويهدف لتسريع الإجراءات ضمن قطاع الحج والعمرة.,الحملات
2713,نظام مراقبة المزارع بالبلوك تشين,الزراعة,نظام مراقبة مخصص لـ المزارع يعمل بالبلوك تشين ويهدف لتحسين تجربة المستخدم ضمن قطاع الزراعة.,المزارع
2714,مساعد ذكي المباني الحكومية باستخدام إنترنت الأشياء,الطاقة,مساعد ذكي مخصص لـ المباني الحكومية يعمل باستخدام إنترنت الأشياء ويهدف لتسهيل الوصول للخدمات ضمن قطاع الطاقة.,المباني الحكومية
2715,خدمة ذكية المولات بتحليل البيانات,المدن الذكية,خدمة ذكية مخصص لـ المولات يعمل بتحليل البيانات ويهدف لدعم رؤية 2030 ضمن قطاع المدن الذكية.,المولات
2716,حل رقمي الحملات بالواقع المعزز,الحج والعمرة,حل رقمي مخصص لـ الحملات يعمل بالواقع المعزز ويهدف لدعم رؤية 2030 ضمن قطاع الحج والعمرة.,الحملات
2717,تطبيق الجامعات باستخدام إنترنت الأشياء,التعليم,تطبيق مخصص لـ الجامعات يعمل باستخدام إنترنت الأشياء ويهدف لتسهيل الوصول للخدمات ضمن قطاع التعليم.,الجامعات
2718,منصة المؤجرين بالواقع المعزز,العقارات,منصة مخصص لـ المؤجرين يعمل بالواقع المعزز ويهدف لتعزيز الأمان ضمن قطاع العقارات.,المؤجرين
2719,مساعد ذكي البنوك بالواقع الافتراضي,الأمن السيبراني,مساعد ذكي مخصص لـ البنوك يعمل بالواقع الافتراضي ويهدف لتقليل التكاليف ضمن قطاع الأمن السيبراني.,البنوك
2720,منصة موحدة الطلاب باستخدام إنترنت الأشياء,الصحة,منصة موحدة مخصص لـ الطلاب يعمل باستخدام إنترنت الأشياء ويهدف لتسريع الإجراءات ضمن قطاع الصحة.,الطلاب
2721,تطبيق النخيل بالروبوتات الذكية,الزراعة,تطبيق مخصص لـ النخيل يعمل بالروبوتات الذكية ويهدف لرفع كفاءة التشغيل ضمن قطاع الزراعة.,النخيل
2722,محرك توصيات الحملات باستخدام إنترنت الأشياء,الحج والعمرة,محرك توصيات مخصص لـ الحملات يعمل باستخدام إنترنت الأشياء ويهدف لتسريع الإجراءات ضمن قطاع الحج والعمرة.,الحملات
2723,لوحة تحكم المقاهي بالبلوك تشين,التجارة الإلكترونية,لوحة تحكم مخصص لـ المقاهي يعمل بالبلوك تشين ويهدف لتحسين تجربة المستخدم ضمن قطاع التجارة الإلكترونية.,المقاهي
2724,حل رقمي الرياضيين باستخدام إنترنت الأشياء,الصحة,حل رقمي مخصص لـ الرياضيين يعمل باستخدام إنترنت الأشياء ويهدف لتسهيل الوصول للخدمات ضمن قطاع الصحة.,الرياضيين
2725,نظام مراقبة المطاعم بالتحليلات التنبؤية,التجارة الإلكترونية,نظام مراقبة مخصص لـ المطاعم يعمل بالتحليلات التنبؤية ويهدف لتعزيز الأمان ضمن قطاع التجارة الإلكترونية.,المطاعم
2726,نظام الرياض بالنماذج اللغوية,المدن الذكية,نظام مخصص لـ الرياض يعمل بالنماذج اللغوية ويهدف لتحسين الاستدامة ضمن قطاع المدن الذكية.,الرياض
2727,مساعد ذكي البنوك بالتحليلات التنبؤية,الأمن السيبراني,مساعد ذكي مخصص لـ البنوك يعمل بالتحليلات التنبؤية ويهدف لتقليل الهدر ضمن قطاع الأمن السيبراني.,البنوك
2728,لوحة تحكم المعتمرين بالواقع المعزز,الحج والعمرة,لوحة تحكم مخصص لـ المعتمرين يعمل بالواقع المعزز ويهدف لتحسين تجربة المستخدم ضمن قطاع الحج والعمرة.,المعتمرين
2729,منصة الحملات بالتحليلات التنبؤية,الحج والعمرة,منصة مخصص لـ الحملات يعمل بالتحليلات التنبؤية ويهدف لتسريع الإجراءات ضمن قطاع الحج والعمرة.,الحملات
2730,منصة موحدة الأطفال باستخدام إنترنت الأشياء,الصحة,منصة موحدة مخصص لـ الأطفال يعمل باستخدام إنترنت الأشياء ويهدف لتحسين الاستدامة ضمن قطاع الصحة.,الأطفال
2731,تطبيق العيادات بالتحليلات التنبؤية,الصحة,تطبيق مخصص لـ العيادات يعمل بالتحليلات التنبؤية ويهدف لرفع كفاءة التشغيل ضمن قطاع الصحة.,العيادات
2732,نظام الأحياء السكنية بتحليل البيانات,المدن الذكية,نظام مخصص لـ الأحياء السكنية يعمل بتحليل البيانات ويهدف لتحسين تجربة المستخدم ضمن قطاع المدن الذكية.,الأحياء السكنية
2733,لوحة تحكم المزارع المنزلية بالنماذج اللغوية,الزراعة,لوحة تحكم مخصص لـ المزارع المنزلية يعمل بالنماذج اللغوية ويهدف لتقليل الهدر ضمن قطاع الزراعة.,المزارع المنزلية
2734,حل رقمي العمالة بالتحليلات التنبؤية,المالية,حل رقمي مخصص لـ العمالة يعمل بالتحليلات التنبؤية ويهدف لتسهيل الوصول للخدمات ضمن قطاع المالية.,العمالة
2735,منصة موحدة البيوت المحمية بالذكاء الاصطناعي,الزراعة,منصة موحدة مخصص لـ البيوت المحمية يعمل بالذكاء الاصطناعي ويهدف لتسريع الإجراءات ضمن قطاع الزراعة.,البيوت المحمية
2736,منصة موحدة المؤجرين بتحليل البيانات,العقارات,منصة موحدة مخصص لـ المؤجرين يعمل بتحليل البيانات ويهدف لتحسين الاستدامة ضمن قطاع العقارات.,المؤجرين
2737,تطبيق النخيل باستخدام إنترنت الأشياء,الزراعة,تطبيق مخصص لـ النخيل يعمل باستخدام إنترنت الأشياء ويهدف لتسريع الإجراءات ضمن قطاع الزراعة.,النخيل
2738,مساعد ذكي المجمعات السكنية بالواقع المعزز,العقارات,مساعد ذكي مخصص لـ المجمعات السكنية يعمل بالواقع المعزز ويهدف لتحسين تجربة المستخدم ضمن قطاع العقارات.,المجمعات السكنية
2739,محرك توصيات المعتمرين بالروبوتات الذكية,الحج والعمرة,محرك توصيات مخصص لـ المعتمرين يعمل بالروبوتات الذكية ويهدف لرفع كفاءة التشغيل ضمن قطاع الحج والعمرة.,المعتمرين
2740,لوحة تحكم الأحياء السكنية باستخدام إنترنت الأشياء,المدن الذكية,لوحة تحكم مخصص لـ الأحياء السكنية يعمل باستخدام إنترنت الأشياء ويهدف لرفع جودة الحياة ضمن قطاع المدن الذكية.,الأحياء السكنية
2741,منصة المقاهي بالذكاء الاصطناعي,التجارة الإلكترونية,منصة مخصص لـ المقاهي يعمل بالذكاء الاصطناعي ويهدف لرفع جودة الحياة ضمن قطاع التجارة الإلكترونية.,المقاهي
2742,منصة المنازل الذكية بتحليل البيانات,الأمن السيبراني,منصة مخصص لـ المنازل الذكية يعمل بتحليل البيانات ويهدف لتسريع الإجراءات ضمن قطاع الأمن السيبراني.,المنازل الذكية
2743,نظام الجامعات بالبلوك تشين,التعليم,نظام مخصص لـ الجامعات يعمل بالبلوك تشين ويهدف لتعزيز الأمان ضمن قطاع التعليم.,الجامعات
2744,نظام الجهات الحكومية باستخدام إنترنت الأشياء,الأمن السيبراني,نظام مخصص لـ الجهات الحكومية يعمل باستخدام إنترنت الأشياء ويهدف لدعم رؤية 2030 ضمن قطاع الأمن السيبراني.,الجهات الحكومية
2745,مساعد ذكي المولات بالحوسبة السحابية,المدن الذكية,مساعد ذكي مخصص لـ المولات يعمل بالحوسبة السحابية ويهدف لتعزيز الأمان ضمن قطاع المدن الذكية.,المولات
2746,تطبيق ذوي الإعاقة بالتحليلات التنبؤية,التعليم,تطبيق مخصص لـ ذوي الإعاقة يعمل بالتحليلات التنبؤية ويهدف لدعم رؤية 2030 ضمن قطاع التعليم.,ذوي الإعاقة
2747,منصة الشركات بالبلوك تشين,الأمن السيبراني,منصة مخصص لـ الشركات يعمل بالبلوك تشين ويهدف لتسريع الإجراءات ضمن قطاع الأمن السيبراني.,الشركات
2748,تطبيق الحملات بتحليل البيانات,الحج والعمرة,تطبيق مخصص لـ الحملات يعمل بتحليل البيانات ويهدف لرفع كفاءة التشغيل ضمن قطاع الحج والعمرة.,الحملات
2749,حل رقمي الرياضيين بالواقع الافتراضي,الصحة,حل رقمي مخصص لـ الرياضيين يعمل بالواقع الافتراضي ويهدف لتقليل الهدر ضمن قطاع الصحة.,الرياضيين
2750,منصة موحدة الشركات بالنماذج اللغوية,الأمن السيبراني,منصة موحدة مخصص لـ الشركات يعمل بالنماذج اللغوية ويهدف لدعم رؤية 2030 ضمن قطاع الأمن السيبراني.,الشركات
2751,تطبيق الجامعات بالتحليلات التنبؤية,التعليم,تطبيق مخصص لـ الجامعات يعمل بالتحليلات التنبؤية ويهدف لتعزيز الأمان ضمن قطاع التعليم.,الجامعات
2752,لوحة تحكم المصانع بالحوسبة السحابية,الطاقة,لوحة تحكم مخصص لـ المصانع يعمل بالحوسبة السحابية ويهدف لدعم رؤية 2030 ضمن قطاع الطاقة.,المصانع
2753,نظام جدة بالذكاء الاصطناعي,المدن الذكية,نظام مخصص لـ جدة يعمل بالذكاء الاصطناعي ويهدف لتسهيل الوصول للخدمات ضمن قطاع المدن الذكية.,جدة
2754,مساعد ذكي الحج بالبلوك تشين,المدن الذكية,مساعد ذكي مخصص لـ الحج يعمل بالبلوك تشين ويهدف لدعم رؤية 2030 ضمن قطاع المدن الذكية.,الحج
2755,نظام الجامعات بالواقع الافتراضي,التعليم,نظام مخصص لـ الجامعات يعمل بالواقع الافتراضي ويهدف لدعم رؤية 2030 ضمن قطاع التعليم.,الجامعات
2756,منصة موحدة النخيل بالواقع المعزز,الزراعة,منصة موحدة مخصص لـ النخيل يعمل بالواقع المعزز ويهدف لتسهيل الوصول للخدمات ضمن قطاع الزراعة.,النخيل
2757,نظام المزارع المنزلية بالواقع المعزز,الزراعة,نظام مخصص لـ المزارع المنزلية يعمل بالواقع المعزز ويهدف لتسريع الإجراءات ضمن قطاع الزراعة.,المزارع المنزلية
2758,مساعد ذكي المؤجرين بالبلوك تشين,العقارات,مساعد ذكي مخصص لـ المؤجرين يعمل بالبلوك تشين ويهدف لتحسين الاستدامة ضمن قطاع العقارات.,المؤجرين
2759,محرك توصيات المقاهي بالنماذج اللغوية,التجارة الإلكترونية,محرك توصيات مخصص لـ المقاهي يعمل بالنماذج اللغوية ويهدف لتحسين تجربة المستخدم ضمن قطاع التجارة الإلكترونية.,المقاهي
2760,منصة المزارع المنزلية بتحليل البيانات,الزراعة,منصة مخصص لـ المزارع المنزلية يعمل بتحليل البيانات ويهدف لتسهيل الوصول للخدمات ضمن قطاع الزراعة.,المزارع المنزلية
2761,حل رقمي المعلمين بالواقع الافتراضي,التعليم,حل رقمي مخصص لـ المعلمين يعمل بالواقع الافتراضي ويهدف لتحسين تجربة المستخدم ضمن قطاع التعليم.,المعلمين
2762,منصة الحج بالواقع المعزز,المدن الذكية,منصة مخصص لـ الحج يعمل بالواقع المعزز ويهدف لتسهيل الوصول للخدمات ضمن قطاع المدن الذكية.,الحج
2763,خدمة ذكية الأطفال بالواقع الافتراضي,التعليم,خدمة ذكية مخصص لـ الأطفال يعمل بالواقع الافتراضي ويهدف لتعزيز الأمان ضمن قطاع التعليم.,الأطفال
2764,تطبيق ذوي الإعاقة بالواقع الافتراضي,التعليم,تطبيق مخصص لـ ذوي الإعاقة يعمل بالواقع الافتراضي ويهدف لدعم رؤية 2030 ضمن قطاع التعليم.,ذوي الإعاقة
2765,نظام مراقبة المتاجر الصغيرة بتحليل البيانات,التجارة الإلكترونية,نظام مراقبة مخصص لـ المتاجر الصغيرة يعمل بتحليل البيانات ويهدف لتسريع الإجراءات ضمن قطاع التجارة الإلكترونية.,المتاجر الصغيرة
2766,تطبيق المطاعم بالواقع المعزز,التجارة الإلكترونية,تطبيق مخصص لـ المطاعم يعمل بالواقع المعزز ويهدف لتحسين تجربة المستخدم ضمن قطاع التجارة الإلكترونية.,المطاعم
2767,محرك توصيات الحجاج بالذكاء الاصطناعي,الحج والعمرة,محرك توصيات مخصص لـ الحجاج يعمل بالذكاء الاصطناعي ويهدف لرفع كفاءة التشغيل ضمن قطاع الحج والعمرة.,الحجاج
2768,مساعد ذكي المعتمرين بتحليل البيانات,الحج والعمرة,مساعد ذكي مخصص لـ المعتمرين يعمل بتحليل البيانات ويهدف لرفع كفاءة التشغيل ضمن قطاع الحج والعمرة.,المعتمرين
2769,منصة الشركات بالروبوتات الذكية,الأمن السيبراني,منصة مخصص لـ الشركات يعمل بالروبوتات الذكية ويهدف لتقليل الهدر ضمن قطاع الأمن السيبراني.,الشركات
2770,محرك توصيات الأحياء بالبلوك تشين,العقارات,محرك توصيات مخصص لـ الأحياء يعمل بالبلوك تشين ويهدف لتسهيل الوصول للخدمات ضمن قطاع العقارات.,الأحياء
2771,حل رقمي الرياضيين بالبلوك تشين,الصحة,حل رقمي مخصص لـ الرياضيين يعمل بالبلوك تشين ويهدف لتسريع الإجراءات ضمن قطاع الصحة.,الرياضيين
2772,حل رقمي المولات بالبلوك تشين,المدن الذكية,حل رقمي مخصص لـ المولات يعمل بالبلوك تشين ويهدف لتسريع الإجراءات ضمن قطاع المدن الذكية.,المولات
2773,حل رقمي الأسر بالحوسبة السحابية,المالية,حل رقمي مخصص لـ الأسر يعمل بالحوسبة السحابية ويهدف لرفع جودة الحياة ضمن قطاع المالية.,الأسر
2774,منصة موحدة الحج بالبلوك تشين,المدن الذكية,منصة موحدة مخصص لـ الحج يعمل بالبلوك تشين ويهدف لرفع كفاءة التشغيل ضمن قطاع المدن الذكية.,الحج
2775,لوحة تحكم السيارات الكهربائية بالواقع الافتراضي,الطاقة,لوحة تحكم مخصص لـ السيارات الكهربائية يعمل بالواقع الافتراضي ويهدف لرفع جودة الحياة ضمن قطاع الطاقة.,السيارات الكهربائية
2776,منصة موحدة المجمعات السكنية بالواقع الافتراضي,العقارات,منصة موحدة مخصص لـ المجمعات السكنية يعمل بالواقع الافتراضي ويهدف لتسريع الإجراءات ضمن قطاع العقارات.,المجمعات السكنية
2777,لوحة تحكم المشاعر المقدسة بالروبوتات الذكية,الحج والعمرة,لوحة تحكم مخصص لـ المشاعر المقدسة يعمل بالروبوتات الذكية ويهدف لرفع جودة الحياة ضمن قطاع الحج والعمرة.,المشاعر المقدسة
2778,خدمة ذكية الطلاب بالحوسبة السحابية,العقارات,خدمة ذكية مخصص لـ الطلاب يعمل بالحوسبة السحابية ويهدف لدعم رؤية 2030 ضمن قطاع العقارات.,الطلاب
2779,لوحة تحكم المؤجرين بالواقع الافتراضي,العقارات,لوحة تحكم مخصص لـ المؤجرين يعمل بالواقع الافتراضي ويهدف لتحسين الاستدامة ضمن قطاع العقارات.,المؤجرين
2780,محرك توصيات المتاجر الصغيرة بالحوسبة السحابية,التجارة الإلكترونية,محرك توصيات مخصص لـ المتاجر الصغيرة يعمل بالحوسبة السحابية ويهدف لتحسين الاستدامة ضمن قطاع التجارة الإلكترونية.,المتاجر الصغيرة
2781,مساعد ذكي جدة بالحوسبة السحابية,المدن الذكية,مساعد ذكي مخصص لـ جدة يعمل بالحوسبة السحابية ويهدف لتقليل الهدر ضمن قطاع المدن الذكية.,جدة
2782,تطبيق ذوي الإعاقة بالواقع المعزز,التعليم,تطبيق مخصص لـ ذوي الإعاقة يعمل بالواقع المعزز ويهدف لتقليل الهدر ضمن قطاع التعليم.,ذوي الإعاقة
2783,نظام المؤجرين بالنماذج اللغوية,العقارات,نظام مخصص لـ المؤجرين يعمل بالنماذج اللغوية ويهدف لرفع جودة الحياة ضمن قطاع العقارات.,المؤجرين
2784,نظام مراقبة المزارع المنزلية بالذكاء الاصطناعي,الزراعة,نظام مراقبة مخصص لـ المزارع المنزلية يعمل بالذكاء الاصطناعي ويهدف لرفع جودة الحياة ضمن قطاع الزراعة.,المزارع المنزلية
2785,حل رقمي المعلمين بتحليل البيانات,التعليم,حل رقمي مخصص لـ المعلمين يعمل بتحليل البيانات ويهدف لدعم رؤية 2030 ضمن قطاع التعليم.,المعلمين
2786,لوحة تحكم المستثمرين بتحليل البيانات,المالية,لوحة تحكم مخصص لـ المستثمرين يعمل بتحليل البيانات ويهدف لتعزيز الأمان ضمن قطاع المالية.,المستثمرين
2787,حل رقمي المعتمرين بالواقع المعزز,الحج والعمرة,حل رقمي مخصص لـ المعتمرين يعمل بالواقع المعزز ويهدف لتعزيز الأمان ضمن قطاع الحج والعمرة.,المعتمرين
2788,محرك توصيات المتاجر الصغيرة بالواقع الافتراضي,التجارة الإلكترونية,محرك توصيات مخصص لـ المتاجر الصغيرة يعمل بالواقع الافتراضي ويهدف لتقليل الهدر ضمن قطاع التجارة الإلكترونية.,المتاجر الصغيرة
2789,خدمة ذكية العيادات بالواقع الافتراضي,الصحة,خدمة ذكية مخصص لـ العيادات يعمل بالواقع الافتراضي ويهدف لتعزيز الأمان ضمن قطاع الصحة.,العيادات
2790,منصة المتاجر الصغيرة بالروبوتات الذكية,التجارة الإلكترونية,منصة مخصص لـ المتاجر الصغيرة يعمل بالروبوتات الذكية ويهدف لتقليل التكاليف ضمن قطاع التجارة الإلكترونية.,المتاجر الصغيرة
2791,تطبيق المقاهي باستخدام إنترنت الأشياء,التجارة الإلكترونية,تطبيق مخصص لـ المقاهي يعمل باستخدام إنترنت الأشياء ويهدف لرفع جودة الحياة ضمن قطاع التجارة الإلكترونية.,المقاهي
2792,منصة الطلاب باستخدام إنترنت الأشياء,الصحة,منصة مخصص لـ الطلاب يعمل باستخدام إنترنت الأشياء ويهدف لتقليل التكاليف ضمن قطاع الصحة.,الطلاب
2793,خدمة ذكية المشاعر المقدسة بتحليل البيانات,الحج والعمرة,خدمة ذكية مخصص لـ المشاعر المقدسة يعمل بتحليل البيانات ويهدف لتحسين الاستدامة ضمن قطاع الحج والعمرة.,المشاعر المقدسة
2794,نظام مراقبة المطاعم بالروبوتات الذكية,التجارة الإلكترونية,نظام مراقبة مخصص لـ المطاعم يعمل بالروبوتات الذكية ويهدف لتسهيل الوصول للخدمات ضمن قطاع التجارة الإلكترونية.,المطاعم
2795,لوحة تحكم الطلاب بالنماذج اللغوية,العقارات,لوحة تحكم مخصص لـ الطلاب يعمل بالنماذج اللغوية ويهدف لتعزيز الأمان ضمن قطاع العقارات.,الطلاب
2796,لوحة تحكم النخيل بالواقع المعزز,الزراعة,لوحة تحكم مخصص لـ النخيل يعمل بالواقع المعزز ويهدف لدعم رؤية 2030 ضمن قطاع الزراعة.,النخيل
2797,لوحة تحكم الأحياء السكنية بالتحليلات التنبؤية,المدن الذكية,لوحة تحكم مخصص لـ الأحياء السكنية يعمل بالتحليلات التنبؤية ويهدف لتعزيز الأمان ضمن قطاع المدن الذكية.,الأحياء السكنية
2798,تطبيق المستثمرين بالذكاء الاصطناعي,المالية,تطبيق مخصص لـ المستثمرين يعمل بالذكاء الاصطناعي ويهدف لدعم رؤية 2030 ضمن قطاع المالية.,المستثمرين
2799,منصة المعتمرين باستخدام إنترنت الأشياء,الحج والعمرة,منصة مخصص لـ المعتمرين يعمل باستخدام إنترنت الأشياء ويهدف لتعزيز الأمان ضمن قطاع الحج والعمرة.,المعتمرين
2800,حل رقمي الحج بتحليل البيانات,المدن الذكية,حل رقمي مخصص لـ الحج يعمل بتحليل البيانات ويهدف لتقليل الهدر ضمن قطاع المدن الذكية.,الحج
2801,منصة الطلاب بالذكاء الاصطناعي,المالية,منصة مخصص لـ الطلاب يعمل بالذكاء الاصطناعي ويهدف لتحسين الاستدامة ضمن قطاع المالية.,الطلاب
2802,نظام مراقبة المزارع المنزلية بتحليل البيانات,الزراعة,نظام مراقبة مخصص لـ المزارع المنزلية يعمل بتحليل البيانات ويهدف لدعم رؤية 2030 ضمن قطاع الزراعة.,المزارع المنزلية
2803,منصة موحدة الأطفال بالنماذج اللغوية,التعليم,منصة موحدة مخصص لـ الأطفال يعمل بالنماذج اللغوية ويهدف لتحسين الاستدامة ضمن قطاع التعليم.,الأطفال
2804,منصة موحدة المنازل الذكية بالواقع المعزز,الأمن السيبراني,منصة موحدة مخصص لـ المنازل الذكية يعمل بالواقع المعزز ويهدف لتحسين تجربة المستخدم ضمن قطاع الأمن السيبراني.,المنازل الذكية
2805,خدمة ذكية المجمعات السكنية بالنماذج اللغوية,العقارات,خدمة ذكية مخصص لـ المجمعات السكنية يعمل بالنماذج اللغوية ويهدف لتحسين الاستدامة ضمن قطاع العقارات.,المجمعات السكنية
2806,خدمة ذكية المجمعات السكنية بالتحليلات التنبؤية,العقارات,خدمة ذكية مخصص لـ المجمعات السكنية يعمل بالتحليلات التنبؤية ويهدف لتعزيز الأمان ضمن قطاع العقارات.,المجمعات السكنية
2807,محرك توصيات الجامعات بالذكاء الاصطناعي,التعليم,محرك توصيات مخصص لـ الجامعات يعمل بالذكاء الاصطناعي ويهدف لتعزيز الأمان ضمن قطاع التعليم.,الجامعات
2808,خدمة ذكية الأطفال بالنماذج اللغوية,الصحة,خدمة ذكية مخصص لـ الأطفال يعمل بالنماذج اللغوية ويهدف لتحسين الاستدامة ضمن قطاع الصحة.,الأطفال
2809,خدمة ذكية الأسر المنتجة بالتحليلات التنبؤية,التجارة الإلكترونية,خدمة ذكية مخصص لـ الأسر المنتجة يعمل بالتحليلات التنبؤية ويهدف لتقليل التكاليف ضمن قطاع التجارة الإلكترونية.,الأسر المنتجة
2810,منصة موحدة المقاهي بالواقع الافتراضي,التجارة الإلكترونية,منصة موحدة مخصص لـ المقاهي يعمل بالواقع الافتراضي ويهدف لتقليل التكاليف ضمن قطاع التجارة الإلكترونية.,المقاهي
2811,محرك توصيات المزارع المنزلية بتحليل البيانات,الزراعة,محرك توصيات مخصص لـ المزارع المنزلية يعمل بتحليل البيانات ويهدف لتقليل التكاليف ضمن قطاع الزراعة.,المزارع المنزلية
2812,نظام مراقبة المستشفيات بالحوسبة السحابية,الأمن السيبراني,نظام مراقبة مخصص لـ المستشفيات يعمل بالحوسبة السحابية ويهدف لتقليل الهدر ضمن قطاع الأمن السيبراني.,المستشفيات
2813,منصة المنازل الذكية بالواقع الافتراضي,الأمن السيبراني,منصة مخصص لـ المنازل الذكية يعمل بالواقع الافتراضي ويهدف لتسريع الإجراءات ضمن قطاع الأمن السيبراني.,المنازل الذكية
2814,حل رقمي الأطفال بالذكاء الاصطناعي,الصحة,حل رقمي مخصص لـ الأطفال يعمل بالذكاء الاصطناعي ويهدف لتقليل التكاليف ضمن قطاع الصحة.,الأطفال
2815,تطبيق النخيل بتحليل البيانات,الزراعة,تطبيق مخصص لـ النخيل يعمل بتحليل البيانات ويهدف لتعزيز الأمان ضمن قطاع الزراعة.,النخيل
2816,منصة الحملات بالواقع الافتراضي,الحج والعمرة,منصة مخصص لـ الحملات يعمل بالواقع الافتراضي ويهدف لتحسين تجربة المستخدم ضمن قطاع الحج والعمرة.,الحملات
2817,تطبيق العمالة بالبلوك تشين,المالية,تطبيق مخصص لـ العمالة يعمل بالبلوك تشين ويهدف لتعزيز الأمان ضمن قطاع المالية.,العمالة
2818,تطبيق الأحياء السكنية بالواقع المعزز,المدن الذكية,تطبيق مخصص لـ الأحياء السكنية يعمل بالواقع المعزز ويهدف لتحسين تجربة المستخدم ضمن قطاع المدن الذكية.,الأحياء السكنية
2819,نظام مراقبة المعتمرين بالواقع المعزز,الحج والعمرة,نظام مراقبة مخصص لـ المعتمرين يعمل بالواقع المعزز ويهدف لرفع جودة الحياة ضمن قطاع الحج والعمرة.,المعتمرين
2820,محرك توصيات الطلاب بالبلوك تشين,المالية,محرك توصيات مخصص لـ الطلاب يعمل بالبلوك تشين ويهدف لتسريع الإجراءات ضمن قطاع المالية.,الطلاب
2821,لوحة تحكم المستثمرين بالواقع المعزز,المالية,لوحة تحكم مخصص لـ المستثمرين يعمل بالواقع المعزز ويهدف لتحسين تجربة المستخدم ضمن قطاع المالية.,المستثمرين
2822,خدمة ذكية الرياض باستخدام إنترنت الأشياء,المدن الذكية,خدمة ذكية مخصص لـ الرياض يعمل باستخدام إنترنت الأشياء ويهدف لتحسين تجربة المستخدم ضمن قطاع المدن الذكية.,الرياض
2823,نظام مراقبة الحملات بتحليل البيانات,الحج والعمرة,نظام مراقبة مخصص لـ الحملات يعمل بتحليل البيانات ويهدف لرفع جودة الحياة ضمن قطاع الحج والعمرة.,الحملات
2824,نظام المتاجر الصغيرة بالواقع الافتراضي,التجارة الإلكترونية,نظام مخصص لـ المتاجر الصغيرة يعمل بالواقع الافتراضي ويهدف لتحسين الاستدامة ضمن قطاع التجارة الإلكترونية.,المتاجر الصغيرة
2825,منصة موحدة الأسر المنتجة بالواقع الافتراضي,التجارة الإلكترونية,منصة موحدة مخصص لـ الأسر المنتجة يعمل بالواقع الافتراضي ويهدف لتقليل التكاليف ضمن قطاع التجارة الإلكترونية.,الأسر المنتجة
2826,محرك توصيات المزارع بالذكاء الاصطناعي,الزراعة,محرك توصيات مخصص لـ المزارع يعمل بالذكاء الاصطناعي ويهدف لتحسين الاستدامة ضمن قطاع الزراعة.,المزارع
2827,محرك توصيات المستشفيات بالذكاء الاصطناعي,الصحة,محرك توصيات مخصص لـ المستشفيات يعمل بالذكاء الاصطناعي ويهدف لتقليل التكاليف ضمن قطاع الصحة.,المستشفيات
2828,تطبيق الجهات الحكومية بالواقع المعزز,الأمن السيبراني,تطبيق مخصص لـ الجهات الحكومية يعمل بالواقع المعزز ويهدف لتسريع الإجراءات ضمن قطاع الأمن السيبراني.,الجهات الحكومية
2829,مساعد ذكي المستشفيات بالواقع الافتراضي,الصحة,مساعد ذكي مخصص لـ المستشفيات يعمل بالواقع الافتراضي ويهدف لدعم رؤية 2030 ضمن قطاع الصحة.,المستشفيات
2830,حل رقمي المنازل بالروبوتات الذكية,الطاقة,حل رقمي مخصص لـ المنازل يعمل بالروبوتات الذكية ويهدف لتقليل الهدر ضمن قطاع الطاقة.,المنازل
2831,حل رقمي المزارع المنزلية بالواقع الافتراضي,الزراعة,حل رقمي مخصص لـ المزارع المنزلية يعمل بالواقع الافتراضي ويهدف لرفع جودة الحياة ضمن قطاع الزراعة.,المزارع المنزلية
2832,خدمة ذكية الرياض بتحليل البيانات,المدن الذكية,خدمة ذكية مخصص لـ الرياض يعمل بتحليل البيانات ويهدف لتعزيز الأمان ضمن قطاع المدن الذكية.,الرياض
2833,تطبيق المعتمرين بالبلوك تشين,الحج والعمرة,تطبيق مخصص لـ المعتمرين يعمل بالبلوك تشين ويهدف لتقليل التكاليف ضمن قطاع الحج والعمرة.,المعتمرين
2834,نظام مراقبة المدارس بالواقع المعزز,التعليم,نظام مراقبة مخصص لـ المدارس يعمل بالواقع المعزز ويهدف لرفع جودة الحياة ضمن قطاع التعليم.,المدارس
2835,خدمة ذكية الشركات الصغيرة بالتحليلات التنبؤية,المالية,خدمة ذكية مخصص لـ الشركات الصغيرة يعمل بالتحليلات التنبؤية ويهدف لتحسين الاستدامة ضمن قطاع المالية.,الشركات الصغيرة
2836,نظام المستشفيات بالواقع المعزز,الصحة,نظام مخصص لـ المستشفيات يعمل بالواقع المعزز ويهدف لتسهيل الوصول للخدمات ضمن قطاع الصحة.,المستشفيات
2837,منصة موحدة المزارع بالتحليلات التنبؤية,الزراعة,منصة موحدة مخصص لـ المزارع يعمل بالتحليلات التنبؤية ويهدف لتعزيز الأمان ضمن قطاع الزراعة.,المزارع
2838,نظام البنوك بالواقع الافتراضي,الأمن السيبراني,نظام مخصص لـ البنوك يعمل بالواقع الافتراضي ويهدف لتقليل الهدر ضمن قطاع الأمن السيبراني.,البنوك
2839,مساعد ذكي الأطفال بالبلوك تشين,التعليم,مساعد ذكي مخصص لـ الأطفال يعمل بالبلوك تشين ويهدف لتقليل الهدر ضمن قطاع التعليم.,الأطفال
2840,منصة موحدة المصانع بالذكاء الاصطناعي,الطاقة,منصة موحدة مخصص لـ المصانع يعمل بالذكاء الاصطناعي ويهدف لرفع جودة الحياة ضمن قطاع الطاقة.,المصانع
2841,نظام مراقبة البيوت المحمية بالتحليلات التنبؤية,الزراعة,نظام مراقبة مخصص لـ البيوت المحمية يعمل بالتحليلات التنبؤية ويهدف لتحسين الاستدامة ضمن قطاع الزراعة.,البيوت المحمية
2842,لوحة تحكم الأسر بالحوسبة السحابية,المالية,لوحة تحكم مخصص لـ الأسر يعمل بالحوسبة السحابية ويهدف لتقليل الهدر ضمن قطاع المالية.,الأسر
2843,تطبيق المستثمرين بتحليل البيانات,المالية,تطبيق مخصص لـ المستثمرين يعمل بتحليل البيانات ويهدف لتسهيل الوصول للخدمات ضمن قطاع المالية.,المستثمرين
2844,محرك توصيات الأطفال بالتحليلات التنبؤية,التعليم,محرك توصيات مخصص لـ الأطفال يعمل بالتحليلات التنبؤية ويهدف لتعزيز الأمان ضمن قطاع التعليم.,الأطفال
2845,مساعد ذكي كبار السن بالذكاء الاصطناعي,الصحة,مساعد ذكي مخصص لـ كبار السن يعمل بالذكاء الاصطناعي ويهدف لتسريع الإجراءات ضمن قطاع الصحة.,كبار السن
2846,لوحة تحكم المصانع بالواقع الافتراضي,الطاقة,لوحة تحكم مخصص لـ المصانع يعمل بالواقع الافتراضي ويهدف لرفع كفاءة التشغيل ضمن قطاع الطاقة.,المصانع
2847,منصة الرياضيين بتحليل البيانات,الصحة,منصة مخصص لـ الرياضيين يعمل بتحليل البيانات ويهدف لرفع كفاءة التشغيل ضمن قطاع الصحة.,الرياضيين
2848,نظام مراقبة الأسر المنتجة بالنماذج اللغوية,التجارة الإلكترونية,نظام مراقبة مخصص لـ الأسر المنتجة يعمل بالنماذج اللغوية ويهدف لرفع جودة الحياة ضمن قطاع التجارة الإلكترونية.,الأسر المنتجة
2849,خدمة ذكية جدة بالواقع الافتراضي,المدن الذكية,خدمة ذكية مخصص لـ جدة يعمل بالواقع الافتراضي ويهدف لتسهيل الوصول للخدمات ضمن قطاع المدن الذكية.,جدة
2850,منصة موحدة المستشفيات بالنماذج اللغوية,الصحة,منصة موحدة مخصص لـ المستشفيات يعمل بالنماذج اللغوية ويهدف لتقليل التكاليف ضمن قطاع الصحة.,المستشفيات
2851,لوحة تحكم الحجاج بالنماذج اللغوية,الحج والعمرة,لوحة تحكم مخصص لـ الحجاج يعمل بالنماذج اللغوية ويهدف لتحسين تجربة المستخدم ضمن قطاع الحج والعمرة.,الحجاج
2852,خدمة ذكية الجامعات باستخدام إنترنت الأشياء,التعليم,خدمة ذكية مخصص لـ الجامعات يعمل باستخدام إنترنت الأشياء ويهدف لتقليل الهدر ضمن قطاع التعليم.,الجامعات
2853,منصة موحدة المعلمين بالتحليلات التنبؤية,التعليم,منصة موحدة مخصص لـ المعلمين يعمل بالتحليلات التنبؤية ويهدف لرفع كفاءة التشغيل ضمن قطاع التعليم.,المعلمين
2854,خدمة ذكية المتاجر الصغيرة بالبلوك تشين,التجارة الإلكترونية,خدمة ذكية مخصص لـ المتاجر الصغيرة يعمل بالبلوك تشين ويهدف لتقليل الهدر ضمن قطاع التجارة الإلكترونية.,المتاجر الصغيرة
2855,منصة الجهات الحكومية باستخدام إنترنت الأشياء,الأمن السيبراني,منصة مخصص لـ الجهات الحكومية يعمل باستخدام إنترنت الأشياء ويهدف لتعزيز الأمان ضمن قطاع الأمن السيبراني.,الجهات الحكومية
2856,لوحة تحكم المطاعم بالنماذج اللغوية,التجارة الإلكترونية,لوحة تحكم مخصص لـ المطاعم يعمل بالنماذج اللغوية ويهدف لتسهيل الوصول للخدمات ضمن قطاع التجارة الإلكترونية.,المطاعم
2857,نظام المجمعات السكنية بالحوسبة السحابية,العقارات,نظام مخصص لـ المجمعات السكنية يعمل بالحوسبة السحابية ويهدف لتحسين تجربة المستخدم ضمن قطاع العقارات.,المجمعات السكنية
2858,منصة الأسر المنتجة باستخدام إنترنت الأشياء,التجارة الإلكترونية,منصة مخصص لـ الأسر المنتجة يعمل باستخدام إنترنت الأشياء ويهدف لتقليل الهدر ضمن قطاع التجارة الإلكترونية.,الأسر المنتجة
2859,لوحة تحكم الشركات الصغيرة بالحوسبة السحابية,المالية,لوحة تحكم مخصص لـ الشركات الصغيرة يعمل بالحوسبة السحابية ويهدف لرفع جودة الحياة ضمن قطاع المالية.,الشركات الصغيرة
2860,نظام مراقبة المصانع بالنماذج اللغوية,الطاقة,نظام مراقبة مخصص لـ المصانع يعمل بالنماذج اللغوية ويهدف لتسهيل الوصول للخدمات ضمن قطاع الطاقة.,المصانع
2861,تطبيق المعتمرين بالواقع المعزز,الحج والعمرة,تطبيق مخصص لـ المعتمرين يعمل بالواقع المعزز ويهدف لتسهيل الوصول للخدمات ضمن قطاع الحج والعمرة.,المعتمرين
2862,لوحة تحكم المطاعم بالذكاء الاصطناعي,التجارة الإلكترونية,لوحة تحكم مخصص لـ المطاعم يعمل بالذكاء الاصطناعي ويهدف لتعزيز الأمان ضمن قطاع التجارة الإلكترونية.,المطاعم
2863,محرك توصيات المجمعات السكنية بالبلوك تشين,العقارات,محرك توصيات مخصص لـ المجمعات السكنية يعمل بالبلوك تشين ويهدف لتعزيز الأمان ضمن قطاع العقارات.,المجمعات السكنية
2864,خدمة ذكية الأسر المنتجة بالبلوك تشين,التجارة الإلكترونية,خدمة ذكية مخصص لـ الأسر المنتجة يعمل بالبلوك تشين ويهدف لدعم رؤية 2030 ضمن قطاع التجارة الإلكترونية.,الأسر المنتجة
2865,تطبيق السيارات الكهربائية باستخدام إنترنت الأشياء,الطاقة,تطبيق مخصص لـ السيارات الكهربائية يعمل باستخدام إنترنت الأشياء ويهدف لتعزيز الأمان ضمن قطاع الطاقة.,السيارات الكهربائية
2866,نظام الجامعات بالواقع المعزز,المدن الذكية,نظام مخصص لـ الجامعات يعمل بالواقع المعزز ويهدف لتقليل الهدر ضمن قطاع المدن الذكية.,الجامعات
2867,نظام مراقبة الأحياء السكنية بالبلوك تشين,المدن الذكية,نظام مراقبة مخصص لـ الأحياء السكنية يعمل بالبلوك تشين ويهدف لتسريع الإجراءات ضمن قطاع المدن الذكية.,الأحياء السكنية
2868,تطبيق العيادات بالحوسبة السحابية,الصحة,تطبيق مخصص لـ العيادات يعمل بالحوسبة السحابية ويهدف لتحسين تجربة المستخدم ضمن قطاع الصحة.,العيادات
2869,حل رقمي الحجاج بالروبوتات الذكية,الحج والعمرة,حل رقمي مخصص لـ الحجاج يعمل بالروبوتات الذكية ويهدف لتحسين الاستدامة ضمن قطاع الحج والعمرة.,الحجاج
2870,منصة البنوك بالتحليلات التنبؤية,الأمن السيبراني,منصة مخصص لـ البنوك يعمل بالتحليلات التنبؤية ويهدف لتسريع الإجراءات ضمن قطاع الأمن السيبراني.,البنوك
2871,تطبيق المقاهي بالنماذج اللغوية,التجارة الإلكترونية,تطبيق مخصص لـ المقاهي يعمل بالنماذج اللغوية ويهدف لتحسين الاستدامة ضمن قطاع التجارة الإلكترونية.,المقاهي
2872,لوحة تحكم العمالة بتحليل البيانات,المالية,لوحة تحكم مخصص لـ العمالة يعمل بتحليل البيانات ويهدف لرفع جودة الحياة ضمن قطاع المالية.,العمالة
2873,نظام الأسر بالنماذج اللغوية,المالية,نظام مخصص لـ الأسر يعمل بالنماذج اللغوية ويهدف لتقليل التكاليف ضمن قطاع المالية.,الأسر
2874,محرك توصيات ذوي الإعاقة بالبلوك تشين,التعليم,محرك توصيات مخصص لـ ذوي الإعاقة يعمل بالبلوك تشين ويهدف لتسهيل الوصول للخدمات ضمن قطاع التعليم.,ذوي الإعاقة
2875,تطبيق المستثمرين بالنماذج اللغوية,المالية,تطبيق مخصص لـ المستثمرين يعمل بالنماذج اللغوية ويهدف لدعم رؤية 2030 ضمن قطاع المالية.,المستثمرين
2876,تطبيق الرياض بالنماذج اللغوية,المدن الذكية,تطبيق مخصص لـ الرياض يعمل بالنماذج اللغوية ويهدف لتعزيز الأمان ضمن قطاع المدن الذكية.,الرياض
2877,محرك توصيات الحملات بالبلوك تشين,الحج والعمرة,محرك توصيات مخصص لـ الحملات يعمل بالبلوك تشين ويهدف لدعم رؤية 2030 ضمن قطاع الحج والعمرة.,الحملات
2878,نظام مراقبة المؤجرين بتحليل البيانات,العقارات,نظام مراقبة مخصص لـ المؤجرين يعمل بتحليل البيانات ويهدف لتسهيل الوصول للخدمات ضمن قطاع العقارات.,المؤجرين
2879,منصة موحدة الطلاب بالواقع الافتراضي,الصحة,منصة موحدة مخصص لـ الطلاب يعمل بالواقع الافتراضي ويهدف لتقليل الهدر ضمن قطاع الصحة.,الطلاب
2880,محرك توصيات الشركات الصغيرة بتحليل البيانات,المالية,محرك توصيات مخصص لـ الشركات الصغيرة يعمل بتحليل البيانات ويهدف لتعزيز الأمان ضمن قطاع المالية.,الشركات الصغيرة
2881,حل رقمي الرياض بتحليل البيانات,المدن الذكية,حل رقمي مخصص لـ الرياض يعمل بتحليل البيانات ويهدف لتحسين الاستدامة ضمن قطاع المدن الذكية.,الرياض
2882,لوحة تحكم الجامعات بالذكاء الاصطناعي,المدن الذكية,لوحة تحكم مخصص لـ الجامعات يعمل بالذكاء الاصطناعي ويهدف لتسهيل الوصول للخدمات ضمن قطاع المدن الذكية.,الجامعات
2883,لوحة تحكم الأسر المنتجة بالبلوك تشين,التجارة الإلكترونية,لوحة تحكم مخصص لـ الأسر المنتجة يعمل بالبلوك تشين ويهدف لتعزيز الأمان ضمن قطاع التجارة الإلكترونية.,الأسر المنتجة
2884,خدمة ذكية الشركات بالواقع الافتراضي,الأمن السيبراني,خدمة ذكية مخصص لـ الشركات يعمل بالواقع الافتراضي ويهدف لتعزيز الأمان ضمن قطاع الأمن السيبراني.,الشركات
2885,منصة موحدة المستشفيات بالواقع الافتراضي,الصحة,منصة موحدة مخصص لـ المستشفيات يعمل بالواقع الافتراضي ويهدف لتقليل التكاليف ضمن قطاع الصحة.,المستشفيات
2886,تطبيق الحجاج بالبلوك تشين,الحج والعمرة,تطبيق مخصص لـ الحجاج يعمل بالبلوك تشين ويهدف لتقليل الهدر ضمن قطاع الحج والعمرة.,الحجاج
2887,حل رقمي الحج بالواقع المعزز,المدن الذكية,حل رقمي مخصص لـ الحج يعمل بالواقع المعزز ويهدف لتسريع الإجراءات ضمن قطاع المدن الذكية.,الحج
2888,منصة موحدة المستشفيات بالبلوك تشين,الصحة,منصة موحدة مخصص لـ المستشفيات يعمل بالبلوك تشين ويهدف لتقليل الهدر ضمن قطاع الصحة.,المستشفيات
2889,تطبيق المزارع المنزلية بالحوسبة السحابية,الزراعة,تطبيق مخصص لـ المزارع المنزلية يعمل بالحوسبة السحابية ويهدف لتعزيز الأمان ضمن قطاع الزراعة.,المزارع المنزلية
2890,تطبيق المقاهي بالبلوك تشين,التجارة الإلكترونية,تطبيق مخصص لـ المقاهي يعمل بالبلوك تشين ويهدف لدعم رؤية 2030 ضمن قطاع التجارة الإلكترونية.,المقاهي
2891,منصة موحدة الحملات بالواقع المعزز,الحج والعمرة,منصة موحدة مخصص لـ الحملات يعمل بالواقع المعزز ويهدف لتعزيز الأمان ضمن قطاع الحج والعمرة.,الحملات
2892,نظام مراقبة المقاهي بالنماذج اللغوية,التجارة الإلكترونية,نظام مراقبة مخصص لـ المقاهي يعمل بالنماذج اللغوية ويهدف لدعم رؤية 2030 ضمن قطاع التجارة الإلكترونية.,المقاهي
2893,منصة موحدة المستشفيات بتحليل البيانات,الصحة,منصة موحدة مخصص لـ المستشفيات يعمل بتحليل البيانات ويهدف لتقليل التكاليف ضمن قطاع الصحة.,المستشفيات
2894,خدمة ذكية الرياضيين بالواقع المعزز,الصحة,خدمة ذكية مخصص لـ الرياضيين يعمل بالواقع المعزز ويهدف لتحسين الاستدامة ضمن قطاع الصحة.,الرياضيين
2895,تطبيق الشركات الصغيرة بالحوسبة السحابية,المالية,تطبيق مخصص لـ الشركات الصغيرة يعمل بالحوسبة السحابية ويهدف لرفع كفاءة التشغيل ضمن قطاع المالية.,الشركات الصغيرة
2896,حل رقمي المنازل باستخدام إنترنت الأشياء,الطاقة,حل رقمي مخصص لـ المنازل يعمل باستخدام إنترنت الأشياء ويهدف لرفع جودة الحياة ضمن قطاع الطاقة.,المنازل
2897,تطبيق العمالة بالنماذج اللغوية,المالية,تطبيق مخصص لـ العمالة يعمل بالنماذج اللغوية ويهدف لرفع جودة الحياة ضمن قطاع المالية.,العمالة
2898,منصة المقاهي باستخدام إنترنت الأشياء,التجارة الإلكترونية,منصة مخصص لـ المقاهي يعمل باستخدام إنترنت الأشياء ويهدف لتعزيز الأمان ضمن قطاع التجارة الإلكترونية.,المقاهي
2899,تطبيق الرياض بالبلوك تشين,المدن الذكية,تطبيق مخصص لـ الرياض يعمل بالبلوك تشين ويهدف لتعزيز الأمان ضمن قطاع المدن الذكية.,الرياض
2900,محرك توصيات المجمعات السكنية بالواقع الافتراضي,العقارات,محرك توصيات مخصص لـ المجمعات السكنية يعمل بالواقع الافتراضي ويهدف لدعم رؤية 2030 ضمن قطاع العقارات.,المجمعات السكنية
2901,مساعد ذكي المعلمين بالواقع المعزز,التعليم,مساعد ذكي مخصص لـ المعلمين يعمل بالواقع المعزز ويهدف لرفع كفاءة التشغيل ضمن قطاع التعليم.,المعلمين
2902,خدمة ذكية الحجاج بالنماذج اللغوية,الحج والعمرة,خدمة ذكية مخصص لـ الحجاج يعمل بالنماذج اللغوية ويهدف لتحسين تجربة المستخدم ضمن قطاع الحج والعمرة.,الحجاج
2903,لوحة تحكم المطاعم بالبلوك تشين,التجارة الإلكترونية,لوحة تحكم مخصص لـ المطاعم يعمل بالبلوك تشين ويهدف لتسريع الإجراءات ضمن قطاع التجارة الإلكترونية.,المطاعم
2904,منصة موحدة العمالة بالنماذج اللغوية,المالية,منصة موحدة مخصص لـ العمالة يعمل بالنماذج اللغوية ويهدف لرفع كفاءة التشغيل ضمن قطاع المالية.,العمالة
2905,مساعد ذكي المستشفيات بتحليل البيانات,الصحة,مساعد ذكي مخصص لـ المستشفيات يعمل بتحليل البيانات ويهدف لتحسين الاستدامة ضمن قطاع الصحة.,المستشفيات
2906,منصة المنازل بالذكاء الاصطناعي,الطاقة,منصة مخصص لـ المنازل يعمل بالذكاء الاصطناعي ويهدف لتقليل الهدر ضمن قطاع الطاقة.,المنازل
2907,نظام مراقبة السيارات الكهربائية باستخدام إنترنت الأشياء,الطاقة,نظام مراقبة مخصص لـ السيارات الكهربائية يعمل باستخدام إنترنت الأشياء ويهدف لتحسين تجربة المستخدم ضمن قطاع الطاقة.,السيارات الكهربائية
2908,نظام مراقبة المباني الحكومية بالنماذج اللغوية,الطاقة,نظام مراقبة مخصص لـ المباني الحكومية يعمل بالنماذج اللغوية ويهدف لتسهيل الوصول للخدمات ضمن قطاع الطاقة.,المباني الحكومية
2909,نظام مراقبة المباني الحكومية بالتحليلات التنبؤية,الطاقة,نظام مراقبة مخصص لـ المباني الحكومية يعمل بالتحليلات التنبؤية ويهدف لتقليل التكاليف ضمن قطاع الطاقة.,المباني الحكومية
2910,محرك توصيات الأطفال بتحليل البيانات,التعليم,محرك توصيات مخصص لـ الأطفال يعمل بتحليل البيانات ويهدف لدعم رؤية 2030 ضمن قطاع التعليم.,الأطفال
2911,محرك توصيات الأسر بتحليل البيانات,المالية,محرك توصيات مخصص لـ الأسر يعمل بتحليل البيانات ويهدف لتحسين الاستدامة ضمن قطاع المالية.,الأسر
2912,منصة موحدة الشركات الصغيرة بالنماذج اللغوية,المالية,منصة موحدة مخصص لـ الشركات الصغيرة يعمل بالنماذج اللغوية ويهدف لتسهيل الوصول للخدمات ضمن قطاع المالية.,الشركات الصغيرة
2913,منصة موحدة العيادات بالروبوتات الذكية,الصحة,منصة موحدة مخصص لـ العيادات يعمل بالروبوتات الذكية ويهدف لتقليل الهدر ضمن قطاع الصحة.,العيادات
2914,مساعد ذكي الجهات الحكومية بالبلوك تشين,الأمن السيبراني,مساعد ذكي مخصص لـ الجهات الحكومية يعمل بالبلوك تشين ويهدف لتسهيل الوصول للخدمات ضمن قطاع الأمن السيبراني.,الجهات الحكومية
2915,منصة موحدة العيادات بالحوسبة السحابية,الصحة,منصة موحدة مخصص لـ العيادات يعمل بالحوسبة السحابية ويهدف لتسهيل الوصول للخدمات ضمن قطاع الصحة.,العيادات
2916,منصة موحدة الجامعات بالذكاء الاصطناعي,المدن الذكية,منصة موحدة مخصص لـ الجامعات يعمل بالذكاء الاصطناعي ويهدف لتحسين تجربة المستخدم ضمن قطاع المدن الذكية.,الجامعات
2917,نظام ذوي الإعاقة باستخدام إنترنت الأشياء,التعليم,نظام مخصص لـ ذوي الإعاقة يعمل باستخدام إنترنت الأشياء ويهدف لتقليل الهدر ضمن قطاع التعليم.,ذوي الإعاقة
2918,نظام مراقبة الحج بالروبوتات الذكية,المدن الذكية,نظام مراقبة مخصص لـ الحج يعمل بالروبوتات الذكية ويهدف لرفع جودة الحياة ضمن قطاع المدن الذكية.,الحج
2919,لوحة تحكم المؤجرين بالبلوك تشين,العقارات,لوحة تحكم مخصص لـ المؤجرين يعمل بالبلوك تشين ويهدف لتسهيل الوصول للخدمات ضمن قطاع العقارات.,المؤجرين
2920,تطبيق المعلمين بالروبوتات الذكية,التعليم,تطبيق مخصص لـ المعلمين يعمل بالروبوتات الذكية ويهدف لتقليل التكاليف ضمن قطاع التعليم.,المعلمين
2921,محرك توصيات المستشفيات باستخدام إنترنت الأشياء,الصحة,محرك توصيات مخصص لـ المستشفيات يعمل باستخدام إنترنت الأشياء ويهدف لرفع كفاءة التشغيل ضمن قطاع الصحة.,المستشفيات
2922,نظام الحجاج بالذكاء الاصطناعي,الصحة,نظام مخصص لـ الحجاج يعمل بالذكاء الاصطناعي ويهدف لتحسين الاستدامة ضمن قطاع الصحة.,الحجاج
2923,محرك توصيات الأسر بالنماذج اللغوية,المالية,محرك توصيات مخصص لـ الأسر يعمل بالنماذج اللغوية ويهدف لتحسين تجربة المستخدم ضمن قطاع المالية.,الأسر
2924,منصة موحدة الأحياء السكنية بالذكاء الاصطناعي,المدن الذكية,منصة موحدة مخصص لـ الأحياء السكنية يعمل بالذكاء الاصطناعي ويهدف لرفع جودة الحياة ضمن قطاع المدن الذكية.,الأحياء السكنية
2925,نظام العمالة بالواقع الافتراضي,المالية,نظام مخصص لـ العمالة يعمل بالواقع الافتراضي ويهدف لرفع كفاءة التشغيل ضمن قطاع المالية.,العمالة
2926,نظام مراقبة الحجاج بالنماذج اللغوية,الحج والعمرة,نظام مراقبة مخصص لـ الحجاج يعمل بالنماذج اللغوية ويهدف لتسريع الإجراءات ضمن قطاع الحج والعمرة.,الحجاج
2927,منصة العيادات بالحوسبة السحابية,الصحة,منصة مخصص لـ العيادات يعمل بالحوسبة السحابية ويهدف لتحسين تجربة المستخدم ضمن قطاع الصحة.,العيادات
2928,نظام مراقبة المنازل بالواقع المعزز,الطاقة,نظام مراقبة مخصص لـ المنازل يعمل بالواقع المعزز ويهدف لدعم رؤية 2030 ضمن قطاع الطاقة.,المنازل
2929,خدمة ذكية الشركات الصغيرة بتحليل البيانات,المالية,خدمة ذكية مخصص لـ الشركات الصغيرة يعمل بتحليل البيانات ويهدف لتقليل التكاليف ضمن قطاع المالية.,الشركات الصغيرة
2930,تطبيق المعتمرين بالواقع الافتراضي,الحج والعمرة,تطبيق مخصص لـ المعتمرين يعمل بالواقع الافتراضي ويهدف لتحسين تجربة المستخدم ضمن قطاع الحج والعمرة.,المعتمرين
2931,لوحة تحكم الأحياء بالبلوك تشين,العقارات,لوحة تحكم مخصص لـ الأحياء يعمل بالبلوك تشين ويهدف لتسريع الإجراءات ضمن قطاع العقارات.,الأحياء
2932,حل رقمي المزارع بالبلوك تشين,الزراعة,حل رقمي مخصص لـ المزارع يعمل بالبلوك تشين ويهدف لتقليل الهدر ضمن قطاع الزراعة.,المزارع
2933,نظام مراقبة المؤجرين بالتحليلات التنبؤية,العقارات,نظام مراقبة مخصص لـ المؤجرين يعمل بالتحليلات التنبؤية ويهدف لدعم رؤية 2030 ضمن قطاع العقارات.,المؤجرين
2934,نظام الأحياء السكنية بالذكاء الاصطناعي,المدن الذكية,نظام مخصص لـ الأحياء السكنية يعمل بالذكاء الاصطناعي ويهدف لدعم رؤية 2030 ضمن قطاع المدن الذكية.,الأحياء السكنية
2935,منصة موحدة المولات بالروبوتات الذكية,المدن الذكية,منصة موحدة مخصص لـ المولات يعمل بالروبوتات الذكية ويهدف لرفع جودة الحياة ضمن قطاع المدن الذكية.,المولات
2936,تطبيق البنوك بالحوسبة السحابية,الأمن السيبراني,تطبيق مخصص لـ البنوك يعمل بالحوسبة السحابية ويهدف لتقليل التكاليف ضمن قطاع الأمن السيبراني.,البنوك
2937,لوحة تحكم الجامعات بالروبوتات الذكية,التعليم,لوحة تحكم مخصص لـ الجامعات يعمل بالروبوتات الذكية ويهدف لدعم رؤية 2030 ضمن قطاع التعليم.,الجامعات
2938,منصة كبار السن بالذكاء الاصطناعي,الصحة,منصة مخصص لـ كبار السن يعمل بالذكاء الاصطناعي ويهدف لتقليل التكاليف ضمن قطاع الصحة.,كبار السن
2939,خدمة ذكية المستثمرين بالروبوتات الذكية,المالية,خدمة ذكية مخصص لـ المستثمرين يعمل بالروبوتات الذكية ويهدف لرفع جودة الحياة ضمن قطاع المالية.,المستثمرين
2940,خدمة ذكية الأطفال بالواقع المعزز,الصحة,خدمة ذكية مخصص لـ الأطفال يعمل بالواقع المعزز ويهدف لرفع جودة الحياة ضمن قطاع الصحة.,الأطفال
2941,لوحة تحكم النخيل بالبلوك تشين,الزراعة,لوحة تحكم مخصص لـ النخيل يعمل بالبلوك تشين ويهدف لتقليل الهدر ضمن قطاع الزراعة.,النخيل
2942,محرك توصيات الأحياء باستخدام إنترنت الأشياء,العقارات,محرك توصيات مخصص لـ الأحياء يعمل باستخدام إنترنت الأشياء ويهدف لدعم رؤية 2030 ضمن قطاع العقارات.,الأحياء
2943,تطبيق السيارات الكهربائية بتحليل البيانات,الطاقة,تطبيق مخصص لـ السيارات الكهربائية يعمل بتحليل البيانات ويهدف لتحسين تجربة المستخدم ضمن قطاع الطاقة.,السيارات الكهربائية
2944,لوحة تحكم المزارع المنزلية بتحليل البيانات,الزراعة,لوحة تحكم مخصص لـ المزارع المنزلية يعمل بتحليل البيانات ويهدف لتحسين الاستدامة ضمن قطاع الزراعة.,المزارع المنزلية
2945,مساعد ذكي البنوك بالحوسبة السحابية,الأمن السيبراني,مساعد ذكي مخصص لـ البنوك يعمل بالحوسبة السحابية ويهدف لرفع جودة الحياة ضمن قطاع الأمن السيبراني.,البنوك
2946,حل رقمي المنازل الذكية بالواقع المعزز,الأمن السيبراني,حل رقمي مخصص لـ المنازل الذكية يعمل بالواقع المعزز ويهدف لتعزيز الأمان ضمن قطاع الأمن السيبراني.,المنازل الذكية
2947,حل رقمي المجمعات السكنية بتحليل البيانات,العقارات,حل رقمي مخصص لـ المجمعات السكنية يعمل بتحليل البيانات ويهدف لتقليل التكاليف ضمن قطاع العقارات.,المجمعات السكنية
2948,محرك توصيات المولات بالحوسبة السحابية,المدن الذكية,محرك توصيات مخصص لـ المولات يعمل بالحوسبة السحابية ويهدف لتقليل الهدر ضمن قطاع المدن الذكية.,المولات
2949,تطبيق جدة باستخدام إنترنت الأشياء,المدن الذكية,تطبيق مخصص لـ جدة يعمل باستخدام إنترنت الأشياء ويهدف لتعزيز الأمان ضمن قطاع المدن الذكية.,جدة
2950,تطبيق الشركات الصغيرة باستخدام إنترنت الأشياء,المالية,تطبيق مخصص لـ الشركات الصغيرة يعمل باستخدام إنترنت الأشياء ويهدف لرفع جودة الحياة ضمن قطاع المالية.,الشركات الصغيرة
2951,مساعد ذكي الأسر المنتجة بالتحليلات التنبؤية,التجارة الإلكترونية,مساعد ذكي مخصص لـ الأسر المنتجة يعمل بالتحليلات التنبؤية ويهدف لرفع كفاءة التشغيل ضمن قطاع التجارة الإلكترونية.,الأسر المنتجة
2952,نظام الشركات الصغيرة باستخدام إنترنت الأشياء,المالية,نظام مخصص لـ الشركات الصغيرة يعمل باستخدام إنترنت الأشياء ويهدف لتعزيز الأمان ضمن قطاع المالية.,الشركات الصغيرة
2953,منصة الأطفال بالذكاء الاصطناعي,الصحة,منصة مخصص لـ الأطفال يعمل بالذكاء الاصطناعي ويهدف لتسريع الإجراءات ضمن قطاع الصحة.,الأطفال
2954,حل رقمي العيادات بالواقع الافتراضي,الصحة,حل رقمي مخصص لـ العيادات يعمل بالواقع الافتراضي ويهدف لرفع جودة الحياة ضمن قطاع الصحة.,العيادات
2955,محرك توصيات الجامعات بالبلوك تشين,التعليم,محرك توصيات مخصص لـ الجامعات يعمل بالبلوك تشين ويهدف لتقليل التكاليف ضمن قطاع التعليم.,الجامعات
2956,خدمة ذكية الأحياء بالروبوتات الذكية,العقارات,خدمة ذكية مخصص لـ الأحياء يعمل بالروبوتات الذكية ويهدف لتحسين تجربة المستخدم ضمن قطاع العقارات.,الأحياء
2957,خدمة ذكية المزارع بالبلوك تشين,الزراعة,خدمة ذكية مخصص لـ المزارع يعمل بالبلوك تشين ويهدف لتسريع الإجراءات ضمن قطاع الزراعة.,المزارع
2958,حل رقمي الطلاب بتحليل البيانات,المالية,حل رقمي مخصص لـ الطلاب يعمل بتحليل البيانات ويهدف لتحسين تجربة المستخدم ضمن قطاع المالية.,الطلاب
2959,نظام مراقبة المشاعر المقدسة بالروبوتات الذكية,الحج والعمرة,نظام مراقبة مخصص لـ المشاعر المقدسة يعمل بالروبوتات الذكية ويهدف لتسهيل الوصول للخدمات ضمن قطاع الحج والعمرة.,المشاعر المقدسة
2960,محرك توصيات المعتمرين بالواقع المعزز,الحج والعمرة,محرك توصيات مخصص لـ المعتمرين يعمل بالواقع المعزز ويهدف لتقليل الهدر ضمن قطاع الحج والعمرة.,المعتمرين
2961,منصة كبار السن بالبلوك تشين,الصحة,منصة مخصص لـ كبار السن يعمل بالبلوك تشين ويهدف لرفع كفاءة التشغيل ضمن قطاع الصحة.,كبار السن
2962,منصة موحدة ذوي الإعاقة بالحوسبة السحابية,التعليم,منصة موحدة مخصص لـ ذوي الإعاقة يعمل بالحوسبة السحابية ويهدف لتحسين تجربة المستخدم ضمن قطاع التعليم.,ذوي الإعاقة
2963,منصة المباني الحكومية بالروبوتات الذكية,الطاقة,منصة مخصص لـ المباني الحكومية يعمل بالروبوتات الذكية ويهدف لتعزيز الأمان ضمن قطاع الطاقة.,المباني الحكومية
2964,نظام الطلاب بتحليل البيانات,العقارات,نظام مخصص لـ الطلاب يعمل بتحليل البيانات ويهدف لتسهيل الوصول للخدمات ضمن قطاع العقارات.,الطلاب
2965,مساعد ذكي السيارات الكهربائية بالبلوك تشين,الطاقة,مساعد ذكي مخصص لـ السيارات الكهربائية يعمل بالبلوك تشين ويهدف لرفع جودة الحياة ضمن قطاع الطاقة.,السيارات الكهربائية
2966,محرك توصيات الحجاج بالواقع الافتراضي,الصحة,محرك توصيات مخصص لـ الحجاج يعمل بالواقع الافتراضي ويهدف لتسريع الإجراءات ضمن قطاع الصحة.,الحجاج
2967,نظام المستثمرين بالواقع الافتراضي,المالية,نظام مخصص لـ المستثمرين يعمل بالواقع الافتراضي ويهدف لتحسين الاستدامة ضمن قطاع المالية.,المستثمرين
2968,لوحة تحكم المزارع المنزلية بالبلوك تشين,الزراعة,لوحة تحكم مخصص لـ المزارع المنزلية يعمل بالبلوك تشين ويهدف لتحسين الاستدامة ضمن قطاع الزراعة.,المزارع المنزلية
2969,نظام الحجاج باستخدام إنترنت الأشياء,الحج والعمرة,نظام مخصص لـ الحجاج يعمل باستخدام إنترنت الأشياء ويهدف لتسهيل الوصول للخدمات ضمن قطاع الحج والعمرة.,الحجاج
2970,نظام مراقبة الجهات الحكومية بالواقع الافتراضي,الأمن السيبراني,نظام مراقبة مخصص لـ الجهات الحكومية يعمل بالواقع الافتراضي ويهدف لتقليل الهدر ضمن قطاع الأمن السيبراني.,الجهات الحكومية
2971,منصة موحدة المشاعر المقدسة بالذكاء الاصطناعي,الحج والعمرة,منصة موحدة مخصص لـ المشاعر المقدسة يعمل بالذكاء الاصطناعي ويهدف لتقليل الهدر ضمن قطاع الحج والعمرة.,المشاعر المقدسة
2972,نظام كبار السن باستخدام إنترنت الأشياء,الصحة,نظام مخصص لـ كبار السن يعمل باستخدام إنترنت الأشياء ويهدف لتسهيل الوصول للخدمات ضمن قطاع الصحة.,كبار السن
2973,محرك توصيات الأحياء السكنية بالحوسبة السحابية,المدن الذكية,محرك توصيات مخصص لـ الأحياء السكنية يعمل بالحوسبة السحابية ويهدف لدعم رؤية 2030 ضمن قطاع المدن الذكية.,الأحياء السكنية
2974,محرك توصيات المعتمرين بالحوسبة السحابية,الحج والعمرة,محرك توصيات مخصص لـ المعتمرين يعمل بالحوسبة السحابية ويهدف لتقليل الهدر ضمن قطاع الحج والعمرة.,المعتمرين
2975,نظام جدة بالتحليلات التنبؤية,المدن الذكية,نظام مخصص لـ جدة يعمل بالتحليلات التنبؤية ويهدف لتسهيل الوصول للخدمات ضمن قطاع المدن الذكية.,جدة
2976,نظام الجهات الحكومية بتحليل البيانات,الأمن السيبراني,نظام مخصص لـ الجهات الحكومية يعمل بتحليل البيانات ويهدف لدعم رؤية 2030 ضمن قطاع الأمن السيبراني.,الجهات الحكومية
2977,محرك توصيات المؤجرين بالواقع المعزز,العقارات,محرك توصيات مخصص لـ المؤجرين يعمل بالواقع المعزز ويهدف لتحسين الاستدامة ضمن قطاع العقارات.,المؤجرين
2978,منصة المنازل بالتحليلات التنبؤية,الطاقة,منصة مخصص لـ المنازل يعمل بالتحليلات التنبؤية ويهدف لرفع جودة الحياة ضمن قطاع الطاقة.,المنازل
2979,منصة موحدة البنوك بالتحليلات التنبؤية,الأمن السيبراني,منصة موحدة مخصص لـ البنوك يعمل بالتحليلات التنبؤية ويهدف لرفع كفاءة التشغيل ضمن قطاع الأمن السيبراني.,البنوك
2980,منصة الأحياء بالبلوك تشين,العقارات,منصة مخصص لـ الأحياء يعمل بالبلوك تشين ويهدف لدعم رؤية 2030 ضمن قطاع العقارات.,الأحياء
2981,نظام المتاجر الصغيرة بالحوسبة السحابية,التجارة الإلكترونية,نظام مخصص لـ المتاجر الصغيرة يعمل بالحوسبة السحابية ويهدف لتسريع الإجراءات ضمن قطاع التجارة الإلكترونية.,المتاجر الصغيرة
2982,لوحة تحكم الأحياء السكنية بالحوسبة السحابية,المدن الذكية,لوحة تحكم مخصص لـ الأحياء السكنية يعمل بالحوسبة السحابية ويهدف لتحسين تجربة المستخدم ضمن قطاع المدن الذكية.,الأحياء السكنية
2983,نظام مراقبة المطاعم بالذكاء الاصطناعي,التجارة الإلكترونية,نظام مراقبة مخصص لـ المطاعم يعمل بالذكاء الاصطناعي ويهدف لتحسين الاستدامة ضمن قطاع التجارة الإلكترونية.,المطاعم
2984,حل رقمي المعتمرين بالواقع الافتراضي,الحج والعمرة,حل رقمي مخصص لـ المعتمرين يعمل بالواقع الافتراضي ويهدف لدعم رؤية 2030 ضمن قطاع الحج والعمرة.,المعتمرين
2985,تطبيق الشركات باستخدام إنترنت الأشياء,الأمن السيبراني,تطبيق مخصص لـ الشركات يعمل باستخدام إنترنت الأشياء ويهدف لتسريع الإجراءات ضمن قطاع الأمن السيبراني.,الشركات
2986,نظام مراقبة المولات بالواقع الافتراضي,المدن الذكية,نظام مراقبة مخصص لـ المولات يعمل بالواقع الافتراضي ويهدف لتسهيل الوصول للخدمات ضمن قطاع المدن الذكية.,المولات
2987,لوحة تحكم المصانع باستخدام إنترنت الأشياء,الطاقة,لوحة تحكم مخصص لـ المصانع يعمل باستخدام إنترنت الأشياء ويهدف لتحسين تجربة المستخدم ضمن قطاع الطاقة.,المصانع
2988,مساعد ذكي البنوك بالواقع المعزز,الأمن السيبراني,مساعد ذكي مخصص لـ البنوك يعمل بالواقع المعزز ويهدف لتحسين تجربة المستخدم ضمن قطاع الأمن السيبراني.,البنوك
2989,نظام مراقبة الأحياء بالتحليلات التنبؤية,العقارات,نظام مراقبة مخصص لـ الأحياء يعمل بالتحليلات التنبؤية ويهدف لتقليل التكاليف ضمن قطاع العقارات.,الأحياء
2990,خدمة ذكية المزارع باستخدام إنترنت الأشياء,الزراعة,خدمة ذكية مخصص لـ المزارع يعمل باستخدام إنترنت الأشياء ويهدف لتسريع الإجراءات ضمن قطاع الزراعة.,المزارع
2991,مساعد ذكي المصانع بالتحليلات التنبؤية,الطاقة,مساعد ذكي مخصص لـ المصانع يعمل بالتحليلات التنبؤية ويهدف لتحسين الاستدامة ضمن قطاع الطاقة.,المصانع
2992,نظام المتاجر الصغيرة بالبلوك تشين,التجارة الإلكترونية,نظام مخصص لـ المتاجر الصغيرة يعمل بالبلوك تشين ويهدف لدعم رؤية 2030 ضمن قطاع التجارة الإلكترونية.,المتاجر الصغيرة
2993,تطبيق الجامعات بالحوسبة السحابية,التعليم,تطبيق مخصص لـ الجامعات يعمل بالحوسبة السحابية ويهدف لتقليل الهدر ضمن قطاع التعليم.,الجامعات
2994,محرك توصيات المطاعم بالواقع الافتراضي,التجارة الإلكترونية,محرك توصيات مخصص لـ المطاعم يعمل بالواقع الافتراضي ويهدف لتحسين الاستدامة ضمن قطاع التجارة الإلكترونية.,المطاعم
2995,مساعد ذكي المزارع بالبلوك تشين,الزراعة,مساعد ذكي مخصص لـ المزارع يعمل بالبلوك تشين ويهدف لتسهيل الوصول للخدمات ضمن قطاع الزراعة.,المزارع
2996,حل رقمي كبار السن بالنماذج اللغوية,الصحة,حل رقمي مخصص لـ كبار السن يعمل بالنماذج اللغوية ويهدف لتحسين تجربة المستخدم ضمن قطاع الصحة.,كبار السن
2997,منصة الأسر باستخدام إنترنت الأشياء,المالية,منصة مخصص لـ الأسر يعمل باستخدام إنترنت الأشياء ويهدف لدعم رؤية 2030 ضمن قطاع المالية.,الأسر
2998,نظام مراقبة الأطفال بتحليل البيانات,التعليم,نظام مراقبة مخصص لـ الأطفال يعمل بتحليل البيانات ويهدف لتسريع الإجراءات ضمن قطاع التعليم.,الأطفال
2999,خدمة ذكية المنازل باستخدام إنترنت الأشياء,الطاقة,خدمة ذكية مخصص لـ المنازل يعمل باستخدام إنترنت الأشياء ويهدف لتسهيل الوصول للخدمات ضمن قطاع الطاقة.,المنازل
3000,نظام الحملات بالواقع الافتراضي,الحج والعمرة,نظام مخصص لـ الحملات يعمل بالواقع الافتراضي ويهدف لتقليل الهدر ضمن قطاع الحج والعمرة.,الحملات
3001,منصة المجمعات السكنية بالذكاء الاصطناعي,العقارات,منصة مخصص لـ المجمعات السكنية يعمل بالذكاء الاصطناعي ويهدف لرفع كفاءة التشغيل ضمن قطاع العقارات.,المجمعات السكنية
3002,حل رقمي النخيل بالحوسبة السحابية,الزراعة,حل رقمي مخصص لـ النخيل يعمل بالحوسبة السحابية ويهدف لرفع جودة الحياة ضمن قطاع الزراعة.,النخيل
3003,نظام مراقبة المصانع بالبلوك تشين,الطاقة,نظام مراقبة مخصص لـ المصانع يعمل بالبلوك تشين ويهدف لتقليل الهدر ضمن قطاع الطاقة.,المصانع
3004,نظام المزارع بالبلوك تشين,الزراعة,نظام مخصص لـ المزارع يعمل بالبلوك تشين ويهدف لتسريع الإجراءات ضمن قطاع الزراعة.,المزارع
3005,نظام مراقبة المستشفيات بالبلوك تشين,الصحة,نظام مراقبة مخصص لـ المستشفيات يعمل بالبلوك تشين ويهدف لتسهيل الوصول للخدمات ضمن قطاع الصحة.,المستشفيات
3006,منصة موحدة المنازل بالذكاء الاصطناعي,الطاقة,منصة موحدة مخصص لـ المنازل يعمل بالذكاء الاصطناعي ويهدف لرفع جودة الحياة ضمن قطاع الطاقة.,المنازل
3007,منصة موحدة الحجاج بتحليل البيانات,الصحة,منصة موحدة مخصص لـ الحجاج يعمل بتحليل البيانات ويهدف لتقليل التكاليف ضمن قطاع الصحة.,الحجاج
3008,لوحة تحكم المؤجرين بالتحليلات التنبؤية,العقارات,لوحة تحكم مخصص لـ المؤجرين يعمل بالتحليلات التنبؤية ويهدف لتسريع الإجراءات ضمن قطاع العقارات.,المؤجرين
3009,مساعد ذكي الجامعات بالواقع الافتراضي,التعليم,مساعد ذكي مخصص لـ الجامعات يعمل بالواقع الافتراضي ويهدف لرفع كفاءة التشغيل ضمن قطاع التعليم.,الجامعات
3010,منصة جدة بالواقع المعزز,المدن الذكية,منصة مخصص لـ جدة يعمل بالواقع المعزز ويهدف لتسهيل الوصول للخدمات ضمن قطاع المدن الذكية.,جدة
3011,نظام المدارس بالواقع الافتراضي,التعليم,نظام مخصص لـ المدارس يعمل بالواقع الافتراضي ويهدف لرفع جودة الحياة ضمن قطاع التعليم.,المدارس
3012,مساعد ذكي الشركات باستخدام إنترنت الأشياء,الأمن السيبراني,مساعد ذكي مخصص لـ الشركات يعمل باستخدام إنترنت الأشياء ويهدف لتقليل التكاليف ضمن قطاع الأمن السيبراني.,الشركات
3013,منصة المجمعات السكنية بالواقع المعزز,العقارات,منصة مخصص لـ المجمعات السكنية يعمل بالواقع المعزز ويهدف لتسهيل الوصول للخدمات ضمن قطاع العقارات.,المجمعات السكنية
3014,تطبيق الجامعات بالذكاء الاصطناعي,المدن الذكية,تطبيق مخصص لـ الجامعات يعمل بالذكاء الاصطناعي ويهدف لتسريع الإجراءات ضمن قطاع المدن الذكية.,الجامعات
3015,محرك توصيات الجهات الحكومية بالبلوك تشين,الأمن السيبراني,محرك توصيات مخصص لـ الجهات الحكومية يعمل بالبلوك تشين ويهدف لرفع جودة الحياة ضمن قطاع الأمن السيبراني.,الجهات الحكومية
3016,تطبيق المستشفيات بالواقع المعزز,الأمن السيبراني,تطبيق مخصص لـ المستشفيات يعمل بالواقع المعزز ويهدف لتقليل التكاليف ضمن قطاع الأمن السيبراني.,المستشفيات
3017,خدمة ذكية الأحياء بالواقع الافتراضي,العقارات,خدمة ذكية مخصص لـ الأحياء يعمل بالواقع الافتراضي ويهدف لتحسين الاستدامة ضمن قطاع العقارات.,الأحياء
3018,محرك توصيات البنوك بالتحليلات التنبؤية,الأمن السيبراني,محرك توصيات مخصص لـ البنوك يعمل بالتحليلات التنبؤية ويهدف لتحسين تجربة المستخدم ضمن قطاع الأمن السيبراني.,البنوك
3019,خدمة ذكية المنازل بالذكاء الاصطناعي,الطاقة,خدمة ذكية مخصص لـ المنازل يعمل بالذكاء الاصطناعي ويهدف لدعم رؤية 2030 ضمن قطاع الطاقة.,المنازل
3020,نظام الحملات بالتحليلات التنبؤية,الحج والعمرة,نظام مخصص لـ الحملات يعمل بالتحليلات التنبؤية ويهدف لتقليل التكاليف ضمن قطاع الحج والعمرة.,الحملات
3021,نظام المدارس باستخدام إنترنت الأشياء,التعليم,نظام مخصص لـ المدارس يعمل باستخدام إنترنت الأشياء ويهدف لتسريع الإجراءات ضمن قطاع التعليم.,المدارس
3022,نظام مراقبة المعلمين بالذكاء الاصطناعي,التعليم,نظام مراقبة مخصص لـ المعلمين يعمل بالذكاء الاصطناعي ويهدف لتحسين الاستدامة ضمن قطاع التعليم.,المعلمين
3023,لوحة تحكم المقاهي بالواقع المعزز,التجارة الإلكترونية,لوحة تحكم مخصص لـ المقاهي يعمل بالواقع المعزز ويهدف لرفع كفاءة التشغيل ضمن قطاع التجارة الإلكترونية.,المقاهي
3024,لوحة تحكم الشركات بالروبوتات الذكية,الأمن السيبراني,لوحة تحكم مخصص لـ الشركات يعمل بالروبوتات الذكية ويهدف لتسريع الإجراءات ضمن قطاع الأمن السيبراني.,الشركات
3025,منصة النخيل بالبلوك تشين,الزراعة,منصة مخصص لـ النخيل يعمل بالبلوك تشين ويهدف لرفع جودة الحياة ضمن قطاع الزراعة.,النخيل
3026,منصة موحدة الجامعات بالتحليلات التنبؤية,المدن الذكية,منصة موحدة مخصص لـ الجامعات يعمل بالتحليلات التنبؤية ويهدف لتحسين تجربة المستخدم ضمن قطاع المدن الذكية.,الجامعات
3027,منصة موحدة الأسر المنتجة بالتحليلات التنبؤية,التجارة الإلكترونية,منصة موحدة مخصص لـ الأسر المنتجة يعمل بالتحليلات التنبؤية ويهدف لتحسين تجربة المستخدم ضمن قطاع التجارة الإلكترونية.,الأسر المنتجة
3028,منصة موحدة الأطفال بالبلوك تشين,التعليم,منصة موحدة مخصص لـ الأطفال يعمل بالبلوك تشين ويهدف لرفع جودة الحياة ضمن قطاع التعليم.,الأطفال
3029,تطبيق المنازل الذكية باستخدام إنترنت الأشياء,الأمن السيبراني,تطبيق مخصص لـ المنازل الذكية يعمل باستخدام إنترنت الأشياء ويهدف لرفع جودة الحياة ضمن قطاع الأمن السيبراني.,المنازل الذكية
3030,مساعد ذكي المجمعات السكنية بالنماذج اللغوية,العقارات,مساعد ذكي مخصص لـ المجمعات السكنية يعمل بالنماذج اللغوية ويهدف لتسريع الإجراءات ضمن قطاع العقارات.,المجمعات السكنية
3031,لوحة تحكم الحملات بالتحليلات التنبؤية,الحج والعمرة,لوحة تحكم مخصص لـ الحملات يعمل بالتحليلات التنبؤية ويهدف لتقليل التكاليف ضمن قطاع الحج والعمرة.,الحملات
3032,مساعد ذكي المشاعر المقدسة بالبلوك تشين,الحج والعمرة,مساعد ذكي مخصص لـ المشاعر المقدسة يعمل بالبلوك تشين ويهدف لرفع كفاءة التشغيل ضمن قطاع الحج والعمرة.,المشاعر المقدسة
3033,نظام الشركات بالنماذج اللغوية,الأمن السيبراني,نظام مخصص لـ الشركات يعمل بالنماذج اللغوية ويهدف لتعزيز الأمان ضمن قطاع الأمن السيبراني.,الشركات
3034,محرك توصيات المباني الحكومية بالنماذج اللغوية,الطاقة,محرك توصيات مخصص لـ المباني الحكومية يعمل بالنماذج اللغوية ويهدف لتعزيز الأمان ضمن قطاع الطاقة.,المباني الحكومية
3035,محرك توصيات المستثمرين بالواقع الافتراضي,المالية,محرك توصيات مخصص لـ المستثمرين يعمل بالواقع الافتراضي ويهدف لتقليل الهدر ضمن قطاع المالية.,المستثمرين
3036,خدمة ذكية المنازل الذكية بالنماذج اللغوية,الأمن السيبراني,خدمة ذكية مخصص لـ المنازل الذكية يعمل بالنماذج اللغوية ويهدف لرفع جودة الحياة ضمن قطاع الأمن السيبراني.,المنازل الذكية
3037,منصة الطلاب بالحوسبة السحابية,العقارات,منصة مخصص لـ الطلاب يعمل بالحوسبة السحابية ويهدف لتقليل الهدر ضمن قطاع العقارات.,الطلاب
3038,نظام مراقبة المدارس بالحوسبة السحابية,التعليم,نظام مراقبة مخصص لـ المدارس يعمل بالحوسبة السحابية ويهدف لتعزيز الأمان ضمن قطاع التعليم.,المدارس
3039,خدمة ذكية البنوك بالبلوك تشين,الأمن السيبراني,خدمة ذكية مخصص لـ البنوك يعمل بالبلوك تشين ويهدف لرفع كفاءة التشغيل ضمن قطاع الأمن السيبراني.,البنوك
3040,منصة المدارس بتحليل البيانات,التعليم,منصة مخصص لـ المدارس يعمل بتحليل البيانات ويهدف لتعزيز الأمان ضمن قطاع التعليم.,المدارس
3041,محرك توصيات الأسر المنتجة بالبلوك تشين,التجارة الإلكترونية,محرك توصيات مخصص لـ الأسر المنتجة يعمل بالبلوك تشين ويهدف لتسهيل الوصول للخدمات ضمن قطاع التجارة الإلكترونية.,الأسر المنتجة
3042,تطبيق النخيل بالذكاء الاصطناعي,الزراعة,تطبيق مخصص لـ النخيل يعمل بالذكاء الاصطناعي ويهدف لتقليل التكاليف ضمن قطاع الزراعة.,النخيل
3043,نظام مراقبة الأطفال بالروبوتات الذكية,الصحة,نظام مراقبة مخصص لـ الأطفال يعمل بالروبوتات الذكية ويهدف لتحسين تجربة المستخدم ضمن قطاع الصحة.,الأطفال
3044,نظام مراقبة المزارع بالنماذج اللغوية,الزراعة,نظام مراقبة مخصص لـ المزارع يعمل بالنماذج اللغوية ويهدف لرفع جودة الحياة ضمن قطاع الزراعة.,المزارع
3045,منصة موحدة الشركات بتحليل البيانات,الأمن السيبراني,منصة موحدة مخصص لـ الشركات يعمل بتحليل البيانات ويهدف لرفع كفاءة التشغيل ضمن قطاع الأمن السيبراني.,الشركات
3046,لوحة تحكم المتاجر الصغيرة بالذكاء الاصطناعي,التجارة الإلكترونية,لوحة تحكم مخصص لـ المتاجر الصغيرة يعمل بالذكاء الاصطناعي ويهدف لتحسين تجربة المستخدم ضمن قطاع التجارة الإلكترونية.,المتاجر الصغيرة
3047,تطبيق المصانع بالواقع المعزز,الطاقة,تطبيق مخصص لـ المصانع يعمل بالواقع المعزز ويهدف لتحسين تجربة المستخدم ضمن قطاع الطاقة.,المصانع
3048,تطبيق الرياضيين بالواقع المعزز,الصحة,تطبيق مخصص لـ الرياضيين يعمل بالواقع المعزز ويهدف لرفع كفاءة التشغيل ضمن قطاع الصحة.,الرياضيين
3049,منصة الحملات بالذكاء الاصطناعي,الحج والعمرة,منصة مخصص لـ الحملات يعمل بالذكاء الاصطناعي ويهدف لتعزيز الأمان ضمن قطاع الحج والعمرة.,الحملات
3050,منصة موحدة الحملات بالبلوك تشين,الحج والعمرة,منصة موحدة مخصص لـ الحملات يعمل بالبلوك تشين ويهدف لتحسين تجربة المستخدم ضمن قطاع الحج والعمرة.,الحملات
3051,تطبيق الحجاج بالذكاء الاصطناعي,الحج والعمرة,تطبيق مخصص لـ الحجاج يعمل بالذكاء الاصطناعي ويهدف لتعزيز الأمان ضمن قطاع الحج والعمرة.,الحجاج
3052,محرك توصيات المجمعات السكنية بتحليل البيانات,العقارات,محرك توصيات مخصص لـ المجمعات السكنية يعمل بتحليل البيانات ويهدف لتعزيز الأمان ضمن قطاع العقارات.,المجمعات السكنية
3053,لوحة تحكم الحملات بالذكاء الاصطناعي,الحج والعمرة,لوحة تحكم مخصص لـ الحملات يعمل بالذكاء الاصطناعي ويهدف لرفع جودة الحياة ضمن قطاع الحج والعمرة.,الحملات
3054,نظام مراقبة الطلاب بتحليل البيانات,المالية,نظام مراقبة مخصص لـ الطلاب يعمل بتحليل البيانات ويهدف لرفع جودة الحياة ضمن قطاع المالية.,الطلاب
3055,منصة موحدة المصانع بالروبوتات الذكية,الطاقة,منصة موحدة مخصص لـ المصانع يعمل بالروبوتات الذكية ويهدف لرفع كفاءة التشغيل ضمن قطاع الطاقة.,المصانع
3056,تطبيق المطاعم بالروبوتات الذكية,التجارة الإلكترونية,تطبيق مخصص لـ المطاعم يعمل بالروبوتات الذكية ويهدف لرفع كفاءة التشغيل ضمن قطاع التجارة الإلكترونية.,المطاعم
3057,نظام مراقبة الأحياء السكنية بالحوسبة السحابية,المدن الذكية,نظام مراقبة مخصص لـ الأحياء السكنية يعمل بالحوسبة السحابية ويهدف لتقليل الهدر ضمن قطاع المدن الذكية.,الأحياء السكنية
3058,تطبيق المشاعر المقدسة بالواقع المعزز,الحج والعمرة,تطبيق مخصص لـ المشاعر المقدسة يعمل بالواقع المعزز ويهدف لتقليل الهدر ضمن قطاع الحج والعمرة.,المشاعر المقدسة
3059,نظام مراقبة الحجاج باستخدام إنترنت الأشياء,الحج والعمرة,نظام مراقبة مخصص لـ الحجاج يعمل باستخدام إنترنت الأشياء ويهدف لتقليل الهدر ضمن قطاع الحج والعمرة.,الحجاج
3060,محرك توصيات ذوي الإعاقة بالواقع المعزز,التعليم,محرك توصيات مخصص لـ ذوي الإعاقة يعمل بالواقع المعزز ويهدف لرفع جودة الحياة ضمن قطاع التعليم.,ذوي الإعاقة
3061,تطبيق المنازل بالواقع المعزز,الطاقة,تطبيق مخصص لـ المنازل يعمل بالواقع المعزز ويهدف لتقليل التكاليف ضمن قطاع الطاقة.,المنازل
3062,نظام مراقبة الحملات بالواقع المعزز,الحج والعمرة,نظام مراقبة مخصص لـ الحملات يعمل بالواقع المعزز ويهدف لتحسين تجربة المستخدم ضمن قطاع الحج والعمرة.,الحملات
3063,لوحة تحكم المستثمرين باستخدام إنترنت الأشياء,المالية,لوحة تحكم مخصص لـ المستثمرين يعمل باستخدام إنترنت الأشياء ويهدف لتسريع الإجراءات ضمن قطاع المالية.,المستثمرين
3064,تطبيق المطاعم بالحوسبة السحابية,التجارة الإلكترونية,تطبيق مخصص لـ المطاعم يعمل بالحوسبة السحابية ويهدف لتعزيز الأمان ضمن قطاع التجارة الإلكترونية.,المطاعم
3065,تطبيق المستشفيات بالروبوتات الذكية,الأمن السيبراني,تطبيق مخصص لـ المستشفيات يعمل بالروبوتات الذكية ويهدف لتسريع الإجراءات ضمن قطاع الأمن السيبراني.,المستشفيات
3066,مساعد ذكي الأحياء بالواقع الافتراضي,العقارات,مساعد ذكي مخصص لـ الأحياء يعمل بالواقع الافتراضي ويهدف لتسريع الإجراءات ضمن قطاع العقارات.,الأحياء
3067,حل رقمي المستشفيات بالروبوتات الذكية,الأمن السيبراني,حل رقمي مخصص لـ المستشفيات يعمل بالروبوتات الذكية ويهدف لرفع كفاءة التشغيل ضمن قطاع الأمن السيبراني.,المستشفيات
3068,نظام جدة باستخدام إنترنت الأشياء,المدن الذكية,نظام مخصص لـ جدة يعمل باستخدام إنترنت الأشياء ويهدف لتحسين تجربة المستخدم ضمن قطاع المدن الذكية.,جدة
3069,منصة المستشفيات بالواقع الافتراضي,الصحة,منصة مخصص لـ المستشفيات يعمل بالواقع الافتراضي ويهدف لرفع كفاءة التشغيل ضمن قطاع الصحة.,المستشفيات
3070,محرك توصيات النخيل بالواقع الافتراضي,الزراعة,محرك توصيات مخصص لـ النخيل يعمل بالواقع الافتراضي ويهدف لتعزيز الأمان ضمن قطاع الزراعة.,النخيل
3071,تطبيق المجمعات السكنية بالواقع المعزز,العقارات,تطبيق مخصص لـ المجمعات السكنية يعمل بالواقع المعزز ويهدف لدعم رؤية 2030 ضمن قطاع العقارات.,المجمعات السكنية
3072,منصة المدارس بالنماذج اللغوية,التعليم,منصة مخصص لـ المدارس يعمل بالنماذج اللغوية ويهدف لتقليل الهدر ضمن قطاع التعليم.,المدارس
3073,نظام الرياضيين بالبلوك تشين,الصحة,نظام مخصص لـ الرياضيين يعمل بالبلوك تشين ويهدف لتسهيل الوصول للخدمات ضمن قطاع الصحة.,الرياضيين
3074,حل رقمي الجهات الحكومية بالبلوك تشين,الأمن السيبراني,حل رقمي مخصص لـ الجهات الحكومية يعمل بالبلوك تشين ويهدف لتسهيل الوصول للخدمات ضمن قطاع الأمن السيبراني.,الجهات الحكومية
3075,منصة الأسر المنتجة بالتحليلات التنبؤية,التجارة الإلكترونية,منصة مخصص لـ الأسر المنتجة يعمل بالتحليلات التنبؤية ويهدف لتعزيز الأمان ضمن قطاع التجارة الإلكترونية.,الأسر المنتجة
3076,محرك توصيات كبار السن بالذكاء الاصطناعي,الصحة,محرك توصيات مخصص لـ كبار السن يعمل بالذكاء الاصطناعي ويهدف لتسريع الإجراءات ضمن قطاع الصحة.,كبار السن
3077,حل رقمي المتاجر الصغيرة بالواقع الافتراضي,التجارة الإلكترونية,حل رقمي مخصص لـ المتاجر الصغيرة يعمل بالواقع الافتراضي ويهدف لرفع جودة الحياة ضمن قطاع التجارة الإلكترونية.,المتاجر الصغيرة
3078,تطبيق الحملات بالذكاء الاصطناعي,الحج والعمرة,تطبيق مخصص لـ الحملات يعمل بالذكاء الاصطناعي ويهدف لتقليل الهدر ضمن قطاع الحج والعمرة.,الحملات
3079,منصة موحدة المصانع بالتحليلات التنبؤية,الطاقة,منصة موحدة مخصص لـ المصانع يعمل بالتحليلات التنبؤية ويهدف لرفع كفاءة التشغيل ضمن قطاع الطاقة.,المصانع
3080,منصة موحدة المنازل بتحليل البيانات,الطاقة,منصة موحدة مخصص لـ المنازل يعمل بتحليل البيانات ويهدف لتسهيل الوصول للخدمات ضمن قطاع الطاقة.,المنازل
3081,حل رقمي البيوت المحمية بالحوسبة السحابية,الزراعة,حل رقمي مخصص لـ البيوت المحمية يعمل بالحوسبة السحابية ويهدف لتسريع الإجراءات ضمن قطاع الزراعة.,البيوت المحمية
3082,مساعد ذكي المجمعات السكنية بالتحليلات التنبؤية,العقارات,مساعد ذكي مخصص لـ المجمعات السكنية يعمل بالتحليلات التنبؤية ويهدف لتسريع الإجراءات ضمن قطاع العقارات.,المجمعات السكنية
3083,منصة المؤجرين بالذكاء الاصطناعي,العقارات,منصة مخصص لـ المؤجرين يعمل بالذكاء الاصطناعي ويهدف لتعزيز الأمان ضمن قطاع العقارات.,المؤجرين
3084,تطبيق العمالة بتحليل البيانات,المالية,تطبيق مخصص لـ العمالة يعمل بتحليل البيانات ويهدف لتحسين تجربة المستخدم ضمن قطاع المالية.,العمالة
3085,محرك توصيات الحج بالواقع الافتراضي,المدن الذكية,محرك توصيات مخصص لـ الحج يعمل بالواقع الافتراضي ويهدف لتحسين تجربة المستخدم ضمن قطاع المدن الذكية.,الحج
3086,منصة الحجاج بالذكاء الاصطناعي,الحج والعمرة,منصة مخصص لـ الحجاج يعمل بالذكاء الاصطناعي ويهدف لتسريع الإجراءات ضمن قطاع الحج والعمرة.,الحجاج
3087,محرك توصيات المستثمرين بالبلوك تشين,المالية,محرك توصيات مخصص لـ المستثمرين يعمل بالبلوك تشين ويهدف لرفع كفاءة التشغيل ضمن قطاع المالية.,المستثمرين
3088,مساعد ذكي البيوت المحمية بالتحليلات التنبؤية,الزراعة,مساعد ذكي مخصص لـ البيوت المحمية يعمل بالتحليلات التنبؤية ويهدف لرفع كفاءة التشغيل ضمن قطاع الزراعة.,البيوت المحمية
3089,محرك توصيات الحملات بالذكاء الاصطناعي,الحج والعمرة,محرك توصيات مخصص لـ الحملات يعمل بالذكاء الاصطناعي ويهدف لرفع جودة الحياة ضمن قطاع الحج والعمرة.,الحملات
3090,مساعد ذكي الأطفال بالذكاء الاصطناعي,التعليم,مساعد ذكي مخصص لـ الأطفال يعمل بالذكاء الاصطناعي ويهدف لتقليل الهدر ضمن قطاع التعليم.,الأطفال
3091,مساعد ذكي المباني الحكومية بالبلوك تشين,الطاقة,مساعد ذكي مخصص لـ المباني الحكومية يعمل بالبلوك تشين ويهدف لتقليل التكاليف ضمن قطاع الطاقة.,المباني الحكومية
3092,خدمة ذكية المزارع بتحليل البيانات,الزراعة,خدمة ذكية مخصص لـ المزارع يعمل بتحليل البيانات ويهدف لتقليل الهدر ضمن قطاع الزراعة.,المزارع
3093,حل رقمي الرياض بالذكاء الاصطناعي,المدن الذكية,حل رقمي مخصص لـ الرياض يعمل بالذكاء الاصطناعي ويهدف لدعم رؤية 2030 ضمن قطاع المدن الذكية.,الرياض
3094,لوحة تحكم المزارع المنزلية بالحوسبة السحابية,الزراعة,لوحة تحكم مخصص لـ المزارع المنزلية يعمل بالحوسبة السحابية ويهدف لرفع جودة الحياة ضمن قطاع الزراعة.,المزارع المنزلية
3095,مساعد ذكي الأحياء السكنية بالبلوك تشين,المدن الذكية,مساعد ذكي مخصص لـ الأحياء السكنية يعمل بالبلوك تشين ويهدف لتقليل الهدر ضمن قطاع المدن الذكية.,الأحياء السكنية
3096,خدمة ذكية البنوك بالتحليلات التنبؤية,الأمن السيبراني,خدمة ذكية مخصص لـ البنوك يعمل بالتحليلات التنبؤية ويهدف لتحسين الاستدامة ضمن قطاع الأمن السيبراني.,البنوك
3097,نظام النخيل بالبلوك تشين,الزراعة,نظام مخصص لـ النخيل يعمل بالبلوك تشين ويهدف لدعم رؤية 2030 ضمن قطاع الزراعة.,النخيل
3098,نظام مراقبة المصانع بالذكاء الاصطناعي,الطاقة,نظام مراقبة مخصص لـ المصانع يعمل بالذكاء الاصطناعي ويهدف لتعزيز الأمان ضمن قطاع الطاقة.,المصانع
3099,خدمة ذكية المعلمين بالحوسبة السحابية,التعليم,خدمة ذكية مخصص لـ المعلمين يعمل بالحوسبة السحابية ويهدف لتعزيز الأمان ضمن قطاع التعليم.,المعلمين
3100,نظام المتاجر الصغيرة بالواقع المعزز,التجارة الإلكترونية,نظام مخصص لـ المتاجر الصغيرة يعمل بالواقع المعزز ويهدف لتحسين الاستدامة ضمن قطاع التجارة الإلكترونية.,المتاجر الصغيرة
3101,مساعد ذكي الأطفال بالواقع المعزز,التعليم,مساعد ذكي مخصص لـ الأطفال يعمل بالواقع المعزز ويهدف لتقليل الهدر ضمن قطاع التعليم.,الأطفال
3102,منصة المستثمرين بالحوسبة السحابية,المالية,منصة مخصص لـ المستثمرين يعمل بالحوسبة السحابية ويهدف لتسهيل الوصول للخدمات ضمن قطاع المالية.,المستثمرين
3103,نظام مراقبة المعلمين بالتحليلات التنبؤية,التعليم,نظام مراقبة مخصص لـ المعلمين يعمل بالتحليلات التنبؤية ويهدف لتعزيز الأمان ضمن قطاع التعليم.,المعلمين
3104,نظام مراقبة الأحياء بالنماذج اللغوية,العقارات,نظام مراقبة مخصص لـ الأحياء يعمل بالنماذج اللغوية ويهدف لتسريع الإجراءات ضمن قطاع العقارات.,الأحياء
3105,نظام مراقبة الأحياء باستخدام إنترنت الأشياء,العقارات,نظام مراقبة مخصص لـ الأحياء يعمل باستخدام إنترنت الأشياء ويهدف لدعم رؤية 2030 ضمن قطاع العقارات.,الأحياء
3106,خدمة ذكية البنوك بالنماذج اللغوية,الأمن السيبراني,خدمة ذكية مخصص لـ البنوك يعمل بالنماذج اللغوية ويهدف لتسهيل الوصول للخدمات ضمن قطاع الأمن السيبراني.,البنوك
3107,نظام المزارع بتحليل البيانات,الزراعة,نظام مخصص لـ المزارع يعمل بتحليل البيانات ويهدف لتقليل الهدر ضمن قطاع الزراعة.,المزارع
3108,نظام مراقبة المنازل الذكية بالواقع الافتراضي,الأمن السيبراني,نظام مراقبة مخصص لـ المنازل الذكية يعمل بالواقع الافتراضي ويهدف لرفع كفاءة التشغيل ضمن قطاع الأمن السيبراني.,المنازل الذكية
3109,خدمة ذكية المجمعات السكنية بالبلوك تشين,العقارات,خدمة ذكية مخصص لـ المجمعات السكنية يعمل بالبلوك تشين ويهدف لتسريع الإجراءات ضمن قطاع العقارات.,المجمعات السكنية
3110,لوحة تحكم الأحياء بالحوسبة السحابية,العقارات,لوحة تحكم مخصص لـ الأحياء يعمل بالحوسبة السحابية ويهدف لتسهيل الوصول للخدمات ضمن قطاع العقارات.,الأحياء
3111,حل رقمي المطاعم بالواقع المعزز,التجارة الإلكترونية,حل رقمي مخصص لـ المطاعم يعمل بالواقع المعزز ويهدف لتحسين تجربة المستخدم ضمن قطاع التجارة الإلكترونية.,المطاعم
3112,تطبيق كبار السن باستخدام إنترنت الأشياء,الصحة,تطبيق مخصص لـ كبار السن يعمل باستخدام إنترنت الأشياء ويهدف لتعزيز الأمان ضمن قطاع الصحة.,كبار السن
3113,حل رقمي المنازل الذكية بالحوسبة السحابية,الأمن السيبراني,حل رقمي مخصص لـ المنازل الذكية يعمل بالحوسبة السحابية ويهدف لرفع كفاءة التشغيل ضمن قطاع الأمن السيبراني.,المنازل الذكية
3114,خدمة ذكية المزارع المنزلية بالروبوتات الذكية,الزراعة,خدمة ذكية مخصص لـ المزارع المنزلية يعمل بالروبوتات الذكية ويهدف لتحسين تجربة المستخدم ضمن قطاع الزراعة.,المزارع المنزلية
3115,تطبيق المعلمين بالواقع المعزز,التعليم,تطبيق مخصص لـ المعلمين يعمل بالواقع المعزز ويهدف لرفع جودة الحياة ضمن قطاع التعليم.,المعلمين
3116,منصة موحدة الأسر باستخدام إنترنت الأشياء,المالية,منصة موحدة مخصص لـ الأسر يعمل باستخدام إنترنت الأشياء ويهدف لتسريع الإجراءات ضمن قطاع المالية.,الأسر
3117,تطبيق المجمعات السكنية بالحوسبة السحابية,العقارات,تطبيق مخصص لـ المجمعات السكنية يعمل بالحوسبة السحابية ويهدف لتعزيز الأمان ضمن قطاع العقارات.,المجمعات السكنية
3118,منصة موحدة الرياض بالواقع المعزز,المدن الذكية,منصة موحدة مخصص لـ الرياض يعمل بالواقع المعزز ويهدف لتسريع الإجراءات ضمن قطاع المدن الذكية.,الرياض
3119,منصة جدة بالبلوك تشين,المدن الذكية,منصة مخصص لـ جدة يعمل بالبلوك تشين ويهدف لتقليل الهدر ضمن قطاع المدن الذكية.,جدة
3120,خدمة ذكية كبار السن بالروبوتات الذكية,الصحة,خدمة ذكية مخصص لـ كبار السن يعمل بالروبوتات الذكية ويهدف لتسهيل الوصول للخدمات ضمن قطاع الصحة.,كبار السن
3121,نظام الحجاج بالنماذج اللغوية,الصحة,نظام مخصص لـ الحجاج يعمل بالنماذج اللغوية ويهدف لرفع كفاءة التشغيل ضمن قطاع الصحة.,الحجاج
3122,نظام مراقبة الجامعات بالذكاء الاصطناعي,التعليم,نظام مراقبة مخصص لـ الجامعات يعمل بالذكاء الاصطناعي ويهدف لدعم رؤية 2030 ضمن قطاع التعليم.,الجامعات
3123,لوحة تحكم المزارع المنزلية بالروبوتات الذكية,الزراعة,لوحة تحكم مخصص لـ المزارع المنزلية يعمل بالروبوتات الذكية ويهدف لتعزيز الأمان ضمن قطاع الزراعة.,المزارع المنزلية
3124,حل رقمي المنازل بالذكاء الاصطناعي,الطاقة,حل رقمي مخصص لـ المنازل يعمل بالذكاء الاصطناعي ويهدف لرفع كفاءة التشغيل ضمن قطاع الطاقة.,المنازل
3125,لوحة تحكم الشركات بالواقع الافتراضي,الأمن السيبراني,لوحة تحكم مخصص لـ الشركات يعمل بالواقع الافتراضي ويهدف لتقليل الهدر ضمن قطاع الأمن السيبراني.,الشركات
3126,منصة موحدة الرياض بالواقع الافتراضي,المدن الذكية,منصة موحدة مخصص لـ الرياض يعمل بالواقع الافتراضي ويهدف لتقليل الهدر ضمن قطاع المدن الذكية.,الرياض
3127,نظام مراقبة المجمعات السكنية بالذكاء الاصطناعي,العقارات,نظام مراقبة مخصص لـ المجمعات السكنية يعمل بالذكاء الاصطناعي ويهدف لرفع كفاءة التشغيل ضمن قطاع العقارات.,المجمعات السكنية
3128,منصة المعلمين بالنماذج اللغوية,التعليم,منصة مخصص لـ المعلمين يعمل بالنماذج اللغوية ويهدف لرفع جودة الحياة ضمن قطاع التعليم.,المعلمين
3129,نظام مراقبة المولات بتحليل البيانات,المدن الذكية,نظام مراقبة مخصص لـ المولات يعمل بتحليل البيانات ويهدف لتحسين الاستدامة ضمن قطاع المدن الذكية.,المولات
3130,محرك توصيات المطاعم باستخدام إنترنت الأشياء,التجارة الإلكترونية,محرك توصيات مخصص لـ المطاعم يعمل باستخدام إنترنت الأشياء ويهدف لدعم رؤية 2030 ضمن قطاع التجارة الإلكترونية.,المطاعم
3131,منصة الشركات الصغيرة بالبلوك تشين,المالية,منصة مخصص لـ الشركات الصغيرة يعمل بالبلوك تشين ويهدف لتعزيز الأمان ضمن قطاع المالية.,الشركات الصغيرة
3132,تطبيق الأسر بالحوسبة السحابية,المالية,تطبيق مخصص لـ الأسر يعمل بالحوسبة السحابية ويهدف لرفع كفاءة التشغيل ضمن قطاع المالية.,الأسر
3133,منصة موحدة جدة بالنماذج اللغوية,المدن الذكية,منصة موحدة مخصص لـ جدة يعمل بالنماذج اللغوية ويهدف لتقليل الهدر ضمن قطاع المدن الذكية.,جدة
3134,منصة السيارات الكهربائية بتحليل البيانات,الطاقة,منصة مخصص لـ السيارات الكهربائية يعمل بتحليل البيانات ويهدف لتقليل الهدر ضمن قطاع الطاقة.,السيارات الكهربائية
3135,لوحة تحكم المباني الحكومية بالذكاء الاصطناعي,الطاقة,لوحة تحكم مخصص لـ المباني الحكومية يعمل بالذكاء الاصطناعي ويهدف لرفع كفاءة التشغيل ضمن قطاع الطاقة.,المباني الحكومية
3136,خدمة ذكية المباني الحكومية بالتحليلات التنبؤية,الطاقة,خدمة ذكية مخصص لـ المباني الحكومية يعمل بالتحليلات التنبؤية ويهدف لتحسين تجربة المستخدم ضمن قطاع الطاقة.,المباني الحكومية
3137,منصة المتاجر الصغيرة بتحليل البيانات,التجارة الإلكترونية,منصة مخصص لـ المتاجر الصغيرة يعمل بتحليل البيانات ويهدف لدعم رؤية 2030 ضمن قطاع التجارة الإلكترونية.,المتاجر الصغيرة
3138,مساعد ذكي المستثمرين بالحوسبة السحابية,المالية,مساعد ذكي مخصص لـ المستثمرين يعمل بالحوسبة السحابية ويهدف لتحسين تجربة المستخدم ضمن قطاع المالية.,المستثمرين
3139,منصة موحدة كبار السن بالروبوتات الذكية,الصحة,منصة موحدة مخصص لـ كبار السن يعمل بالروبوتات الذكية ويهدف لتقليل التكاليف ضمن قطاع الصحة.,كبار السن
3140,تطبيق الحملات باستخدام إنترنت الأشياء,الحج والعمرة,تطبيق مخصص لـ الحملات يعمل باستخدام إنترنت الأشياء ويهدف لتسهيل الوصول للخدمات ضمن قطاع الحج والعمرة.,الحملات
3141,مساعد ذكي المزارع بالتحليلات التنبؤية,الزراعة,مساعد ذكي مخصص لـ المزارع يعمل بالتحليلات التنبؤية ويهدف لتسريع الإجراءات ضمن قطاع الزراعة.,المزارع
3142,نظام المعتمرين بالبلوك تشين,الحج والعمرة,نظام مخصص لـ المعتمرين يعمل بالبلوك تشين ويهدف لدعم رؤية 2030 ضمن قطاع الحج والعمرة.,المعتمرين
3143,حل رقمي الجهات الحكومية بالروبوتات الذكية,الأمن السيبراني,حل رقمي مخصص لـ الجهات الحكومية يعمل بالروبوتات الذكية ويهدف لرفع جودة الحياة ضمن قطاع الأمن السيبراني.,الجهات الحكومية
3144,خدمة ذكية ذوي الإعاقة بالتحليلات التنبؤية,التعليم,خدمة ذكية مخصص لـ ذوي الإعاقة يعمل بالتحليلات التنبؤية ويهدف لتسهيل الوصول للخدمات ضمن قطاع التعليم.,ذوي الإعاقة
3145,تطبيق المنازل بالحوسبة السحابية,الطاقة,تطبيق مخصص لـ المنازل يعمل بالحوسبة السحابية ويهدف لدعم رؤية 2030 ضمن قطاع الطاقة.,المنازل
3146,محرك توصيات الحملات بالحوسبة السحابية,الحج والعمرة,محرك توصيات مخصص لـ الحملات يعمل بالحوسبة السحابية ويهدف لتسريع الإجراءات ضمن قطاع الحج والعمرة.,الحملات
3147,منصة الطلاب بالتحليلات التنبؤية,المالية,منصة مخصص لـ الطلاب يعمل بالتحليلات التنبؤية ويهدف لتسريع الإجراءات ضمن قطاع المالية.,الطلاب
3148,نظام مراقبة البيوت المحمية باستخدام إنترنت الأشياء,الزراعة,نظام مراقبة مخصص لـ البيوت المحمية يعمل باستخدام إنترنت الأشياء ويهدف لرفع جودة الحياة ضمن قطاع الزراعة.,البيوت المحمية
3149,حل رقمي المنازل بتحليل البيانات,الطاقة,حل رقمي مخصص لـ المنازل يعمل بتحليل البيانات ويهدف لرفع كفاءة التشغيل ضمن قطاع الطاقة.,المنازل
3150,منصة موحدة الحملات باستخدام إنترنت الأشياء,الحج والعمرة,منصة موحدة مخصص لـ الحملات يعمل باستخدام إنترنت الأشياء ويهدف لتسهيل الوصول للخدمات ضمن قطاع الحج والعمرة.,الحملات
3151,تطبيق المزارع المنزلية بالروبوتات الذكية,الزراعة,تطبيق مخصص لـ المزارع المنزلية يعمل بالروبوتات الذكية ويهدف لدعم رؤية 2030 ضمن قطاع الزراعة.,المزارع المنزلية
3152,نظام البيوت المحمية باستخدام إنترنت الأشياء,الزراعة,نظام مخصص لـ البيوت المحمية يعمل باستخدام إنترنت الأشياء ويهدف لتسهيل الوصول للخدمات ضمن قطاع الزراعة.,البيوت المحمية
3153,لوحة تحكم الرياض بالحوسبة السحابية,المدن الذكية,لوحة تحكم مخصص لـ الرياض يعمل بالحوسبة السحابية ويهدف لتسهيل الوصول للخدمات ضمن قطاع المدن الذكية.,الرياض
3154,مساعد ذكي الأسر بالتحليلات التنبؤية,المالية,مساعد ذكي مخصص لـ الأسر يعمل بالتحليلات التنبؤية ويهدف لتحسين تجربة المستخدم ضمن قطاع المالية.,الأسر
3155,لوحة تحكم المعتمرين بالنماذج اللغوية,الحج والعمرة,لوحة تحكم مخصص لـ المعتمرين يعمل بالنماذج اللغوية ويهدف لتحسين الاستدامة ضمن قطاع الحج والعمرة.,المعتمرين
3156,منصة المدارس باستخدام إنترنت الأشياء,التعليم,منصة مخصص لـ المدارس يعمل باستخدام إنترنت الأشياء ويهدف لتسهيل الوصول للخدمات ضمن قطاع التعليم.,المدارس
3157,خدمة ذكية البيوت المحمية بالبلوك تشين,الزراعة,خدمة ذكية مخصص لـ البيوت المحمية يعمل بالبلوك تشين ويهدف لتسهيل الوصول للخدمات ضمن قطاع الزراعة.,البيوت المحمية
3158,منصة الرياضيين بالنماذج اللغوية,الصحة,منصة مخصص لـ الرياضيين يعمل بالنماذج اللغوية ويهدف لرفع جودة الحياة ضمن قطاع الصحة.,الرياضيين
3159,نظام المعلمين بالحوسبة السحابية,التعليم,نظام مخصص لـ المعلمين يعمل بالحوسبة السحابية ويهدف لرفع كفاءة التشغيل ضمن قطاع التعليم.,المعلمين
3160,نظام مراقبة المؤجرين بالنماذج اللغوية,العقارات,نظام مراقبة مخصص لـ المؤجرين يعمل بالنماذج اللغوية ويهدف لرفع كفاءة التشغيل ضمن قطاع العقارات.,المؤجرين
3161,خدمة ذكية المقاهي بالذكاء الاصطناعي,التجارة الإلكترونية,خدمة ذكية مخصص لـ المقاهي يعمل بالذكاء الاصطناعي ويهدف لتقليل الهدر ضمن قطاع التجارة الإلكترونية.,المقاهي
3162,نظام مراقبة الأسر المنتجة بتحليل البيانات,التجارة الإلكترونية,نظام مراقبة مخصص لـ الأسر المنتجة يعمل بتحليل البيانات ويهدف لتحسين الاستدامة ضمن قطاع التجارة الإلكترونية.,الأسر المنتجة
3163,خدمة ذكية المزارع المنزلية بالذكاء الاصطناعي,الزراعة,خدمة ذكية مخصص لـ المزارع المنزلية يعمل بالذكاء الاصطناعي ويهدف لرفع جودة الحياة ضمن قطاع الزراعة.,المزارع المنزلية
3164,نظام الرياضيين بالواقع المعزز,الصحة,نظام مخصص لـ الرياضيين يعمل بالواقع المعزز ويهدف لدعم رؤية 2030 ضمن قطاع الصحة.,الرياضيين
3165,منصة الأطفال بالروبوتات الذكية,الصحة,منصة مخصص لـ الأطفال يعمل بالروبوتات الذكية ويهدف لتقليل التكاليف ضمن قطاع الصحة.,الأطفال
3166,محرك توصيات الحجاج بالتحليلات التنبؤية,الحج والعمرة,محرك توصيات مخصص لـ الحجاج يعمل بالتحليلات التنبؤية ويهدف لتحسين تجربة المستخدم ضمن قطاع الحج والعمرة.,الحجاج
3167,منصة موحدة المؤجرين بالنماذج اللغوية,العقارات,منصة موحدة مخصص لـ المؤجرين يعمل بالنماذج اللغوية ويهدف لتعزيز الأمان ضمن قطاع العقارات.,المؤجرين
3168,نظام الأسر المنتجة باستخدام إنترنت الأشياء,التجارة الإلكترونية,نظام مخصص لـ الأسر المنتجة يعمل باستخدام إنترنت الأشياء ويهدف لتقليل الهدر ضمن قطاع التجارة الإلكترونية.,الأسر المنتجة
3169,تطبيق المستشفيات بالنماذج اللغوية,الصحة,تطبيق مخصص لـ المستشفيات يعمل بالنماذج اللغوية ويهدف لتحسين الاستدامة ضمن قطاع الصحة.,المستشفيات
3170,مساعد ذكي الأحياء السكنية بالواقع المعزز,المدن الذكية,مساعد ذكي مخصص لـ الأحياء السكنية يعمل بالواقع المعزز ويهدف لدعم رؤية 2030 ضمن قطاع المدن الذكية.,الأحياء السكنية
3171,نظام الجامعات بتحليل البيانات,التعليم,نظام مخصص لـ الجامعات يعمل بتحليل البيانات ويهدف لتحسين الاستدامة ضمن قطاع التعليم.,الجامعات
3172,محرك توصيات ذوي الإعاقة بالحوسبة السحابية,التعليم,محرك توصيات مخصص لـ ذوي الإعاقة يعمل بالحوسبة السحابية ويهدف لدعم رؤية 2030 ضمن قطاع التعليم.,ذوي الإعاقة
3173,لوحة تحكم العمالة بالتحليلات التنبؤية,المالية,لوحة تحكم مخصص لـ العمالة يعمل بالتحليلات التنبؤية ويهدف لتقليل التكاليف ضمن قطاع المالية.,العمالة
3174,نظام مراقبة المشاعر المقدسة بالبلوك تشين,الحج والعمرة,نظام مراقبة مخصص لـ المشاعر المقدسة يعمل بالبلوك تشين ويهدف لتعزيز الأمان ضمن قطاع الحج والعمرة.,المشاعر المقدسة
3175,لوحة تحكم السيارات الكهربائية بالروبوتات الذكية,الطاقة,لوحة تحكم مخصص لـ السيارات الكهربائية يعمل بالروبوتات الذكية ويهدف لرفع جودة الحياة ضمن قطاع الطاقة.,السيارات الكهربائية
3176,منصة البيوت المحمية بالواقع المعزز,الزراعة,منصة مخصص لـ البيوت المحمية يعمل بالواقع المعزز ويهدف لتسهيل الوصول للخدمات ضمن قطاع الزراعة.,البيوت المحمية
3177,تطبيق الشركات بالبلوك تشين,الأمن السيبراني,تطبيق مخصص لـ الشركات يعمل بالبلوك تشين ويهدف لتسهيل الوصول للخدمات ضمن قطاع الأمن السيبراني.,الشركات
3178,منصة الجامعات بالذكاء الاصطناعي,التعليم,منصة مخصص لـ الجامعات يعمل بالذكاء الاصطناعي ويهدف لتحسين الاستدامة ضمن قطاع التعليم.,الجامعات
3179,نظام مراقبة ذوي الإعاقة بالتحليلات التنبؤية,التعليم,نظام مراقبة مخصص لـ ذوي الإعاقة يعمل بالتحليلات التنبؤية ويهدف لتحسين الاستدامة ضمن قطاع التعليم.,ذوي الإعاقة
3180,نظام الرياضيين بالواقع الافتراضي,الصحة,نظام مخصص لـ الرياضيين يعمل بالواقع الافتراضي ويهدف لتحسين تجربة المستخدم ضمن قطاع الصحة.,الرياضيين
3181,حل رقمي الجهات الحكومية بالحوسبة السحابية,الأمن السيبراني,حل رقمي مخصص لـ الجهات الحكومية يعمل بالحوسبة السحابية ويهدف لتحسين تجربة المستخدم ضمن قطاع الأمن السيبراني.,الجهات الحكومية
3182,تطبيق الحملات بالتحليلات التنبؤية,الحج والعمرة,تطبيق مخصص لـ الحملات يعمل بالتحليلات التنبؤية ويهدف لتقليل التكاليف ضمن قطاع الحج والعمرة.,الحملات
3183,منصة موحدة المؤجرين باستخدام إنترنت الأشياء,العقارات,منصة موحدة مخصص لـ المؤجرين يعمل باستخدام إنترنت الأشياء ويهدف لدعم رؤية 2030 ضمن قطاع العقارات.,المؤجرين
3184,تطبيق الأسر المنتجة بالتحليلات التنبؤية,التجارة الإلكترونية,تطبيق مخصص لـ الأسر المنتجة يعمل بالتحليلات التنبؤية ويهدف لتعزيز الأمان ضمن قطاع التجارة الإلكترونية.,الأسر المنتجة
3185,نظام الشركات الصغيرة بالذكاء الاصطناعي,المالية,نظام مخصص لـ الشركات الصغيرة يعمل بالذكاء الاصطناعي ويهدف لتقليل التكاليف ضمن قطاع المالية.,الشركات الصغيرة
3186,محرك توصيات المعلمين بالذكاء الاصطناعي,التعليم,محرك توصيات مخصص لـ المعلمين يعمل بالذكاء الاصطناعي ويهدف لتحسين الاستدامة ضمن قطاع التعليم.,المعلمين
3187,منصة موحدة الحج بالتحليلات التنبؤية,المدن الذكية,منصة موحدة مخصص لـ الحج يعمل بالتحليلات التنبؤية ويهدف لتحسين الاستدامة ضمن قطاع المدن الذكية.,الحج
3188,منصة موحدة الأحياء السكنية بالتحليلات التنبؤية,المدن الذكية,منصة موحدة مخصص لـ الأحياء السكنية يعمل بالتحليلات التنبؤية ويهدف لرفع جودة الحياة ضمن قطاع المدن الذكية.,الأحياء السكنية
3189,محرك توصيات المنازل بالحوسبة السحابية,الطاقة,محرك توصيات مخصص لـ المنازل يعمل بالحوسبة السحابية ويهدف لتحسين الاستدامة ضمن قطاع الطاقة.,المنازل
3190,حل رقمي المقاهي بالواقع الافتراضي,التجارة الإلكترونية,حل رقمي مخصص لـ المقاهي يعمل بالواقع الافتراضي ويهدف لتحسين تجربة المستخدم ضمن قطاع التجارة الإلكترونية.,المقاهي
3191,منصة موحدة البيوت المحمية بالتحليلات التنبؤية,الزراعة,منصة موحدة مخصص لـ البيوت المحمية يعمل بالتحليلات التنبؤية ويهدف لتعزيز الأمان ضمن قطاع الزراعة.,البيوت المحمية
3192,منصة المزارع المنزلية بالواقع الافتراضي,الزراعة,منصة مخصص لـ المزارع المنزلية يعمل بالواقع الافتراضي ويهدف لدعم رؤية 2030 ضمن قطاع الزراعة.,المزارع المنزلية
3193,منصة المؤجرين بالحوسبة السحابية,العقارات,منصة مخصص لـ المؤجرين يعمل بالحوسبة السحابية ويهدف لتقليل الهدر ضمن قطاع العقارات.,المؤجرين
3194,تطبيق السيارات الكهربائية بالروبوتات الذكية,الطاقة,تطبيق مخصص لـ السيارات الكهربائية يعمل بالروبوتات الذكية ويهدف لتقليل الهدر ضمن قطاع الطاقة.,السيارات الكهربائية
3195,منصة موحدة الحج بالنماذج اللغوية,المدن الذكية,منصة موحدة مخصص لـ الحج يعمل بالنماذج اللغوية ويهدف لدعم رؤية 2030 ضمن قطاع المدن الذكية.,الحج
3196,تطبيق المتاجر الصغيرة بالذكاء الاصطناعي,التجارة الإلكترونية,تطبيق مخصص لـ المتاجر الصغيرة يعمل بالذكاء الاصطناعي ويهدف لرفع كفاءة التشغيل ضمن قطاع التجارة الإلكترونية.,المتاجر الصغيرة
3197,منصة موحدة العيادات بالتحليلات التنبؤية,الصحة,منصة موحدة مخصص لـ العيادات يعمل بالتحليلات التنبؤية ويهدف لتقليل التكاليف ضمن قطاع الصحة.,العيادات
3198,محرك توصيات المؤجرين بالتحليلات التنبؤية,العقارات,محرك توصيات مخصص لـ المؤجرين يعمل بالتحليلات التنبؤية ويهدف لتسهيل الوصول للخدمات ضمن قطاع العقارات.,المؤجرين
3199,نظام مراقبة المعتمرين بالروبوتات الذكية,الحج والعمرة,نظام مراقبة مخصص لـ المعتمرين يعمل بالروبوتات الذكية ويهدف لتحسين الاستدامة ضمن قطاع الحج والعمرة.,المعتمرين
3200,محرك توصيات المولات بالواقع الافتراضي,المدن الذكية,محرك توصيات مخصص لـ المولات يعمل بالواقع الافتراضي ويهدف لرفع كفاءة التشغيل ضمن قطاع المدن الذكية.,المولات
3201,حل رقمي المشاعر المقدسة بالواقع المعزز,الحج والعمرة,حل رقمي مخصص لـ المشاعر المقدسة يعمل بالواقع المعزز ويهدف لتعزيز الأمان ضمن قطاع الحج والعمرة.,المشاعر المقدسة
3202,تطبيق الأحياء بالنماذج اللغوية,العقارات,تطبيق مخصص لـ الأحياء يعمل بالنماذج اللغوية ويهدف لتقليل الهدر ضمن قطاع العقارات.,الأحياء
3203,تطبيق العيادات بتحليل البيانات,الصحة,تطبيق مخصص لـ العيادات يعمل بتحليل البيانات ويهدف لرفع جودة الحياة ضمن قطاع الصحة.,العيادات
3204,لوحة تحكم البنوك بالواقع المعزز,الأمن السيبراني,لوحة تحكم مخصص لـ البنوك يعمل بالواقع المعزز ويهدف لدعم رؤية 2030 ضمن قطاع الأمن السيبراني.,البنوك
3205,خدمة ذكية المعلمين بالواقع الافتراضي,التعليم,خدمة ذكية مخصص لـ المعلمين يعمل بالواقع الافتراضي ويهدف لتسريع الإجراءات ضمن قطاع التعليم.,المعلمين
3206,حل رقمي السيارات الكهربائية بالواقع المعزز,الطاقة,حل رقمي مخصص لـ السيارات الكهربائية يعمل بالواقع المعزز ويهدف لتقليل الهدر ضمن قطاع الطاقة.,السيارات الكهربائية
3207,نظام مراقبة العمالة بالحوسبة السحابية,المالية,نظام مراقبة مخصص لـ العمالة يعمل بالحوسبة السحابية ويهدف لتسريع الإجراءات ضمن قطاع المالية.,العمالة
3208,منصة المستشفيات بتحليل البيانات,الصحة,منصة مخصص لـ المستشفيات يعمل بتحليل البيانات ويهدف لتسريع الإجراءات ضمن قطاع الصحة.,المستشفيات
3209,منصة الأسر بالواقع الافتراضي,المالية,منصة مخصص لـ الأسر يعمل بالواقع الافتراضي ويهدف لتحسين الاستدامة ضمن قطاع المالية.,الأسر
3210,منصة موحدة الأحياء بالواقع الافتراضي,العقارات,منصة موحدة مخصص لـ الأحياء يعمل بالواقع الافتراضي ويهدف لتعزيز الأمان ضمن قطاع العقارات.,الأحياء
3211,خدمة ذكية البنوك بالواقع الافتراضي,الأمن السيبراني,خدمة ذكية مخصص لـ البنوك يعمل بالواقع الافتراضي ويهدف لتقليل التكاليف ضمن قطاع الأمن السيبراني.,البنوك
3212,مساعد ذكي السيارات الكهربائية بالواقع الافتراضي,الطاقة,مساعد ذكي مخصص لـ السيارات الكهربائية يعمل بالواقع الافتراضي ويهدف لتحسين الاستدامة ضمن قطاع الطاقة.,السيارات الكهربائية
3213,لوحة تحكم الجهات الحكومية بالواقع الافتراضي,الأمن السيبراني,لوحة تحكم مخصص لـ الجهات الحكومية يعمل بالواقع الافتراضي ويهدف لتحسين الاستدامة ضمن قطاع الأمن السيبراني.,الجهات الحكومية
3214,خدمة ذكية السيارات الكهربائية بالتحليلات التنبؤية,الطاقة,خدمة ذكية مخصص لـ السيارات الكهربائية يعمل بالتحليلات التنبؤية ويهدف لتعزيز الأمان ضمن قطاع الطاقة.,السيارات الكهربائية
3215,محرك توصيات العمالة باستخدام إنترنت الأشياء,المالية,محرك توصيات مخصص لـ العمالة يعمل باستخدام إنترنت الأشياء ويهدف لدعم رؤية 2030 ضمن قطاع المالية.,العمالة
3216,نظام المباني الحكومية بتحليل البيانات,الطاقة,نظام مخصص لـ المباني الحكومية يعمل بتحليل البيانات ويهدف لرفع كفاءة التشغيل ضمن قطاع الطاقة.,المباني الحكومية
3217,نظام مراقبة الشركات الصغيرة بالتحليلات التنبؤية,المالية,نظام مراقبة مخصص لـ الشركات الصغيرة يعمل بالتحليلات التنبؤية ويهدف لتعزيز الأمان ضمن قطاع المالية.,الشركات الصغيرة
3218,منصة المباني الحكومية بتحليل البيانات,الطاقة,منصة مخصص لـ المباني الحكومية يعمل بتحليل البيانات ويهدف لتقليل الهدر ضمن قطاع الطاقة.,المباني الحكومية
3219,منصة الحجاج بالبلوك تشين,الصحة,منصة مخصص لـ الحجاج يعمل بالبلوك تشين ويهدف لتقليل الهدر ضمن قطاع الصحة.,الحجاج
3220,خدمة ذكية المدارس بالذكاء الاصطناعي,التعليم,خدمة ذكية مخصص لـ المدارس يعمل بالذكاء الاصطناعي ويهدف لدعم رؤية 2030 ضمن قطاع التعليم.,المدارس
3221,حل رقمي المطاعم بالواقع الافتراضي,التجارة الإلكترونية,حل رقمي مخصص لـ المطاعم يعمل بالواقع الافتراضي ويهدف لتسريع الإجراءات ضمن قطاع التجارة الإلكترونية.,المطاعم
3222,منصة موحدة الحملات بالتحليلات التنبؤية,الحج والعمرة,منصة موحدة مخصص لـ الحملات يعمل بالتحليلات التنبؤية ويهدف لرفع كفاءة التشغيل ضمن قطاع الحج والعمرة.,الحملات
3223,لوحة تحكم ذوي الإعاقة بالواقع المعزز,التعليم,لوحة تحكم مخصص لـ ذوي الإعاقة يعمل بالواقع المعزز ويهدف لرفع كفاءة التشغيل ضمن قطاع التعليم.,ذوي الإعاقة
3224,خدمة ذكية الأطفال بالروبوتات الذكية,الصحة,خدمة ذكية مخصص لـ الأطفال يعمل بالروبوتات الذكية ويهدف لرفع كفاءة التشغيل ضمن قطاع الصحة.,الأطفال
3225,منصة موحدة البيوت المحمية بالبلوك تشين,الزراعة,منصة موحدة مخصص لـ البيوت المحمية يعمل بالبلوك تشين ويهدف لرفع جودة الحياة ضمن قطاع الزراعة.,البيوت المحمية
3226,مساعد ذكي المستشفيات باستخدام إنترنت الأشياء,الأمن السيبراني,مساعد ذكي مخصص لـ المستشفيات يعمل باستخدام إنترنت الأشياء ويهدف لرفع كفاءة التشغيل ضمن قطاع الأمن السيبراني.,المستشفيات
3227,خدمة ذكية المؤجرين بالنماذج اللغوية,العقارات,خدمة ذكية مخصص لـ المؤجرين يعمل بالنماذج اللغوية ويهدف لتحسين الاستدامة ضمن قطاع العقارات.,المؤجرين
3228,حل رقمي البيوت المحمية بتحليل البيانات,الزراعة,حل رقمي مخصص لـ البيوت المحمية يعمل بتحليل البيانات ويهدف لرفع جودة الحياة ضمن قطاع الزراعة.,البيوت المحمية
3229,خدمة ذكية الرياض بالواقع المعزز,المدن الذكية,خدمة ذكية مخصص لـ الرياض يعمل بالواقع المعزز ويهدف لتحسين الاستدامة ضمن قطاع المدن الذكية.,الرياض
3230,مساعد ذكي المزارع بالروبوتات الذكية,الزراعة,مساعد ذكي مخصص لـ المزارع يعمل بالروبوتات الذكية ويهدف لتقليل الهدر ضمن قطاع الزراعة.,المزارع
3231,حل رقمي المزارع بالذكاء الاصطناعي,الزراعة,حل رقمي مخصص لـ المزارع يعمل بالذكاء الاصطناعي ويهدف لتقليل التكاليف ضمن قطاع الزراعة.,المزارع
3232,نظام مراقبة المباني الحكومية بالذكاء الاصطناعي,الطاقة,نظام مراقبة مخصص لـ المباني الحكومية يعمل بالذكاء الاصطناعي ويهدف لتسهيل الوصول للخدمات ضمن قطاع الطاقة.,المباني الحكومية
3233,نظام مراقبة السيارات الكهربائية بتحليل البيانات,الطاقة,نظام مراقبة مخصص لـ السيارات الكهربائية يعمل بتحليل البيانات ويهدف لدعم رؤية 2030 ضمن قطاع الطاقة.,السيارات الكهربائية
3234,خدمة ذكية الأطفال بالحوسبة السحابية,التعليم,خدمة ذكية مخصص لـ الأطفال يعمل بالحوسبة السحابية ويهدف لتقليل التكاليف ضمن قطاع التعليم.,الأطفال
3235,لوحة تحكم المزارع بالواقع الافتراضي,الزراعة,لوحة تحكم مخصص لـ المزارع يعمل بالواقع الافتراضي ويهدف لدعم رؤية 2030 ضمن قطاع الزراعة.,المزارع
3236,نظام مراقبة جدة بالحوسبة السحابية,المدن الذكية,نظام مراقبة مخصص لـ جدة يعمل بالحوسبة السحابية ويهدف لرفع جودة الحياة ضمن قطاع المدن الذكية.,جدة
3237,نظام الأحياء بالتحليلات التنبؤية,العقارات,نظام مخصص لـ الأحياء يعمل بالتحليلات التنبؤية ويهدف لرفع كفاءة التشغيل ضمن قطاع العقارات.,الأحياء
3238,تطبيق المنازل بالتحليلات التنبؤية,الطاقة,تطبيق مخصص لـ المنازل يعمل بالتحليلات التنبؤية ويهدف لدعم رؤية 2030 ضمن قطاع الطاقة.,المنازل
3239,خدمة ذكية الجهات الحكومية بالواقع الافتراضي,الأمن السيبراني,خدمة ذكية مخصص لـ الجهات الحكومية يعمل بالواقع الافتراضي ويهدف لدعم رؤية 2030 ضمن قطاع الأمن السيبراني.,الجهات الحكومية
3240,تطبيق المزارع المنزلية بالذكاء الاصطناعي,الزراعة,تطبيق مخصص لـ المزارع المنزلية يعمل بالذكاء الاصطناعي ويهدف لتقليل التكاليف ضمن قطاع الزراعة.,المزارع المنزلية
3241,نظام المستشفيات بالذكاء الاصطناعي,الصحة,نظام مخصص لـ المستشفيات يعمل بالذكاء الاصطناعي ويهدف لتحسين تجربة المستخدم ضمن قطاع الصحة.,المستشفيات
3242,منصة موحدة المشاعر المقدسة بالحوسبة السحابية,الحج والعمرة,منصة موحدة مخصص لـ المشاعر المقدسة يعمل بالحوسبة السحابية ويهدف لتقليل التكاليف ضمن قطاع الحج والعمرة.,المشاعر المقدسة
3243,منصة الجهات الحكومية بالتحليلات التنبؤية,الأمن السيبراني,منصة مخصص لـ الجهات الحكومية يعمل بالتحليلات التنبؤية ويهدف لتقليل التكاليف ضمن قطاع الأمن السيبراني.,الجهات الحكومية
3244,منصة موحدة ذوي الإعاقة بالتحليلات التنبؤية,التعليم,منصة موحدة مخصص لـ ذوي الإعاقة يعمل بالتحليلات التنبؤية ويهدف لتسهيل الوصول للخدمات ضمن قطاع التعليم.,ذوي الإعاقة
3245,محرك توصيات السيارات الكهربائية بالواقع المعزز,الطاقة,محرك توصيات مخصص لـ السيارات الكهربائية يعمل بالواقع المعزز ويهدف لتحسين تجربة المستخدم ضمن قطاع الطاقة.,السيارات الكهربائية
3246,تطبيق المزارع بالحوسبة السحابية,الزراعة,تطبيق مخصص لـ المزارع يعمل بالحوسبة السحابية ويهدف لتحسين تجربة المستخدم ضمن قطاع الزراعة.,المزارع
3247,نظام مراقبة الرياض بالذكاء الاصطناعي,المدن الذكية,نظام مراقبة مخصص لـ الرياض يعمل بالذكاء الاصطناعي ويهدف لتسريع الإجراءات ضمن قطاع المدن الذكية.,الرياض
3248,منصة البنوك بالواقع المعزز,الأمن السيبراني,منصة مخصص لـ البنوك يعمل بالواقع المعزز ويهدف لتحسين الاستدامة ضمن قطاع الأمن السيبراني.,البنوك
3249,منصة موحدة المجمعات السكنية بالنماذج اللغوية,العقارات,منصة موحدة مخصص لـ المجمعات السكنية يعمل بالنماذج اللغوية ويهدف لتعزيز الأمان ضمن قطاع العقارات.,المجمعات السكنية
3250,خدمة ذكية النخيل بالنماذج اللغوية,الزراعة,خدمة ذكية مخصص لـ النخيل يعمل بالنماذج اللغوية ويهدف لتسهيل الوصول للخدمات ضمن قطاع الزراعة.,النخيل
3251,منصة موحدة الرياض بالذكاء الاصطناعي,المدن الذكية,منصة موحدة مخصص لـ الرياض يعمل بالذكاء الاصطناعي ويهدف لرفع جودة الحياة ضمن قطاع المدن الذكية.,الرياض
3252,مساعد ذكي المشاعر المقدسة بالروبوتات الذكية,الحج والعمرة,مساعد ذكي مخصص لـ المشاعر المقدسة يعمل بالروبوتات الذكية ويهدف لتحسين الاستدامة ضمن قطاع الحج والعمرة.,المشاعر المقدسة
3253,مساعد ذكي ذوي الإعاقة بالواقع الافتراضي,التعليم,مساعد ذكي مخصص لـ ذوي الإعاقة يعمل بالواقع الافتراضي ويهدف لرفع جودة الحياة ضمن قطاع التعليم.,ذوي الإعاقة
3254,لوحة تحكم المؤجرين بتحليل البيانات,العقارات,لوحة تحكم مخصص لـ المؤجرين يعمل بتحليل البيانات ويهدف لتعزيز الأمان ضمن قطاع العقارات.,المؤجرين
3255,حل رقمي المتاجر الصغيرة بالنماذج اللغوية,التجارة الإلكترونية,حل رقمي مخصص لـ المتاجر الصغيرة يعمل بالنماذج اللغوية ويهدف لتحسين الاستدامة ضمن قطاع التجارة الإلكترونية.,المتاجر الصغيرة
3256,نظام الأسر بالواقع الافتراضي,المالية,نظام مخصص لـ الأسر يعمل بالواقع الافتراضي ويهدف لتسهيل الوصول للخدمات ضمن قطاع المالية.,الأسر
3257,نظام مراقبة الشركات بالبلوك تشين,الأمن السيبراني,نظام مراقبة مخصص لـ الشركات يعمل بالبلوك تشين ويهدف لدعم رؤية 2030 ضمن قطاع الأمن السيبراني.,الشركات
3258,منصة الحجاج بالواقع الافتراضي,الحج والعمرة,منصة مخصص لـ الحجاج يعمل بالواقع الافتراضي ويهدف لتقليل التكاليف ضمن قطاع الحج والعمرة.,الحجاج
3259,مساعد ذكي جدة باستخدام إنترنت الأشياء,المدن الذكية,مساعد ذكي مخصص لـ جدة يعمل باستخدام إنترنت الأشياء ويهدف لتحسين الاستدامة ضمن قطاع المدن الذكية.,جدة
3260,لوحة تحكم الحج بالذكاء الاصطناعي,المدن الذكية,لوحة تحكم مخصص لـ الحج يعمل بالذكاء الاصطناعي ويهدف لتحسين الاستدامة ضمن قطاع المدن الذكية.,الحج
3261,نظام المؤجرين بالواقع المعزز,العقارات,نظام مخصص لـ المؤجرين يعمل بالواقع المعزز ويهدف لرفع جودة الحياة ضمن قطاع العقارات.,المؤجرين
3262,لوحة تحكم المستشفيات بالروبوتات الذكية,الأمن السيبراني,لوحة تحكم مخصص لـ المستشفيات يعمل بالروبوتات الذكية ويهدف لتقليل التكاليف ضمن قطاع الأمن السيبراني.,المستشفيات
3263,خدمة ذكية الجهات الحكومية بالتحليلات التنبؤية,الأمن السيبراني,خدمة ذكية مخصص لـ الجهات الحكومية يعمل بالتحليلات التنبؤية ويهدف لرفع جودة الحياة ضمن قطاع الأمن السيبراني.,الجهات الحكومية
3264,منصة موحدة المعلمين بتحليل البيانات,التعليم,منصة موحدة مخصص لـ المعلمين يعمل بتحليل البيانات ويهدف لتحسين تجربة المستخدم ضمن قطاع التعليم.,المعلمين
3265,مساعد ذكي المتاجر الصغيرة بالواقع الافتراضي,التجارة الإلكترونية,مساعد ذكي مخصص لـ المتاجر الصغيرة يعمل بالواقع الافتراضي ويهدف لتعزيز الأمان ضمن قطاع التجارة الإلكترونية.,المتاجر الصغيرة
3266,مساعد ذكي الأحياء بالواقع المعزز,العقارات,مساعد ذكي مخصص لـ الأحياء يعمل بالواقع المعزز ويهدف لتقليل الهدر ضمن قطاع العقارات.,الأحياء
3267,نظام المستثمرين باستخدام إنترنت الأشياء,المالية,نظام مخصص لـ المستثمرين يعمل باستخدام إنترنت الأشياء ويهدف لرفع جودة الحياة ضمن قطاع المالية.,المستثمرين
3268,نظام المزارع المنزلية باستخدام إنترنت الأشياء,الزراعة,نظام مخصص لـ المزارع المنزلية يعمل باستخدام إنترنت الأشياء ويهدف لتقليل الهدر ضمن قطاع الزراعة.,المزارع المنزلية
3269,نظام المصانع بالبلوك تشين,الطاقة,نظام مخصص لـ المصانع يعمل بالبلوك تشين ويهدف لتعزيز الأمان ضمن قطاع الطاقة.,المصانع
3270,حل رقمي المؤجرين بتحليل البيانات,العقارات,حل رقمي مخصص لـ المؤجرين يعمل بتحليل البيانات ويهدف لتسريع الإجراءات ضمن قطاع العقارات.,المؤجرين
3271,منصة الحجاج بالنماذج اللغوية,الحج والعمرة,منصة مخصص لـ الحجاج يعمل بالنماذج اللغوية ويهدف لتعزيز الأمان ضمن قطاع الحج والعمرة.,الحجاج
3272,لوحة تحكم الجهات الحكومية بالبلوك تشين,الأمن السيبراني,لوحة تحكم مخصص لـ الجهات الحكومية يعمل بالبلوك تشين ويهدف لتحسين الاستدامة ضمن قطاع الأمن السيبراني.,الجهات الحكومية
3273,تطبيق ذوي الإعاقة بالنماذج اللغوية,التعليم,تطبيق مخصص لـ ذوي الإعاقة يعمل بالنماذج اللغوية ويهدف لتحسين تجربة المستخدم ضمن قطاع التعليم.,ذوي الإعاقة
3274,نظام ذوي الإعاقة بالتحليلات التنبؤية,التعليم,نظام مخصص لـ ذوي الإعاقة يعمل بالتحليلات التنبؤية ويهدف لتحسين الاستدامة ضمن قطاع التعليم.,ذوي الإعاقة
3275,محرك توصيات الحجاج بالروبوتات الذكية,الحج والعمرة,محرك توصيات مخصص لـ الحجاج يعمل بالروبوتات الذكية ويهدف لتسريع الإجراءات ضمن قطاع الحج والعمرة.,الحجاج
3276,لوحة تحكم الشركات الصغيرة بالتحليلات التنبؤية,المالية,لوحة تحكم مخصص لـ الشركات الصغيرة يعمل بالتحليلات التنبؤية ويهدف لتقليل التكاليف ضمن قطاع المالية.,الشركات الصغيرة
3277,منصة المستثمرين بالروبوتات الذكية,المالية,منصة مخصص لـ المستثمرين يعمل بالروبوتات الذكية ويهدف لتسهيل الوصول للخدمات ضمن قطاع المالية.,المستثمرين
3278,منصة الشركات الصغيرة بالواقع الافتراضي,المالية,منصة مخصص لـ الشركات الصغيرة يعمل بالواقع الافتراضي ويهدف لتسريع الإجراءات ضمن قطاع المالية.,الشركات الصغيرة
3279,مساعد ذكي الأسر المنتجة بالبلوك تشين,التجارة الإلكترونية,مساعد ذكي مخصص لـ الأسر المنتجة يعمل بالبلوك تشين ويهدف لتحسين الاستدامة ضمن قطاع التجارة الإلكترونية.,الأسر المنتجة
3280,محرك توصيات الرياض بالذكاء الاصطناعي,المدن الذكية,محرك توصيات مخصص لـ الرياض يعمل بالذكاء الاصطناعي ويهدف لدعم رؤية 2030 ضمن قطاع المدن الذكية.,الرياض
3281,مساعد ذكي المعتمرين بالواقع المعزز,الحج والعمرة,مساعد ذكي مخصص لـ المعتمرين يعمل بالواقع المعزز ويهدف لتسهيل الوصول للخدمات ضمن قطاع الحج والعمرة.,المعتمرين
3282,حل رقمي المعلمين بالواقع المعزز,التعليم,حل رقمي مخصص لـ المعلمين يعمل بالواقع المعزز ويهدف لتقليل الهدر ضمن قطاع التعليم.,المعلمين
3283,حل رقمي المصانع بالنماذج اللغوية,الطاقة,حل رقمي مخصص لـ المصانع يعمل بالنماذج اللغوية ويهدف لتسهيل الوصول للخدمات ضمن قطاع الطاقة.,المصانع
3284,لوحة تحكم الشركات بالواقع المعزز,الأمن السيبراني,لوحة تحكم مخصص لـ الشركات يعمل بالواقع المعزز ويهدف لدعم رؤية 2030 ضمن قطاع الأمن السيبراني.,الشركات
3285,لوحة تحكم السيارات الكهربائية بالنماذج اللغوية,الطاقة,لوحة تحكم مخصص لـ السيارات الكهربائية يعمل بالنماذج اللغوية ويهدف لتسهيل الوصول للخدمات ضمن قطاع الطاقة.,السيارات الكهربائية
3286,حل رقمي الحجاج بالتحليلات التنبؤية,الصحة,حل رقمي مخصص لـ الحجاج يعمل بالتحليلات التنبؤية ويهدف لتقليل التكاليف ضمن قطاع الصحة.,الحجاج
3287,حل رقمي البنوك باستخدام إنترنت الأشياء,الأمن السيبراني,حل رقمي مخصص لـ البنوك يعمل باستخدام إنترنت الأشياء ويهدف لتسريع الإجراءات ضمن قطاع الأمن السيبراني.,البنوك
3288,لوحة تحكم البنوك بالذكاء الاصطناعي,الأمن السيبراني,لوحة تحكم مخصص لـ البنوك يعمل بالذكاء الاصطناعي ويهدف لتحسين الاستدامة ضمن قطاع الأمن السيبراني.,البنوك
3289,منصة موحدة المقاهي بالحوسبة السحابية,التجارة الإلكترونية,منصة موحدة مخصص لـ المقاهي يعمل بالحوسبة السحابية ويهدف لتسهيل الوصول للخدمات ضمن قطاع التجارة الإلكترونية.,المقاهي
3290,نظام مراقبة الطلاب باستخدام إنترنت الأشياء,المالية,نظام مراقبة مخصص لـ الطلاب يعمل باستخدام إنترنت الأشياء ويهدف لتسهيل الوصول للخدمات ضمن قطاع المالية.,الطلاب
3291,نظام الرياض بالحوسبة السحابية,المدن الذكية,نظام مخصص لـ الرياض يعمل بالحوسبة السحابية ويهدف لرفع كفاءة التشغيل ضمن قطاع المدن الذكية.,الرياض
3292,حل رقمي المعتمرين بالبلوك تشين,الحج والعمرة,حل رقمي مخصص لـ المعتمرين يعمل بالبلوك تشين ويهدف لتعزيز الأمان ضمن قطاع الحج والعمرة.,المعتمرين
3293,محرك توصيات المنازل الذكية بالواقع المعزز,الأمن السيبراني,محرك توصيات مخصص لـ المنازل الذكية يعمل بالواقع المعزز ويهدف لتقليل التكاليف ضمن قطاع الأمن السيبراني.,المنازل الذكية
3294,مساعد ذكي المستثمرين بالذكاء الاصطناعي,المالية,مساعد ذكي مخصص لـ المستثمرين يعمل بالذكاء الاصطناعي ويهدف لتقليل التكاليف ضمن قطاع المالية.,المستثمرين
3295,محرك توصيات المشاعر المقدسة بالبلوك تشين,الحج والعمرة,محرك توصيات مخصص لـ المشاعر المقدسة يعمل بالبلوك تشين ويهدف لتقليل الهدر ضمن قطاع الحج والعمرة.,المشاعر المقدسة
3296,منصة موحدة السيارات الكهربائية باستخدام إنترنت الأشياء,الطاقة,منصة موحدة مخصص لـ السيارات الكهربائية يعمل باستخدام إنترنت الأشياء ويهدف لتعزيز الأمان ضمن قطاع الطاقة.,السيارات الكهربائية
3297,خدمة ذكية الرياض بالروبوتات الذكية,المدن الذكية,خدمة ذكية مخصص لـ الرياض يعمل بالروبوتات الذكية ويهدف لتعزيز الأمان ضمن قطاع المدن الذكية.,الرياض
3298,نظام مراقبة الأسر المنتجة بالذكاء الاصطناعي,التجارة الإلكترونية,نظام مراقبة مخصص لـ الأسر المنتجة يعمل بالذكاء الاصطناعي ويهدف لتحسين تجربة المستخدم ضمن قطاع التجارة الإلكترونية.,الأسر المنتجة
3299,تطبيق البنوك بالروبوتات الذكية,الأمن السيبراني,تطبيق مخصص لـ البنوك يعمل بالروبوتات الذكية ويهدف لرفع جودة الحياة ضمن قطاع الأمن السيبراني.,البنوك
3300,خدمة ذكية الحملات باستخدام إنترنت الأشياء,الحج والعمرة,خدمة ذكية مخصص لـ الحملات يعمل باستخدام إنترنت الأشياء ويهدف لتعزيز الأمان ضمن قطاع الحج والعمرة.,الحملات
3301,حل رقمي المستثمرين باستخدام إنترنت الأشياء,المالية,حل رقمي مخصص لـ المستثمرين يعمل باستخدام إنترنت الأشياء ويهدف لرفع كفاءة التشغيل ضمن قطاع المالية.,المستثمرين
3302,منصة موحدة الأسر بتحليل البيانات,المالية,منصة موحدة مخصص لـ الأسر يعمل بتحليل البيانات ويهدف لرفع جودة الحياة ضمن قطاع المالية.,الأسر
3303,لوحة تحكم المتاجر الصغيرة بالواقع الافتراضي,التجارة الإلكترونية,لوحة تحكم مخصص لـ المتاجر الصغيرة يعمل بالواقع الافتراضي ويهدف لتسهيل الوصول للخدمات ضمن قطاع التجارة الإلكترونية.,المتاجر الصغيرة
3304,محرك توصيات الأسر بالروبوتات الذكية,المالية,محرك توصيات مخصص لـ الأسر يعمل بالروبوتات الذكية ويهدف لتقليل الهدر ضمن قطاع المالية.,الأسر
3305,خدمة ذكية المستشفيات بالواقع المعزز,الأمن السيبراني,خدمة ذكية مخصص لـ المستشفيات يعمل بالواقع المعزز ويهدف لرفع كفاءة التشغيل ضمن قطاع الأمن السيبراني.,المستشفيات
3306,محرك توصيات الأطفال بالحوسبة السحابية,الصحة,محرك توصيات مخصص لـ الأطفال يعمل بالحوسبة السحابية ويهدف لتقليل الهدر ضمن قطاع الصحة.,الأطفال
3307,نظام مراقبة الحجاج بالواقع المعزز,الحج والعمرة,نظام مراقبة مخصص لـ الحجاج يعمل بالواقع المعزز ويهدف لتحسين الاستدامة ضمن قطاع الحج والعمرة.,الحجاج
3308,مساعد ذكي العمالة بالواقع المعزز,المالية,مساعد ذكي مخصص لـ العمالة يعمل بالواقع المعزز ويهدف لتقليل التكاليف ضمن قطاع المالية.,العمالة
3309,مساعد ذكي البنوك بالبلوك تشين,الأمن السيبراني,مساعد ذكي مخصص لـ البنوك يعمل بالبلوك تشين ويهدف لتحسين الاستدامة ضمن قطاع الأمن السيبراني.,البنوك
3310,نظام المستشفيات باستخدام إنترنت الأشياء,الأمن السيبراني,نظام مخصص لـ المستشفيات يعمل باستخدام إنترنت الأشياء ويهدف لتقليل التكاليف ضمن قطاع الأمن السيبراني.,المستشفيات
3311,مساعد ذكي كبار السن بالواقع الافتراضي,الصحة,مساعد ذكي مخصص لـ كبار السن يعمل بالواقع الافتراضي ويهدف لرفع كفاءة التشغيل ضمن قطاع الصحة.,كبار السن
3312,خدمة ذكية الرياضيين باستخدام إنترنت الأشياء,الصحة,خدمة ذكية مخصص لـ الرياضيين يعمل باستخدام إنترنت الأشياء ويهدف لتقليل التكاليف ضمن قطاع الصحة.,الرياضيين
3313,منصة موحدة المنازل الذكية بالروبوتات الذكية,الأمن السيبراني,منصة موحدة مخصص لـ المنازل الذكية يعمل بالروبوتات الذكية ويهدف لرفع جودة الحياة ضمن قطاع الأمن السيبراني.,المنازل الذكية
3314,منصة المشاعر المقدسة باستخدام إنترنت الأشياء,الحج والعمرة,منصة مخصص لـ المشاعر المقدسة يعمل باستخدام إنترنت الأشياء ويهدف لدعم رؤية 2030 ضمن قطاع الحج والعمرة.,المشاعر المقدسة
3315,نظام المنازل بالنماذج اللغوية,الطاقة,نظام مخصص لـ المنازل يعمل بالنماذج اللغوية ويهدف لتسهيل الوصول للخدمات ضمن قطاع الطاقة.,المنازل
3316,محرك توصيات المقاهي باستخدام إنترنت الأشياء,التجارة الإلكترونية,محرك توصيات مخصص لـ المقاهي يعمل باستخدام إنترنت الأشياء ويهدف لتحسين الاستدامة ضمن قطاع التجارة الإلكترونية.,المقاهي
3317,نظام مراقبة الجامعات بالنماذج اللغوية,التعليم,نظام مراقبة مخصص لـ الجامعات يعمل بالنماذج اللغوية ويهدف لتسهيل الوصول للخدمات ضمن قطاع التعليم.,الجامعات
3318,حل رقمي الأسر المنتجة بتحليل البيانات,التجارة الإلكترونية,حل رقمي مخصص لـ الأسر المنتجة يعمل بتحليل البيانات ويهدف لتحسين تجربة المستخدم ضمن قطاع التجارة الإلكترونية.,الأسر المنتجة
3319,منصة موحدة الجامعات بتحليل البيانات,التعليم,منصة موحدة مخصص لـ الجامعات يعمل بتحليل البيانات ويهدف لتقليل الهدر ضمن قطاع التعليم.,الجامعات
3320,لوحة تحكم المنازل بالحوسبة السحابية,الطاقة,لوحة تحكم مخصص لـ المنازل يعمل بالحوسبة السحابية ويهدف لتحسين تجربة المستخدم ضمن قطاع الطاقة.,المنازل
3321,نظام مراقبة المزارع بالذكاء الاصطناعي,الزراعة,نظام مراقبة مخصص لـ المزارع يعمل بالذكاء الاصطناعي ويهدف لتقليل الهدر ضمن قطاع الزراعة.,المزارع
3322,لوحة تحكم الجهات الحكومية بالتحليلات التنبؤية,الأمن السيبراني,لوحة تحكم مخصص لـ الجهات الحكومية يعمل بالتحليلات التنبؤية ويهدف لتحسين تجربة المستخدم ضمن قطاع الأمن السيبراني.,الجهات الحكومية
3323,مساعد ذكي الأحياء بالنماذج اللغوية,العقارات,مساعد ذكي مخصص لـ الأحياء يعمل بالنماذج اللغوية ويهدف لتحسين تجربة المستخدم ضمن قطاع العقارات.,الأحياء
3324,منصة السيارات الكهربائية بالنماذج اللغوية,الطاقة,منصة مخصص لـ السيارات الكهربائية يعمل بالنماذج اللغوية ويهدف لتقليل الهدر ضمن قطاع الطاقة.,السيارات الكهربائية
3325,نظام مراقبة الرياضيين بالروبوتات الذكية,الصحة,نظام مراقبة مخصص لـ الرياضيين يعمل بالروبوتات الذكية ويهدف لتحسين الاستدامة ضمن قطاع الصحة.,الرياضيين
3326,منصة موحدة العمالة بالبلوك تشين,المالية,منصة موحدة مخصص لـ العمالة يعمل بالبلوك تشين ويهدف لرفع جودة الحياة ضمن قطاع المالية.,العمالة
3327,نظام النخيل بالواقع الافتراضي,الزراعة,نظام مخصص لـ النخيل يعمل بالواقع الافتراضي ويهدف لتحسين الاستدامة ضمن قطاع الزراعة.,النخيل
3328,منصة موحدة الطلاب بتحليل البيانات,العقارات,منصة موحدة مخصص لـ الطلاب يعمل بتحليل البيانات ويهدف لتسهيل الوصول للخدمات ضمن قطاع العقارات.,الطلاب
3329,نظام مراقبة المؤجرين بالبلوك تشين,العقارات,نظام مراقبة مخصص لـ المؤجرين يعمل بالبلوك تشين ويهدف لتقليل التكاليف ضمن قطاع العقارات.,المؤجرين
3330,محرك توصيات العمالة بالذكاء الاصطناعي,المالية,محرك توصيات مخصص لـ العمالة يعمل بالذكاء الاصطناعي ويهدف لدعم رؤية 2030 ضمن قطاع المالية.,العمالة
3331,مساعد ذكي الطلاب بالحوسبة السحابية,العقارات,مساعد ذكي مخصص لـ الطلاب يعمل بالحوسبة السحابية ويهدف لتسهيل الوصول للخدمات ضمن قطاع العقارات.,الطلاب
3332,نظام مراقبة المولات بالواقع المعزز,المدن الذكية,نظام مراقبة مخصص لـ المولات يعمل بالواقع المعزز ويهدف لتعزيز الأمان ضمن قطاع المدن الذكية.,المولات
3333,تطبيق الشركات الصغيرة بالبلوك تشين,المالية,تطبيق مخصص لـ الشركات الصغيرة يعمل بالبلوك تشين ويهدف لرفع جودة الحياة ضمن قطاع المالية.,الشركات الصغيرة
3334,لوحة تحكم الحجاج بالروبوتات الذكية,الحج والعمرة,لوحة تحكم مخصص لـ الحجاج يعمل بالروبوتات الذكية ويهدف لتسهيل الوصول للخدمات ضمن قطاع الحج والعمرة.,الحجاج
3335,منصة موحدة المنازل بالنماذج اللغوية,الطاقة,منصة موحدة مخصص لـ المنازل يعمل بالنماذج اللغوية ويهدف لرفع جودة الحياة ضمن قطاع الطاقة.,المنازل
3336,لوحة تحكم الرياضيين بالحوسبة السحابية,الصحة,لوحة تحكم مخصص لـ الرياضيين يعمل بالحوسبة السحابية ويهدف لتقليل التكاليف ضمن قطاع الصحة.,الرياضيين
3337,نظام المدارس بالذكاء الاصطناعي,التعليم,نظام مخصص لـ المدارس يعمل بالذكاء الاصطناعي ويهدف لتسهيل الوصول للخدمات ضمن قطاع التعليم.,المدارس
3338,تطبيق الشركات بالحوسبة السحابية,الأمن السيبراني,تطبيق مخصص لـ الشركات يعمل بالحوسبة السحابية ويهدف لرفع جودة الحياة ضمن قطاع الأمن السيبراني.,الشركات
3339,لوحة تحكم الشركات الصغيرة بالواقع المعزز,المالية,لوحة تحكم مخصص لـ الشركات الصغيرة يعمل بالواقع المعزز ويهدف لتحسين الاستدامة ضمن قطاع المالية.,الشركات الصغيرة
3340,منصة الحجاج بالتحليلات التنبؤية,الحج والعمرة,منصة مخصص لـ الحجاج يعمل بالتحليلات التنبؤية ويهدف لتقليل التكاليف ضمن قطاع الحج والعمرة.,الحجاج
3341,نظام كبار السن بتحليل البيانات,الصحة,نظام مخصص لـ كبار السن يعمل بتحليل البيانات ويهدف لتسريع الإجراءات ضمن قطاع الصحة.,كبار السن
3342,لوحة تحكم الشركات الصغيرة بالنماذج اللغوية,المالية,لوحة تحكم مخصص لـ الشركات الصغيرة يعمل بالنماذج اللغوية ويهدف لتقليل الهدر ضمن قطاع المالية.,الشركات الصغيرة
3343,نظام الأحياء السكنية بالواقع المعزز,المدن الذكية,نظام مخصص لـ الأحياء السكنية يعمل بالواقع المعزز ويهدف لرفع جودة الحياة ضمن قطاع المدن الذكية.,الأحياء السكنية
3344,نظام مراقبة المقاهي بالذكاء الاصطناعي,التجارة الإلكترونية,نظام مراقبة مخصص لـ المقاهي يعمل بالذكاء الاصطناعي ويهدف لتحسين الاستدامة ضمن قطاع التجارة الإلكترونية.,المقاهي
3345,لوحة تحكم الشركات بالتحليلات التنبؤية,الأمن السيبراني,لوحة تحكم مخصص لـ الشركات يعمل بالتحليلات التنبؤية ويهدف لتسريع الإجراءات ضمن قطاع الأمن السيبراني.,الشركات
3346,منصة الشركات الصغيرة بالروبوتات الذكية,المالية,منصة مخصص لـ الشركات الصغيرة يعمل بالروبوتات الذكية ويهدف لرفع جودة الحياة ضمن قطاع المالية.,الشركات الصغيرة
3347,محرك توصيات السيارات الكهربائية باستخدام إنترنت الأشياء,الطاقة,محرك توصيات مخصص لـ السيارات الكهربائية يعمل باستخدام إنترنت الأشياء ويهدف لتحسين الاستدامة ضمن قطاع الطاقة.,السيارات الكهربائية
3348,نظام المزارع بالتحليلات التنبؤية,الزراعة,نظام مخصص لـ المزارع يعمل بالتحليلات التنبؤية ويهدف لتعزيز الأمان ضمن قطاع الزراعة.,المزارع
3349,مساعد ذكي المتاجر الصغيرة بالذكاء الاصطناعي,التجارة الإلكترونية,مساعد ذكي مخصص لـ المتاجر الصغيرة يعمل بالذكاء الاصطناعي ويهدف لتسهيل الوصول للخدمات ضمن قطاع التجارة الإلكترونية.,المتاجر الصغيرة
3350,منصة موحدة المتاجر الصغيرة بتحليل البيانات,التجارة الإلكترونية,منصة موحدة مخصص لـ المتاجر الصغيرة يعمل بتحليل البيانات ويهدف لدعم رؤية 2030 ضمن قطاع التجارة الإلكترونية.,المتاجر الصغيرة
3351,لوحة تحكم المعلمين بالواقع المعزز,التعليم,لوحة تحكم مخصص لـ المعلمين يعمل بالواقع المعزز ويهدف لتسريع الإجراءات ضمن قطاع التعليم.,المعلمين
3352,محرك توصيات المزارع المنزلية بالتحليلات التنبؤية,الزراعة,محرك توصيات مخصص لـ المزارع المنزلية يعمل بالتحليلات التنبؤية ويهدف لتسهيل الوصول للخدمات ضمن قطاع الزراعة.,المزارع المنزلية
3353,مساعد ذكي العمالة بالنماذج اللغوية,المالية,مساعد ذكي مخصص لـ العمالة يعمل بالنماذج اللغوية ويهدف لتسريع الإجراءات ضمن قطاع المالية.,العمالة
3354,نظام مراقبة الأسر بالواقع المعزز,المالية,نظام مراقبة مخصص لـ الأسر يعمل بالواقع المعزز ويهدف لتحسين تجربة المستخدم ضمن قطاع المالية.,الأسر
3355,تطبيق الحجاج بالنماذج اللغوية,الصحة,تطبيق مخصص لـ الحجاج يعمل بالنماذج اللغوية ويهدف لتحسين الاستدامة ضمن قطاع الصحة.,الحجاج
3356,خدمة ذكية المعلمين بالتحليلات التنبؤية,التعليم,خدمة ذكية مخصص لـ المعلمين يعمل بالتحليلات التنبؤية ويهدف لرفع جودة الحياة ضمن قطاع التعليم.,المعلمين
3357,تطبيق المقاهي بالواقع المعزز,التجارة الإلكترونية,تطبيق مخصص لـ المقاهي يعمل بالواقع المعزز ويهدف لتقليل الهدر ضمن قطاع التجارة الإلكترونية.,المقاهي
3358,محرك توصيات المدارس بالذكاء الاصطناعي,التعليم,محرك توصيات مخصص لـ المدارس يعمل بالذكاء الاصطناعي ويهدف لرفع كفاءة التشغيل ضمن قطاع التعليم.,المدارس
3359,حل رقمي المولات بالحوسبة السحابية,المدن الذكية,حل رقمي مخصص لـ المولات يعمل بالحوسبة السحابية ويهدف لرفع جودة الحياة ضمن قطاع المدن الذكية.,المولات
3360,منصة موحدة المباني الحكومية بالنماذج اللغوية,الطاقة,منصة موحدة مخصص لـ المباني الحكومية يعمل بالنماذج اللغوية ويهدف لتسريع الإجراءات ضمن قطاع الطاقة.,المباني الحكومية
3361,منصة موحدة المدارس بتحليل البيانات,التعليم,منصة موحدة مخصص لـ المدارس يعمل بتحليل البيانات ويهدف لتسريع الإجراءات ضمن قطاع التعليم.,المدارس
3362,خدمة ذكية الأسر المنتجة بالذكاء الاصطناعي,التجارة الإلكترونية,خدمة ذكية مخصص لـ الأسر المنتجة يعمل بالذكاء الاصطناعي ويهدف لتحسين الاستدامة ضمن قطاع التجارة الإلكترونية.,الأسر المنتجة
3363,نظام الحجاج بالروبوتات الذكية,الصحة,نظام مخصص لـ الحجاج يعمل بالروبوتات الذكية ويهدف لتقليل الهدر ضمن قطاع الصحة.,الحجاج
3364,خدمة ذكية البيوت المحمية بالواقع المعزز,الزراعة,خدمة ذكية مخصص لـ البيوت المحمية يعمل بالواقع المعزز ويهدف لتقليل الهدر ضمن قطاع الزراعة.,البيوت المحمية
3365,منصة موحدة الأحياء السكنية بالواقع المعزز,المدن الذكية,منصة موحدة مخصص لـ الأحياء السكنية يعمل بالواقع المعزز ويهدف لتحسين الاستدامة ضمن قطاع المدن الذكية.,الأحياء السكنية
3366,حل رقمي الأحياء السكنية بالروبوتات الذكية,المدن الذكية,حل رقمي مخصص لـ الأحياء السكنية يعمل بالروبوتات الذكية ويهدف لرفع كفاءة التشغيل ضمن قطاع المدن الذكية.,الأحياء السكنية
3367,منصة الجامعات بالواقع الافتراضي,المدن الذكية,منصة مخصص لـ الجامعات يعمل بالواقع الافتراضي ويهدف لرفع جودة الحياة ضمن قطاع المدن الذكية.,الجامعات
3368,لوحة تحكم المنازل الذكية بالروبوتات الذكية,الأمن السيبراني,لوحة تحكم مخصص لـ المنازل الذكية يعمل بالروبوتات الذكية ويهدف لتسريع الإجراءات ضمن قطاع الأمن السيبراني.,المنازل الذكية
3369,منصة موحدة كبار السن بتحليل البيانات,الصحة,منصة موحدة مخصص لـ كبار السن يعمل بتحليل البيانات ويهدف لتسهيل الوصول للخدمات ضمن قطاع الصحة.,كبار السن
3370,منصة موحدة الحملات بالذكاء الاصطناعي,الحج والعمرة,منصة موحدة مخصص لـ الحملات يعمل بالذكاء الاصطناعي ويهدف لرفع جودة الحياة ضمن قطاع الحج والعمرة.,الحملات
3371,حل رقمي المعلمين بالتحليلات التنبؤية,التعليم,حل رقمي مخصص لـ المعلمين يعمل بالتحليلات التنبؤية ويهدف لتقليل الهدر ضمن قطاع التعليم.,المعلمين
3372,محرك توصيات المشاعر المقدسة باستخدام إنترنت الأشياء,الحج والعمرة,محرك توصيات مخصص لـ المشاعر المقدسة يعمل باستخدام إنترنت الأشياء ويهدف لتعزيز الأمان ضمن قطاع الحج والعمرة.,المشاعر المقدسة
3373,نظام مراقبة العيادات بالتحليلات التنبؤية,الصحة,نظام مراقبة مخصص لـ العيادات يعمل بالتحليلات التنبؤية ويهدف لتسهيل الوصول للخدمات ضمن قطاع الصحة.,العيادات
3374,نظام مراقبة المتاجر الصغيرة بالنماذج اللغوية,التجارة الإلكترونية,نظام مراقبة مخصص لـ المتاجر الصغيرة يعمل بالنماذج اللغوية ويهدف لتعزيز الأمان ضمن قطاع التجارة الإلكترونية.,المتاجر الصغيرة
3375,محرك توصيات الشركات بالحوسبة السحابية,الأمن السيبراني,محرك توصيات مخصص لـ الشركات يعمل بالحوسبة السحابية ويهدف لتحسين تجربة المستخدم ضمن قطاع الأمن السيبراني.,الشركات
3376,مساعد ذكي البيوت المحمية بالذكاء الاصطناعي,الزراعة,مساعد ذكي مخصص لـ البيوت المحمية يعمل بالذكاء الاصطناعي ويهدف لدعم رؤية 2030 ضمن قطاع الزراعة.,البيوت المحمية
3377,حل رقمي السيارات الكهربائية بالحوسبة السحابية,الطاقة,حل رقمي مخصص لـ السيارات الكهربائية يعمل بالحوسبة السحابية ويهدف لتحسين الاستدامة ضمن قطاع الطاقة.,السيارات الكهربائية
3378,منصة موحدة الرياض بالروبوتات الذكية,المدن الذكية,منصة موحدة مخصص لـ الرياض يعمل بالروبوتات الذكية ويهدف لتحسين تجربة المستخدم ضمن قطاع المدن الذكية.,الرياض
3379,تطبيق المعتمرين بالنماذج اللغوية,الحج والعمرة,تطبيق مخصص لـ المعتمرين يعمل بالنماذج اللغوية ويهدف لتحسين الاستدامة ضمن قطاع الحج والعمرة.,المعتمرين
3380,لوحة تحكم الأطفال بالذكاء الاصطناعي,التعليم,لوحة تحكم مخصص لـ الأطفال يعمل بالذكاء الاصطناعي ويهدف لتقليل التكاليف ضمن قطاع التعليم.,الأطفال
3381,محرك توصيات المعتمرين بالواقع الافتراضي,الحج والعمرة,محرك توصيات مخصص لـ المعتمرين يعمل بالواقع الافتراضي ويهدف لتقليل الهدر ضمن قطاع الحج والعمرة.,المعتمرين
3382,نظام المباني الحكومية بالروبوتات الذكية,الطاقة,نظام مخصص لـ المباني الحكومية يعمل بالروبوتات الذكية ويهدف لتقليل الهدر ضمن قطاع الطاقة.,المباني الحكومية
3383,حل رقمي المعتمرين بالذكاء الاصطناعي,الحج والعمرة,حل رقمي مخصص لـ المعتمرين يعمل بالذكاء الاصطناعي ويهدف لتحسين تجربة المستخدم ضمن قطاع الحج والعمرة.,المعتمرين
3384,نظام السيارات الكهربائية بالتحليلات التنبؤية,الطاقة,نظام مخصص لـ السيارات الكهربائية يعمل بالتحليلات التنبؤية ويهدف لتعزيز الأمان ضمن قطاع الطاقة.,السيارات الكهربائية
3385,لوحة تحكم ذوي الإعاقة بالواقع الافتراضي,التعليم,لوحة تحكم مخصص لـ ذوي الإعاقة يعمل بالواقع الافتراضي ويهدف لتسريع الإجراءات ضمن قطاع التعليم.,ذوي الإعاقة
3386,محرك توصيات الرياضيين بالروبوتات الذكية,الصحة,محرك توصيات مخصص لـ الرياضيين يعمل بالروبوتات الذكية ويهدف لتقليل التكاليف ضمن قطاع الصحة.,الرياضيين
3387,منصة المولات بالنماذج اللغوية,المدن الذكية,منصة مخصص لـ المولات يعمل بالنماذج اللغوية ويهدف لرفع كفاءة التشغيل ضمن قطاع المدن الذكية.,المولات
3388,نظام مراقبة جدة بالذكاء الاصطناعي,المدن الذكية,نظام مراقبة مخصص لـ جدة يعمل بالذكاء الاصطناعي ويهدف لتعزيز الأمان ضمن قطاع المدن الذكية.,جدة
3389,منصة الأطفال بالتحليلات التنبؤية,التعليم,منصة مخصص لـ الأطفال يعمل بالتحليلات التنبؤية ويهدف لرفع كفاءة التشغيل ضمن قطاع التعليم.,الأطفال
3390,منصة الأحياء بالروبوتات الذكية,العقارات,منصة مخصص لـ الأحياء يعمل بالروبوتات الذكية ويهدف لتحسين تجربة المستخدم ضمن قطاع العقارات.,الأحياء
3391,تطبيق المنازل الذكية بالواقع الافتراضي,الأمن السيبراني,تطبيق مخصص لـ المنازل الذكية يعمل بالواقع الافتراضي ويهدف لدعم رؤية 2030 ضمن قطاع الأمن السيبراني.,المنازل الذكية
3392,حل رقمي المطاعم بتحليل البيانات,التجارة الإلكترونية,حل رقمي مخصص لـ المطاعم يعمل بتحليل البيانات ويهدف لرفع كفاءة التشغيل ضمن قطاع التجارة الإلكترونية.,المطاعم
3393,نظام مراقبة الشركات الصغيرة بتحليل البيانات,المالية,نظام مراقبة مخصص لـ الشركات الصغيرة يعمل بتحليل البيانات ويهدف لتحسين تجربة المستخدم ضمن قطاع المالية.,الشركات الصغيرة
3394,منصة موحدة البيوت المحمية بالنماذج اللغوية,الزراعة,منصة موحدة مخصص لـ البيوت المحمية يعمل بالنماذج اللغوية ويهدف لتعزيز الأمان ضمن قطاع الزراعة.,البيوت المحمية
3395,نظام المستثمرين بالنماذج اللغوية,المالية,نظام مخصص لـ المستثمرين يعمل بالنماذج اللغوية ويهدف لتعزيز الأمان ضمن قطاع المالية.,المستثمرين
3396,خدمة ذكية العيادات بالروبوتات الذكية,الصحة,خدمة ذكية مخصص لـ العيادات يعمل بالروبوتات الذكية ويهدف لتعزيز الأمان ضمن قطاع الصحة.,العيادات
3397,حل رقمي الأحياء السكنية بالنماذج اللغوية,المدن الذكية,حل رقمي مخصص لـ الأحياء السكنية يعمل بالنماذج اللغوية ويهدف لتسهيل الوصول للخدمات ضمن قطاع المدن الذكية.,الأحياء السكنية
3398,نظام مراقبة المقاهي بتحليل البيانات,التجارة الإلكترونية,نظام مراقبة مخصص لـ المقاهي يعمل بتحليل البيانات ويهدف لتعزيز الأمان ضمن قطاع التجارة الإلكترونية.,المقاهي
3399,حل رقمي البيوت المحمية بالذكاء الاصطناعي,الزراعة,حل رقمي مخصص لـ البيوت المحمية يعمل بالذكاء الاصطناعي ويهدف لتعزيز الأمان ضمن قطاع الزراعة.,البيوت المحمية
3400,مساعد ذكي الجامعات بالحوسبة السحابية,التعليم,مساعد ذكي مخصص لـ الجامعات يعمل بالحوسبة السحابية ويهدف لتحسين تجربة المستخدم ضمن قطاع التعليم.,الجامعات
3401,منصة موحدة الحجاج بالحوسبة السحابية,الحج والعمرة,منصة موحدة مخصص لـ الحجاج يعمل بالحوسبة السحابية ويهدف لرفع جودة الحياة ضمن قطاع الحج والعمرة.,الحجاج
3402,محرك توصيات المتاجر الصغيرة بالواقع المعزز,التجارة الإلكترونية,محرك توصيات مخصص لـ المتاجر الصغيرة يعمل بالواقع المعزز ويهدف لرفع جودة الحياة ضمن قطاع التجارة الإلكترونية.,المتاجر الصغيرة
3403,تطبيق المطاعم بالواقع الافتراضي,التجارة الإلكترونية,تطبيق مخصص لـ المطاعم يعمل بالواقع الافتراضي ويهدف لتسريع الإجراءات ضمن قطاع التجارة الإلكترونية.,المطاعم
3404,حل رقمي الطلاب بالذكاء الاصطناعي,العقارات,حل رقمي مخصص لـ الطلاب يعمل بالذكاء الاصطناعي ويهدف لتقليل الهدر ضمن قطاع العقارات.,الطلاب
3405,نظام مراقبة الرياض باستخدام إنترنت الأشياء,المدن الذكية,نظام مراقبة مخصص لـ الرياض يعمل باستخدام إنترنت الأشياء ويهدف لرفع جودة الحياة ضمن قطاع المدن الذكية.,الرياض
3406,منصة موحدة الأحياء بالحوسبة السحابية,العقارات,منصة موحدة مخصص لـ الأحياء يعمل بالحوسبة السحابية ويهدف لدعم رؤية 2030 ضمن قطاع العقارات.,الأحياء
3407,تطبيق البيوت المحمية بالبلوك تشين,الزراعة,تطبيق مخصص لـ البيوت المحمية يعمل بالبلوك تشين ويهدف لتسريع الإجراءات ضمن قطاع الزراعة.,البيوت المحمية
3408,منصة موحدة المصانع بالحوسبة السحابية,الطاقة,منصة موحدة مخصص لـ المصانع يعمل بالحوسبة السحابية ويهدف لرفع جودة الحياة ضمن قطاع الطاقة.,المصانع
3409,نظام مراقبة المعتمرين باستخدام إنترنت الأشياء,الحج والعمرة,نظام مراقبة مخصص لـ المعتمرين يعمل باستخدام إنترنت الأشياء ويهدف لتحسين الاستدامة ضمن قطاع الحج والعمرة.,المعتمرين
3410,منصة كبار السن باستخدام إنترنت الأشياء,الصحة,منصة مخصص لـ كبار السن يعمل باستخدام إنترنت الأشياء ويهدف لتعزيز الأمان ضمن قطاع الصحة.,كبار السن
3411,منصة موحدة الحجاج بالبلوك تشين,الحج والعمرة,منصة موحدة مخصص لـ الحجاج يعمل بالبلوك تشين ويهدف لتسريع الإجراءات ضمن قطاع الحج والعمرة.,الحجاج
3412,منصة موحدة المزارع المنزلية بالبلوك تشين,الزراعة,منصة موحدة مخصص لـ المزارع المنزلية يعمل بالبلوك تشين ويهدف لتسهيل الوصول للخدمات ضمن قطاع الزراعة.,المزارع المنزلية
3413,خدمة ذكية جدة بالروبوتات الذكية,المدن الذكية,خدمة ذكية مخصص لـ جدة يعمل بالروبوتات الذكية ويهدف لتعزيز الأمان ضمن قطاع المدن الذكية.,جدة
3414,محرك توصيات المشاعر المقدسة بالذكاء الاصطناعي,الحج والعمرة,محرك توصيات مخصص لـ المشاعر المقدسة يعمل بالذكاء الاصطناعي ويهدف لرفع كفاءة التشغيل ضمن قطاع الحج والعمرة.,المشاعر المقدسة
3415,محرك توصيات الطلاب بالحوسبة السحابية,العقارات,محرك توصيات مخصص لـ الطلاب يعمل بالحوسبة السحابية ويهدف لتحسين تجربة المستخدم ضمن قطاع العقارات.,الطلاب
3416,لوحة تحكم المدارس بالذكاء الاصطناعي,التعليم,لوحة تحكم مخصص لـ المدارس يعمل بالذكاء الاصطناعي ويهدف لتقليل الهدر ضمن قطاع التعليم.,المدارس
3417,نظام الجهات الحكومية بالروبوتات الذكية,الأمن السيبراني,نظام مخصص لـ الجهات الحكومية يعمل بالروبوتات الذكية ويهدف لتقليل الهدر ضمن قطاع الأمن السيبراني.,الجهات الحكومية
3418,تطبيق المؤجرين بالواقع المعزز,العقارات,تطبيق مخصص لـ المؤجرين يعمل بالواقع المعزز ويهدف لتعزيز الأمان ضمن قطاع العقارات.,المؤجرين
3419,حل رقمي البيوت المحمية بالروبوتات الذكية,الزراعة,حل رقمي مخصص لـ البيوت المحمية يعمل بالروبوتات الذكية ويهدف لتسهيل الوصول للخدمات ضمن قطاع الزراعة.,البيوت المحمية
3420,تطبيق الأحياء بالتحليلات التنبؤية,العقارات,تطبيق مخصص لـ الأحياء يعمل بالتحليلات التنبؤية ويهدف لتحسين تجربة المستخدم ضمن قطاع العقارات.,الأحياء
3421,منصة موحدة المقاهي باستخدام إنترنت الأشياء,التجارة الإلكترونية,منصة موحدة مخصص لـ المقاهي يعمل باستخدام إنترنت الأشياء ويهدف لتحسين الاستدامة ضمن قطاع التجارة الإلكترونية.,المقاهي
3422,منصة الحج بالروبوتات الذكية,المدن الذكية,منصة مخصص لـ الحج يعمل بالروبوتات الذكية ويهدف لرفع جودة الحياة ضمن قطاع المدن الذكية.,الحج
3423,نظام المعتمرين بالروبوتات الذكية,الحج والعمرة,نظام مخصص لـ المعتمرين يعمل بالروبوتات الذكية ويهدف لتحسين الاستدامة ضمن قطاع الحج والعمرة.,المعتمرين
3424,نظام مراقبة المستشفيات بالنماذج اللغوية,الصحة,نظام مراقبة مخصص لـ المستشفيات يعمل بالنماذج اللغوية ويهدف لرفع كفاءة التشغيل ضمن قطاع الصحة.,المستشفيات
3425,حل رقمي المزارع بتحليل البيانات,الزراعة,حل رقمي مخصص لـ المزارع يعمل بتحليل البيانات ويهدف لتعزيز الأمان ضمن قطاع الزراعة.,المزارع
3426,لوحة تحكم العمالة بالروبوتات الذكية,المالية,لوحة تحكم مخصص لـ العمالة يعمل بالروبوتات الذكية ويهدف لرفع جودة الحياة ضمن قطاع المالية.,العمالة
3427,تطبيق المتاجر الصغيرة بالبلوك تشين,التجارة الإلكترونية,تطبيق مخصص لـ المتاجر الصغيرة يعمل بالبلوك تشين ويهدف لرفع كفاءة التشغيل ضمن قطاع التجارة الإلكترونية.,المتاجر الصغيرة
3428,خدمة ذكية ذوي الإعاقة بالنماذج اللغوية,التعليم,خدمة ذكية مخصص لـ ذوي الإعاقة يعمل بالنماذج اللغوية ويهدف لتعزيز الأمان ضمن قطاع التعليم.,ذوي الإعاقة
3429,خدمة ذكية المولات باستخدام إنترنت الأشياء,المدن الذكية,خدمة ذكية مخصص لـ المولات يعمل باستخدام إنترنت الأشياء ويهدف لدعم رؤية 2030 ضمن قطاع المدن الذكية.,المولات
3430,نظام الحجاج بتحليل البيانات,الحج والعمرة,نظام مخصص لـ الحجاج يعمل بتحليل البيانات ويهدف لتسهيل الوصول للخدمات ضمن قطاع الحج والعمرة.,الحجاج
3431,منصة موحدة كبار السن بالبلوك تشين,الصحة,منصة موحدة مخصص لـ كبار السن يعمل بالبلوك تشين ويهدف لرفع جودة الحياة ضمن قطاع الصحة.,كبار السن
3432,تطبيق المشاعر المقدسة بالحوسبة السحابية,الحج والعمرة,تطبيق مخصص لـ المشاعر المقدسة يعمل بالحوسبة السحابية ويهدف لتحسين تجربة المستخدم ضمن قطاع الحج والعمرة.,المشاعر المقدسة
3433,نظام مراقبة المجمعات السكنية بالروبوتات الذكية,العقارات,نظام مراقبة مخصص لـ المجمعات السكنية يعمل بالروبوتات الذكية ويهدف لتسريع الإجراءات ضمن قطاع العقارات.,المجمعات السكنية
3434,تطبيق الرياضيين بالذكاء الاصطناعي,الصحة,تطبيق مخصص لـ الرياضيين يعمل بالذكاء الاصطناعي ويهدف لتحسين الاستدامة ضمن قطاع الصحة.,الرياضيين
3435,منصة موحدة الطلاب بالذكاء الاصطناعي,المالية,منصة موحدة مخصص لـ الطلاب يعمل بالذكاء الاصطناعي ويهدف لتحسين الاستدامة ضمن قطاع المالية.,الطلاب
3436,نظام المنازل الذكية بالنماذج اللغوية,الأمن السيبراني,نظام مخصص لـ المنازل الذكية يعمل بالنماذج اللغوية ويهدف لرفع كفاءة التشغيل ضمن قطاع الأمن السيبراني.,المنازل الذكية
3437,حل رقمي الشركات بالحوسبة السحابية,الأمن السيبراني,حل رقمي مخصص لـ الشركات يعمل بالحوسبة السحابية ويهدف لتقليل الهدر ضمن قطاع الأمن السيبراني.,الشركات
3438,نظام الرياضيين بالحوسبة السحابية,الصحة,نظام مخصص لـ الرياضيين يعمل بالحوسبة السحابية ويهدف لرفع جودة الحياة ضمن قطاع الصحة.,الرياضيين
3439,حل رقمي الأحياء بالذكاء الاصطناعي,العقارات,حل رقمي مخصص لـ الأحياء يعمل بالذكاء الاصطناعي ويهدف لدعم رؤية 2030 ضمن قطاع العقارات.,الأحياء
3440,مساعد ذكي المعتمرين بالواقع الافتراضي,الحج والعمرة,مساعد ذكي مخصص لـ المعتمرين يعمل بالواقع الافتراضي ويهدف لتحسين تجربة المستخدم ضمن قطاع الحج والعمرة.,المعتمرين
3441,خدمة ذكية السيارات الكهربائية بالروبوتات الذكية,الطاقة,خدمة ذكية مخصص لـ السيارات الكهربائية يعمل بالروبوتات الذكية ويهدف لتقليل الهدر ضمن قطاع الطاقة.,السيارات الكهربائية
3442,نظام المولات بالنماذج اللغوية,المدن الذكية,نظام مخصص لـ المولات يعمل بالنماذج اللغوية ويهدف لتقليل التكاليف ضمن قطاع المدن الذكية.,المولات
3443,منصة موحدة الحملات بالنماذج اللغوية,الحج والعمرة,منصة موحدة مخصص لـ الحملات يعمل بالنماذج اللغوية ويهدف لتقليل الهدر ضمن قطاع الحج والعمرة.,الحملات
3444,حل رقمي المطاعم بالحوسبة السحابية,التجارة الإلكترونية,حل رقمي مخصص لـ المطاعم يعمل بالحوسبة السحابية ويهدف لدعم رؤية 2030 ضمن قطاع التجارة الإلكترونية.,المطاعم
3445,نظام مراقبة المقاهي بالروبوتات الذكية,التجارة الإلكترونية,نظام مراقبة مخصص لـ المقاهي يعمل بالروبوتات الذكية ويهدف لدعم رؤية 2030 ضمن قطاع التجارة الإلكترونية.,المقاهي
3446,مساعد ذكي ذوي الإعاقة بالذكاء الاصطناعي,التعليم,مساعد ذكي مخصص لـ ذوي الإعاقة يعمل بالذكاء الاصطناعي ويهدف لدعم رؤية 2030 ضمن قطاع التعليم.,ذوي الإعاقة
3447,مساعد ذكي الأحياء السكنية بالواقع الافتراضي,المدن الذكية,مساعد ذكي مخصص لـ الأحياء السكنية يعمل بالواقع الافتراضي ويهدف لتحسين الاستدامة ضمن قطاع المدن الذكية.,الأحياء السكنية
3448,حل رقمي الأسر بالواقع الافتراضي,المالية,حل رقمي مخصص لـ الأسر يعمل بالواقع الافتراضي ويهدف لتحسين تجربة المستخدم ضمن قطاع المالية.,الأسر
3449,محرك توصيات الأسر باستخدام إنترنت الأشياء,المالية,محرك توصيات مخصص لـ الأسر يعمل باستخدام إنترنت الأشياء ويهدف لتحسين الاستدامة ضمن قطاع المالية.,الأسر
3450,مساعد ذكي الأسر المنتجة بالروبوتات الذكية,التجارة الإلكترونية,مساعد ذكي مخصص لـ الأسر المنتجة يعمل بالروبوتات الذكية ويهدف لتقليل الهدر ضمن قطاع التجارة الإلكترونية.,الأسر المنتجة
3451,تطبيق الطلاب بالتحليلات التنبؤية,المالية,تطبيق مخصص لـ الطلاب يعمل بالتحليلات التنبؤية ويهدف لتحسين تجربة المستخدم ضمن قطاع المالية.,الطلاب
3452,لوحة تحكم الشركات الصغيرة بالواقع الافتراضي,المالية,لوحة تحكم مخصص لـ الشركات الصغيرة يعمل بالواقع الافتراضي ويهدف لتقليل الهدر ضمن قطاع المالية.,الشركات الصغيرة
3453,حل رقمي كبار السن باستخدام إنترنت الأشياء,الصحة,حل رقمي مخصص لـ كبار السن يعمل باستخدام إنترنت الأشياء ويهدف لرفع كفاءة التشغيل ضمن قطاع الصحة.,كبار السن
3454,نظام الأطفال بالنماذج اللغوية,الصحة,نظام مخصص لـ الأطفال يعمل بالنماذج اللغوية ويهدف لتعزيز الأمان ضمن قطاع الصحة.,الأطفال
3455,مساعد ذكي المتاجر الصغيرة باستخدام إنترنت الأشياء,التجارة الإلكترونية,مساعد ذكي مخصص لـ المتاجر الصغيرة يعمل باستخدام إنترنت الأشياء ويهدف لرفع جودة الحياة ضمن قطاع التجارة الإلكترونية.,المتاجر الصغيرة
3456,منصة المباني الحكومية بالواقع الافتراضي,الطاقة,منصة مخصص لـ المباني الحكومية يعمل بالواقع الافتراضي ويهدف لتقليل الهدر ضمن قطاع الطاقة.,المباني الحكومية
3457,مساعد ذكي ذوي الإعاقة بالبلوك تشين,التعليم,مساعد ذكي مخصص لـ ذوي الإعاقة يعمل بالبلوك تشين ويهدف لرفع جودة الحياة ضمن قطاع التعليم.,ذوي الإعاقة
3458,نظام مراقبة الشركات الصغيرة بالذكاء الاصطناعي,المالية,نظام مراقبة مخصص لـ الشركات الصغيرة يعمل بالذكاء الاصطناعي ويهدف لرفع جودة الحياة ضمن قطاع المالية.,الشركات الصغيرة
3459,منصة موحدة المتاجر الصغيرة بالحوسبة السحابية,التجارة الإلكترونية,منصة موحدة مخصص لـ المتاجر الصغيرة يعمل بالحوسبة السحابية ويهدف لتسريع الإجراءات ضمن قطاع التجارة الإلكترونية.,المتاجر الصغيرة
3460,تطبيق الأسر المنتجة باستخدام إنترنت الأشياء,التجارة الإلكترونية,تطبيق مخصص لـ الأسر المنتجة يعمل باستخدام إنترنت الأشياء ويهدف لتسهيل الوصول للخدمات ضمن قطاع التجارة الإلكترونية.,الأسر المنتجة
3461,تطبيق الأحياء السكنية بتحليل البيانات,المدن الذكية,تطبيق مخصص لـ الأحياء السكنية يعمل بتحليل البيانات ويهدف لتقليل التكاليف ضمن قطاع المدن الذكية.,الأحياء السكنية
3462,حل رقمي البنوك بالبلوك تشين,الأمن السيبراني,حل رقمي مخصص لـ البنوك يعمل بالبلوك تشين ويهدف لتعزيز الأمان ضمن قطاع الأمن السيبراني.,البنوك
3463,محرك توصيات العمالة بتحليل البيانات,المالية,محرك توصيات مخصص لـ العمالة يعمل بتحليل البيانات ويهدف لتحسين الاستدامة ضمن قطاع المالية.,العمالة
3464,مساعد ذكي المطاعم بتحليل البيانات,التجارة الإلكترونية,مساعد ذكي مخصص لـ المطاعم يعمل بتحليل البيانات ويهدف لتحسين تجربة المستخدم ضمن قطاع التجارة الإلكترونية.,المطاعم
3465,نظام مراقبة الأسر بالبلوك تشين,المالية,نظام مراقبة مخصص لـ الأسر يعمل بالبلوك تشين ويهدف لتقليل الهدر ضمن قطاع المالية.,الأسر
3466,محرك توصيات الجامعات بالحوسبة السحابية,المدن الذكية,محرك توصيات مخصص لـ الجامعات يعمل بالحوسبة السحابية ويهدف لتحسين الاستدامة ضمن قطاع المدن الذكية.,الجامعات
3467,نظام مراقبة الرياضيين بالواقع الافتراضي,الصحة,نظام مراقبة مخصص لـ الرياضيين يعمل بالواقع الافتراضي ويهدف لدعم رؤية 2030 ضمن قطاع الصحة.,الرياضيين
3468,حل رقمي البيوت المحمية بالنماذج اللغوية,الزراعة,حل رقمي مخصص لـ البيوت المحمية يعمل بالنماذج اللغوية ويهدف لتقليل الهدر ضمن قطاع الزراعة.,البيوت المحمية
3469,نظام العيادات بالحوسبة السحابية,الصحة,نظام مخصص لـ العيادات يعمل بالحوسبة السحابية ويهدف لتحسين الاستدامة ضمن قطاع الصحة.,العيادات
3470,نظام المزارع باستخدام إنترنت الأشياء,الزراعة,نظام مخصص لـ المزارع يعمل باستخدام إنترنت الأشياء ويهدف لدعم رؤية 2030 ضمن قطاع الزراعة.,المزارع
3471,منصة موحدة المتاجر الصغيرة بالنماذج اللغوية,التجارة الإلكترونية,منصة موحدة مخصص لـ المتاجر الصغيرة يعمل بالنماذج اللغوية ويهدف لتقليل التكاليف ضمن قطاع التجارة الإلكترونية.,المتاجر الصغيرة
3472,منصة موحدة الأطفال بالواقع الافتراضي,التعليم,منصة موحدة مخصص لـ الأطفال يعمل بالواقع الافتراضي ويهدف لتقليل الهدر ضمن قطاع التعليم.,الأطفال
3473,نظام الأسر المنتجة بالنماذج اللغوية,التجارة الإلكترونية,نظام مخصص لـ الأسر المنتجة يعمل بالنماذج اللغوية ويهدف لتسهيل الوصول للخدمات ضمن قطاع التجارة الإلكترونية.,الأسر المنتجة
3474,مساعد ذكي الأسر المنتجة بالواقع الافتراضي,التجارة الإلكترونية,مساعد ذكي مخصص لـ الأسر المنتجة يعمل بالواقع الافتراضي ويهدف لتحسين تجربة المستخدم ضمن قطاع التجارة الإلكترونية.,الأسر المنتجة
3475,محرك توصيات جدة بالروبوتات الذكية,المدن الذكية,محرك توصيات مخصص لـ جدة يعمل بالروبوتات الذكية ويهدف لرفع كفاءة التشغيل ضمن قطاع المدن الذكية.,جدة
3476,نظام مراقبة الحجاج بالروبوتات الذكية,الحج والعمرة,نظام مراقبة مخصص لـ الحجاج يعمل بالروبوتات الذكية ويهدف لتسريع الإجراءات ضمن قطاع الحج والعمرة.,الحجاج
3477,خدمة ذكية المباني الحكومية بالحوسبة السحابية,الطاقة,خدمة ذكية مخصص لـ المباني الحكومية يعمل بالحوسبة السحابية ويهدف لتقليل الهدر ضمن قطاع الطاقة.,المباني الحكومية
3478,تطبيق كبار السن بالتحليلات التنبؤية,الصحة,تطبيق مخصص لـ كبار السن يعمل بالتحليلات التنبؤية ويهدف لتحسين تجربة المستخدم ضمن قطاع الصحة.,كبار السن
3479,حل رقمي المباني الحكومية بالذكاء الاصطناعي,الطاقة,حل رقمي مخصص لـ المباني الحكومية يعمل بالذكاء الاصطناعي ويهدف لتقليل التكاليف ضمن قطاع الطاقة.,المباني الحكومية
3480,نظام الأسر بالواقع المعزز,المالية,نظام مخصص لـ الأسر يعمل بالواقع المعزز ويهدف لرفع جودة الحياة ضمن قطاع المالية.,الأسر
3481,حل رقمي المقاهي بالواقع المعزز,التجارة الإلكترونية,حل رقمي مخصص لـ المقاهي يعمل بالواقع المعزز ويهدف لتسريع الإجراءات ضمن قطاع التجارة الإلكترونية.,المقاهي
3482,خدمة ذكية ذوي الإعاقة بالذكاء الاصطناعي,التعليم,خدمة ذكية مخصص لـ ذوي الإعاقة يعمل بالذكاء الاصطناعي ويهدف لرفع جودة الحياة ضمن قطاع التعليم.,ذوي الإعاقة
3483,نظام الأحياء بالواقع الافتراضي,العقارات,نظام مخصص لـ الأحياء يعمل بالواقع الافتراضي ويهدف لتحسين تجربة المستخدم ضمن قطاع العقارات.,الأحياء
3484,تطبيق المستشفيات بتحليل البيانات,الأمن السيبراني,تطبيق مخصص لـ المستشفيات يعمل بتحليل البيانات ويهدف لتحسين تجربة المستخدم ضمن قطاع الأمن السيبراني.,المستشفيات
3485,لوحة تحكم السيارات الكهربائية بالتحليلات التنبؤية,الطاقة,لوحة تحكم مخصص لـ السيارات الكهربائية يعمل بالتحليلات التنبؤية ويهدف لرفع جودة الحياة ضمن قطاع الطاقة.,السيارات الكهربائية
3486,نظام الحجاج بالواقع المعزز,الصحة,نظام مخصص لـ الحجاج يعمل بالواقع المعزز ويهدف لتسهيل الوصول للخدمات ضمن قطاع الصحة.,الحجاج
3487,مساعد ذكي الجهات الحكومية باستخدام إنترنت الأشياء,الأمن السيبراني,مساعد ذكي مخصص لـ الجهات الحكومية يعمل باستخدام إنترنت الأشياء ويهدف لتحسين تجربة المستخدم ضمن قطاع الأمن السيبراني.,الجهات الحكومية
3488,نظام مراقبة المجمعات السكنية بالواقع المعزز,العقارات,نظام مراقبة مخصص لـ المجمعات السكنية يعمل بالواقع المعزز ويهدف لتسريع الإجراءات ضمن قطاع العقارات.,المجمعات السكنية
3489,منصة موحدة الجهات الحكومية بالبلوك تشين,الأمن السيبراني,منصة موحدة مخصص لـ الجهات الحكومية يعمل بالبلوك تشين ويهدف لرفع جودة الحياة ضمن قطاع الأمن السيبراني.,الجهات الحكومية
3490,حل رقمي ذوي الإعاقة بالذكاء الاصطناعي,التعليم,حل رقمي مخصص لـ ذوي الإعاقة يعمل بالذكاء الاصطناعي ويهدف لرفع كفاءة التشغيل ضمن قطاع التعليم.,ذوي الإعاقة
3491,منصة الأحياء بالحوسبة السحابية,العقارات,منصة مخصص لـ الأحياء يعمل بالحوسبة السحابية ويهدف لرفع كفاءة التشغيل ضمن قطاع العقارات.,الأحياء
3492,نظام مراقبة المنازل الذكية بالنماذج اللغوية,الأمن السيبراني,نظام مراقبة مخصص لـ المنازل الذكية يعمل بالنماذج اللغوية ويهدف لتقليل التكاليف ضمن قطاع الأمن السيبراني.,المنازل الذكية
3493,منصة المنازل باستخدام إنترنت الأشياء,الطاقة,منصة مخصص لـ المنازل يعمل باستخدام إنترنت الأشياء ويهدف لتقليل التكاليف ضمن قطاع الطاقة.,المنازل
3494,منصة موحدة الأسر بالروبوتات الذكية,المالية,منصة موحدة مخصص لـ الأسر يعمل بالروبوتات الذكية ويهدف لتسهيل الوصول للخدمات ضمن قطاع المالية.,الأسر
3495,خدمة ذكية الحملات بالواقع المعزز,الحج والعمرة,خدمة ذكية مخصص لـ الحملات يعمل بالواقع المعزز ويهدف لرفع كفاءة التشغيل ضمن قطاع الحج والعمرة.,الحملات
3496,منصة موحدة المجمعات السكنية بالروبوتات الذكية,العقارات,منصة موحدة مخصص لـ المجمعات السكنية يعمل بالروبوتات الذكية ويهدف لدعم رؤية 2030 ضمن قطاع العقارات.,المجمعات السكنية
3497,لوحة تحكم الرياضيين بالذكاء الاصطناعي,الصحة,لوحة تحكم مخصص لـ الرياضيين يعمل بالذكاء الاصطناعي ويهدف لدعم رؤية 2030 ضمن قطاع الصحة.,الرياضيين
3498,منصة المطاعم بالذكاء الاصطناعي,التجارة الإلكترونية,منصة مخصص لـ المطاعم يعمل بالذكاء الاصطناعي ويهدف لتسهيل الوصول للخدمات ضمن قطاع التجارة الإلكترونية.,المطاعم
3499,منصة موحدة الأحياء السكنية بالنماذج اللغوية,المدن الذكية,منصة موحدة مخصص لـ الأحياء السكنية يعمل بالنماذج اللغوية ويهدف لتسريع الإجراءات ضمن قطاع المدن الذكية.,الأحياء السكنية
3500,حل رقمي الحملات بالروبوتات الذكية,الحج والعمرة,حل رقمي مخصص لـ الحملات يعمل بالروبوتات الذكية ويهدف لتقليل التكاليف ضمن قطاع الحج والعمرة.,الحملات
3501,محرك توصيات الجامعات بالتحليلات التنبؤية,التعليم,محرك توصيات مخصص لـ الجامعات يعمل بالتحليلات التنبؤية ويهدف لتعزيز الأمان ضمن قطاع التعليم.,الجامعات
3502,محرك توصيات البنوك بالواقع المعزز,الأمن السيبراني,محرك توصيات مخصص لـ البنوك يعمل بالواقع المعزز ويهدف لتحسين الاستدامة ضمن قطاع الأمن السيبراني.,البنوك
3503,منصة موحدة المستشفيات بالروبوتات الذكية,الأمن السيبراني,منصة موحدة مخصص لـ المستشفيات يعمل بالروبوتات الذكية ويهدف لدعم رؤية 2030 ضمن قطاع الأمن السيبراني.,المستشفيات
3504,مساعد ذكي الحجاج بالواقع الافتراضي,الحج والعمرة,مساعد ذكي مخصص لـ الحجاج يعمل بالواقع الافتراضي ويهدف لتحسين تجربة المستخدم ضمن قطاع الحج والعمرة.,الحجاج
3505,تطبيق المولات بالروبوتات الذكية,المدن الذكية,تطبيق مخصص لـ المولات يعمل بالروبوتات الذكية ويهدف لتحسين الاستدامة ضمن قطاع المدن الذكية.,المولات
3506,خدمة ذكية البنوك بالحوسبة السحابية,الأمن السيبراني,خدمة ذكية مخصص لـ البنوك يعمل بالحوسبة السحابية ويهدف لتقليل التكاليف ضمن قطاع الأمن السيبراني.,البنوك
3507,مساعد ذكي الجهات الحكومية بالواقع الافتراضي,الأمن السيبراني,مساعد ذكي مخصص لـ الجهات الحكومية يعمل بالواقع الافتراضي ويهدف لتسريع الإجراءات ضمن قطاع الأمن السيبراني.,الجهات الحكومية
3508,مساعد ذكي المقاهي بالحوسبة السحابية,التجارة الإلكترونية,مساعد ذكي مخصص لـ المقاهي يعمل بالحوسبة السحابية ويهدف لتسهيل الوصول للخدمات ضمن قطاع التجارة الإلكترونية.,المقاهي
3509,نظام المعلمين بتحليل البيانات,التعليم,نظام مخصص لـ المعلمين يعمل بتحليل البيانات ويهدف لتحسين تجربة المستخدم ضمن قطاع التعليم.,المعلمين
3510,محرك توصيات الجامعات بالواقع المعزز,المدن الذكية,محرك توصيات مخصص لـ الجامعات يعمل بالواقع المعزز ويهدف لتقليل الهدر ضمن قطاع المدن الذكية.,الجامعات
3511,مساعد ذكي المعلمين بالروبوتات الذكية,التعليم,مساعد ذكي مخصص لـ المعلمين يعمل بالروبوتات الذكية ويهدف لرفع كفاءة التشغيل ضمن قطاع التعليم.,المعلمين
3512,نظام كبار السن بالنماذج اللغوية,الصحة,نظام مخصص لـ كبار السن يعمل بالنماذج اللغوية ويهدف لتعزيز الأمان ضمن قطاع الصحة.,كبار السن
3513,منصة موحدة المباني الحكومية بالواقع المعزز,الطاقة,منصة موحدة مخصص لـ المباني الحكومية يعمل بالواقع المعزز ويهدف لتقليل التكاليف ضمن قطاع الطاقة.,المباني الحكومية
3514,نظام الأحياء باستخدام إنترنت الأشياء,العقارات,نظام مخصص لـ الأحياء يعمل باستخدام إنترنت الأشياء ويهدف لتحسين الاستدامة ضمن قطاع العقارات.,الأحياء
3515,حل رقمي المؤجرين بالنماذج اللغوية,العقارات,حل رقمي مخصص لـ المؤجرين يعمل بالنماذج اللغوية ويهدف لتحسين تجربة المستخدم ضمن قطاع العقارات.,المؤجرين
3516,خدمة ذكية النخيل باستخدام إنترنت الأشياء,الزراعة,خدمة ذكية مخصص لـ النخيل يعمل باستخدام إنترنت الأشياء ويهدف لتسريع الإجراءات ضمن قطاع الزراعة.,النخيل
3517,تطبيق النخيل بالحوسبة السحابية,الزراعة,تطبيق مخصص لـ النخيل يعمل بالحوسبة السحابية ويهدف لتسريع الإجراءات ضمن قطاع الزراعة.,النخيل
3518,تطبيق المؤجرين بتحليل البيانات,العقارات,تطبيق مخصص لـ المؤجرين يعمل بتحليل البيانات ويهدف لرفع كفاءة التشغيل ضمن قطاع العقارات.,المؤجرين
3519,تطبيق المزارع بالتحليلات التنبؤية,الزراعة,تطبيق مخصص لـ المزارع يعمل بالتحليلات التنبؤية ويهدف لتحسين تجربة المستخدم ضمن قطاع الزراعة.,المزارع
3520,مساعد ذكي كبار السن بالبلوك تشين,الصحة,مساعد ذكي مخصص لـ كبار السن يعمل بالبلوك تشين ويهدف لدعم رؤية 2030 ضمن قطاع الصحة.,كبار السن
3521,مساعد ذكي المشاعر المقدسة بالواقع الافتراضي,الحج والعمرة,مساعد ذكي مخصص لـ المشاعر المقدسة يعمل بالواقع الافتراضي ويهدف لتسريع الإجراءات ضمن قطاع الحج والعمرة.,المشاعر المقدسة
3522,تطبيق الجهات الحكومية بالواقع الافتراضي,الأمن السيبراني,تطبيق مخصص لـ الجهات الحكومية يعمل بالواقع الافتراضي ويهدف لدعم رؤية 2030 ضمن قطاع الأمن السيبراني.,الجهات الحكومية
3523,منصة موحدة الأحياء بالبلوك تشين,العقارات,منصة موحدة مخصص لـ الأحياء يعمل بالبلوك تشين ويهدف لتعزيز الأمان ضمن قطاع العقارات.,الأحياء
3524,منصة الحملات بالنماذج اللغوية,الحج والعمرة,منصة مخصص لـ الحملات يعمل بالنماذج اللغوية ويهدف لتقليل الهدر ضمن قطاع الحج والعمرة.,الحملات
3525,حل رقمي المستشفيات بتحليل البيانات,الصحة,حل رقمي مخصص لـ المستشفيات يعمل بتحليل البيانات ويهدف لتسريع الإجراءات ضمن قطاع الصحة.,المستشفيات
3526,منصة موحدة ذوي الإعاقة بالواقع المعزز,التعليم,منصة موحدة مخصص لـ ذوي الإعاقة يعمل بالواقع المعزز ويهدف لتقليل التكاليف ضمن قطاع التعليم.,ذوي الإعاقة
3527,لوحة تحكم الأحياء السكنية بالنماذج اللغوية,المدن الذكية,لوحة تحكم مخصص لـ الأحياء السكنية يعمل بالنماذج اللغوية ويهدف لدعم رؤية 2030 ضمن قطاع المدن الذكية.,الأحياء السكنية
3528,نظام المعتمرين بالواقع المعزز,الحج والعمرة,نظام مخصص لـ المعتمرين يعمل بالواقع المعزز ويهدف لرفع كفاءة التشغيل ضمن قطاع الحج والعمرة.,المعتمرين
3529,مساعد ذكي الأسر المنتجة باستخدام إنترنت الأشياء,التجارة الإلكترونية,مساعد ذكي مخصص لـ الأسر المنتجة يعمل باستخدام إنترنت الأشياء ويهدف لتقليل الهدر ضمن قطاع التجارة الإلكترونية.,الأسر المنتجة
3530,منصة ذوي الإعاقة بالروبوتات الذكية,التعليم,منصة مخصص لـ ذوي الإعاقة يعمل بالروبوتات الذكية ويهدف لتحسين الاستدامة ضمن قطاع التعليم.,ذوي الإعاقة
3531,مساعد ذكي الرياض بالواقع الافتراضي,المدن الذكية,مساعد ذكي مخصص لـ الرياض يعمل بالواقع الافتراضي ويهدف لدعم رؤية 2030 ضمن قطاع المدن الذكية.,الرياض
3532,حل رقمي العمالة بالبلوك تشين,المالية,حل رقمي مخصص لـ العمالة يعمل بالبلوك تشين ويهدف لتعزيز الأمان ضمن قطاع المالية.,العمالة
3533,منصة الجامعات بالنماذج اللغوية,المدن الذكية,منصة مخصص لـ الجامعات يعمل بالنماذج اللغوية ويهدف لتعزيز الأمان ضمن قطاع المدن الذكية.,الجامعات
3534,تطبيق الأطفال بالنماذج اللغوية,التعليم,تطبيق مخصص لـ الأطفال يعمل بالنماذج اللغوية ويهدف لتحسين الاستدامة ضمن قطاع التعليم.,الأطفال
3535,حل رقمي العيادات بالبلوك تشين,الصحة,حل رقمي مخصص لـ العيادات يعمل بالبلوك تشين ويهدف لتحسين الاستدامة ضمن قطاع الصحة.,العيادات
3536,محرك توصيات الشركات الصغيرة بالذكاء الاصطناعي,المالية,محرك توصيات مخصص لـ الشركات الصغيرة يعمل بالذكاء الاصطناعي ويهدف لرفع كفاءة التشغيل ضمن قطاع المالية.,الشركات الصغيرة
3537,نظام الأسر المنتجة بالبلوك تشين,التجارة الإلكترونية,نظام مخصص لـ الأسر المنتجة يعمل بالبلوك تشين ويهدف لتقليل الهدر ضمن قطاع التجارة الإلكترونية.,الأسر المنتجة
3538,لوحة تحكم الجهات الحكومية بالنماذج اللغوية,الأمن السيبراني,لوحة تحكم مخصص لـ الجهات الحكومية يعمل بالنماذج اللغوية ويهدف لتحسين الاستدامة ضمن قطاع الأمن السيبراني.,الجهات الحكومية
3539,منصة موحدة المزارع المنزلية بالواقع الافتراضي,الزراعة,منصة موحدة مخصص لـ المزارع المنزلية يعمل بالواقع الافتراضي ويهدف لتحسين الاستدامة ضمن قطاع الزراعة.,المزارع المنزلية
3540,نظام مراقبة الجامعات بالواقع الافتراضي,التعليم,نظام مراقبة مخصص لـ الجامعات يعمل بالواقع الافتراضي ويهدف لرفع جودة الحياة ضمن قطاع التعليم.,الجامعات
3541,مساعد ذكي المشاعر المقدسة بالنماذج اللغوية,الحج والعمرة,مساعد ذكي مخصص لـ المشاعر المقدسة يعمل بالنماذج اللغوية ويهدف لدعم رؤية 2030 ضمن قطاع الحج والعمرة.,المشاعر المقدسة
3542,منصة موحدة المزارع المنزلية بالنماذج اللغوية,الزراعة,منصة موحدة مخصص لـ المزارع المنزلية يعمل بالنماذج اللغوية ويهدف لتقليل الهدر ضمن قطاع الزراعة.,المزارع المنزلية
3543,محرك توصيات الأحياء بالنماذج اللغوية,العقارات,محرك توصيات مخصص لـ الأحياء يعمل بالنماذج اللغوية ويهدف لتعزيز الأمان ضمن قطاع العقارات.,الأحياء
3544,تطبيق المجمعات السكنية بتحليل البيانات,العقارات,تطبيق مخصص لـ المجمعات السكنية يعمل بتحليل البيانات ويهدف لرفع كفاءة التشغيل ضمن قطاع العقارات.,المجمعات السكنية
3545,منصة الرياض بالذكاء الاصطناعي,المدن الذكية,منصة مخصص لـ الرياض يعمل بالذكاء الاصطناعي ويهدف لدعم رؤية 2030 ضمن قطاع المدن الذكية.,الرياض
3546,لوحة تحكم المعتمرين باستخدام إنترنت الأشياء,الحج والعمرة,لوحة تحكم مخصص لـ المعتمرين يعمل باستخدام إنترنت الأشياء ويهدف لرفع جودة الحياة ضمن قطاع الحج والعمرة.,المعتمرين
3547,منصة الأطفال بتحليل البيانات,التعليم,منصة مخصص لـ الأطفال يعمل بتحليل البيانات ويهدف لرفع جودة الحياة ضمن قطاع التعليم.,الأطفال
3548,نظام مراقبة المستشفيات بالتحليلات التنبؤية,الأمن السيبراني,نظام مراقبة مخصص لـ المستشفيات يعمل بالتحليلات التنبؤية ويهدف لتسهيل الوصول للخدمات ضمن قطاع الأمن السيبراني.,المستشفيات
3549,حل رقمي الأسر باستخدام إنترنت الأشياء,المالية,حل رقمي مخصص لـ الأسر يعمل باستخدام إنترنت الأشياء ويهدف لتحسين تجربة المستخدم ضمن قطاع المالية.,الأسر
3550,منصة السيارات الكهربائية بالواقع الافتراضي,الطاقة,منصة مخصص لـ السيارات الكهربائية يعمل بالواقع الافتراضي ويهدف لتقليل التكاليف ضمن قطاع الطاقة.,السيارات الكهربائية
3551,حل رقمي المجمعات السكنية بالروبوتات الذكية,العقارات,حل رقمي مخصص لـ المجمعات السكنية يعمل بالروبوتات الذكية ويهدف لتقليل التكاليف ضمن قطاع العقارات.,المجمعات السكنية
3552,منصة المعتمرين بالتحليلات التنبؤية,الحج والعمرة,منصة مخصص لـ المعتمرين يعمل بالتحليلات التنبؤية ويهدف لتحسين تجربة المستخدم ضمن قطاع الحج والعمرة.,المعتمرين
3553,لوحة تحكم المجمعات السكنية بالتحليلات التنبؤية,العقارات,لوحة تحكم مخصص لـ المجمعات السكنية يعمل بالتحليلات التنبؤية ويهدف لتقليل التكاليف ضمن قطاع العقارات.,المجمعات السكنية
3554,حل رقمي المجمعات السكنية بالذكاء الاصطناعي,العقارات,حل رقمي مخصص لـ المجمعات السكنية يعمل بالذكاء الاصطناعي ويهدف لدعم رؤية 2030 ضمن قطاع العقارات.,المجمعات السكنية
3555,منصة موحدة السيارات الكهربائية بالواقع الافتراضي,الطاقة,منصة موحدة مخصص لـ السيارات الكهربائية يعمل بالواقع الافتراضي ويهدف لتقليل التكاليف ضمن قطاع الطاقة.,السيارات الكهربائية
3556,منصة ذوي الإعاقة بالحوسبة السحابية,التعليم,منصة مخصص لـ ذوي الإعاقة يعمل بالحوسبة السحابية ويهدف لتعزيز الأمان ضمن قطاع التعليم.,ذوي الإعاقة
3557,محرك توصيات الأحياء بالواقع الافتراضي,العقارات,محرك توصيات مخصص لـ الأحياء يعمل بالواقع الافتراضي ويهدف لرفع جودة الحياة ضمن قطاع العقارات.,الأحياء
3558,محرك توصيات المستشفيات بالنماذج اللغوية,الأمن السيبراني,محرك توصيات مخصص لـ المستشفيات يعمل بالنماذج اللغوية ويهدف لتقليل التكاليف ضمن قطاع الأمن السيبراني.,المستشفيات
3559,نظام مراقبة الشركات الصغيرة بالنماذج اللغوية,المالية,نظام مراقبة مخصص لـ الشركات الصغيرة يعمل بالنماذج اللغوية ويهدف لتقليل التكاليف ضمن قطاع المالية.,الشركات الصغيرة
3560,نظام الجامعات بالروبوتات الذكية,المدن الذكية,نظام مخصص لـ الجامعات يعمل بالروبوتات الذكية ويهدف لتحسين تجربة المستخدم ضمن قطاع المدن الذكية.,الجامعات
3561,مساعد ذكي الأسر بالروبوتات الذكية,المالية,مساعد ذكي مخصص لـ الأسر يعمل بالروبوتات الذكية ويهدف لتحسين تجربة المستخدم ضمن قطاع المالية.,الأسر
3562,لوحة تحكم العمالة باستخدام إنترنت الأشياء,المالية,لوحة تحكم مخصص لـ العمالة يعمل باستخدام إنترنت الأشياء ويهدف لتسهيل الوصول للخدمات ضمن قطاع المالية.,العمالة
3563,منصة موحدة المجمعات السكنية باستخدام إنترنت الأشياء,العقارات,منصة موحدة مخصص لـ المجمعات السكنية يعمل باستخدام إنترنت الأشياء ويهدف لتسهيل الوصول للخدمات ضمن قطاع العقارات.,المجمعات السكنية
3564,حل رقمي المقاهي بتحليل البيانات,التجارة الإلكترونية,حل رقمي مخصص لـ المقاهي يعمل بتحليل البيانات ويهدف لرفع كفاءة التشغيل ضمن قطاع التجارة الإلكترونية.,المقاهي
3565,مساعد ذكي المقاهي بالواقع الافتراضي,التجارة الإلكترونية,مساعد ذكي مخصص لـ المقاهي يعمل بالواقع الافتراضي ويهدف لدعم رؤية 2030 ضمن قطاع التجارة الإلكترونية.,المقاهي
3566,محرك توصيات المولات بالنماذج اللغوية,المدن الذكية,محرك توصيات مخصص لـ المولات يعمل بالنماذج اللغوية ويهدف لدعم رؤية 2030 ضمن قطاع المدن الذكية.,المولات
3567,لوحة تحكم البيوت المحمية بالذكاء الاصطناعي,الزراعة,لوحة تحكم مخصص لـ البيوت المحمية يعمل بالذكاء الاصطناعي ويهدف لتحسين الاستدامة ضمن قطاع الزراعة.,البيوت المحمية
3568,نظام مراقبة السيارات الكهربائية بالذكاء الاصطناعي,الطاقة,نظام مراقبة مخصص لـ السيارات الكهربائية يعمل بالذكاء الاصطناعي ويهدف لتسريع الإجراءات ضمن قطاع الطاقة.,السيارات الكهربائية
3569,مساعد ذكي الجهات الحكومية بالروبوتات الذكية,الأمن السيبراني,مساعد ذكي مخصص لـ الجهات الحكومية يعمل بالروبوتات الذكية ويهدف لتقليل الهدر ضمن قطاع الأمن السيبراني.,الجهات الحكومية
3570,مساعد ذكي المشاعر المقدسة بالذكاء الاصطناعي,الحج والعمرة,مساعد ذكي مخصص لـ المشاعر المقدسة يعمل بالذكاء الاصطناعي ويهدف لرفع كفاءة التشغيل ضمن قطاع الحج والعمرة.,المشاعر المقدسة
3571,منصة الأحياء باستخدام إنترنت الأشياء,العقارات,منصة مخصص لـ الأحياء يعمل باستخدام إنترنت الأشياء ويهدف لدعم رؤية 2030 ضمن قطاع العقارات.,الأحياء
3572,منصة موحدة المطاعم بالواقع الافتراضي,التجارة الإلكترونية,منصة موحدة مخصص لـ المطاعم يعمل بالواقع الافتراضي ويهدف لتعزيز الأمان ضمن قطاع التجارة الإلكترونية.,المطاعم
3573,خدمة ذكية المقاهي بالروبوتات الذكية,التجارة الإلكترونية,خدمة ذكية مخصص لـ المقاهي يعمل بالروبوتات الذكية ويهدف لتسريع الإجراءات ضمن قطاع التجارة الإلكترونية.,المقاهي
3574,خدمة ذكية المنازل الذكية بالذكاء الاصطناعي,الأمن السيبراني,خدمة ذكية مخصص لـ المنازل الذكية يعمل بالذكاء الاصطناعي ويهدف لتسهيل الوصول للخدمات ضمن قطاع الأمن السيبراني.,المنازل الذكية
3575,نظام مراقبة كبار السن بالنماذج اللغوية,الصحة,نظام مراقبة مخصص لـ كبار السن يعمل بالنماذج اللغوية ويهدف لتعزيز الأمان ضمن قطاع الصحة.,كبار السن
3576,تطبيق العيادات بالواقع المعزز,الصحة,تطبيق مخصص لـ العيادات يعمل بالواقع المعزز ويهدف لتسهيل الوصول للخدمات ضمن قطاع الصحة.,العيادات
3577,مساعد ذكي الحملات بالواقع الافتراضي,الحج والعمرة,مساعد ذكي مخصص لـ الحملات يعمل بالواقع الافتراضي ويهدف لتسريع الإجراءات ضمن قطاع الحج والعمرة.,الحملات
3578,نظام المزارع المنزلية بالبلوك تشين,الزراعة,نظام مخصص لـ المزارع المنزلية يعمل بالبلوك تشين ويهدف لتسريع الإجراءات ضمن قطاع الزراعة.,المزارع المنزلية
3579,منصة موحدة الرياضيين بالواقع الافتراضي,الصحة,منصة موحدة مخصص لـ الرياضيين يعمل بالواقع الافتراضي ويهدف لتعزيز الأمان ضمن قطاع الصحة.,الرياضيين
3580,خدمة ذكية الشركات بتحليل البيانات,الأمن السيبراني,خدمة ذكية مخصص لـ الشركات يعمل بتحليل البيانات ويهدف لرفع جودة الحياة ضمن قطاع الأمن السيبراني.,الشركات
3581,منصة موحدة الحجاج بالواقع المعزز,الصحة,منصة موحدة مخصص لـ الحجاج يعمل بالواقع المعزز ويهدف لتقليل الهدر ضمن قطاع الصحة.,الحجاج
3582,منصة الطلاب بالواقع المعزز,المالية,منصة مخصص لـ الطلاب يعمل بالواقع المعزز ويهدف لدعم رؤية 2030 ضمن قطاع المالية.,الطلاب
3583,تطبيق المقاهي بالروبوتات الذكية,التجارة الإلكترونية,تطبيق مخصص لـ المقاهي يعمل بالروبوتات الذكية ويهدف لتحسين الاستدامة ضمن قطاع التجارة الإلكترونية.,المقاهي
3584,منصة موحدة المباني الحكومية بتحليل البيانات,الطاقة,منصة موحدة مخصص لـ المباني الحكومية يعمل بتحليل البيانات ويهدف لتحسين الاستدامة ضمن قطاع الطاقة.,المباني الحكومية
3585,محرك توصيات جدة باستخدام إنترنت الأشياء,المدن الذكية,محرك توصيات مخصص لـ جدة يعمل باستخدام إنترنت الأشياء ويهدف لدعم رؤية 2030 ضمن قطاع المدن الذكية.,جدة
3586,نظام مراقبة المشاعر المقدسة بالواقع المعزز,الحج والعمرة,نظام مراقبة مخصص لـ المشاعر المقدسة يعمل بالواقع المعزز ويهدف لتسريع الإجراءات ضمن قطاع الحج والعمرة.,المشاعر المقدسة
3587,خدمة ذكية المصانع بتحليل البيانات,الطاقة,خدمة ذكية مخصص لـ المصانع يعمل بتحليل البيانات ويهدف لدعم رؤية 2030 ضمن قطاع الطاقة.,المصانع
3588,مساعد ذكي المزارع المنزلية بالذكاء الاصطناعي,الزراعة,مساعد ذكي مخصص لـ المزارع المنزلية يعمل بالذكاء الاصطناعي ويهدف لتقليل الهدر ضمن قطاع الزراعة.,المزارع المنزلية
3589,تطبيق المولات بالذكاء الاصطناعي,المدن الذكية,تطبيق مخصص لـ المولات يعمل بالذكاء الاصطناعي ويهدف لتسهيل الوصول للخدمات ضمن قطاع المدن الذكية.,المولات
3590,محرك توصيات الحج بالواقع المعزز,المدن الذكية,محرك توصيات مخصص لـ الحج يعمل بالواقع المعزز ويهدف لرفع كفاءة التشغيل ضمن قطاع المدن الذكية.,الحج
3591,نظام المدارس بالنماذج اللغوية,التعليم,نظام مخصص لـ المدارس يعمل بالنماذج اللغوية ويهدف لتسريع الإجراءات ضمن قطاع التعليم.,المدارس
3592,محرك توصيات الأحياء السكنية بالروبوتات الذكية,المدن الذكية,محرك توصيات مخصص لـ الأحياء السكنية يعمل بالروبوتات الذكية ويهدف لرفع جودة الحياة ضمن قطاع المدن الذكية.,الأحياء السكنية
3593,خدمة ذكية الطلاب بالنماذج اللغوية,العقارات,خدمة ذكية مخصص لـ الطلاب يعمل بالنماذج اللغوية ويهدف لتقليل التكاليف ضمن قطاع العقارات.,الطلاب
3594,تطبيق المطاعم بالنماذج اللغوية,التجارة الإلكترونية,تطبيق مخصص لـ المطاعم يعمل بالنماذج اللغوية ويهدف لتحسين تجربة المستخدم ضمن قطاع التجارة الإلكترونية.,المطاعم
3595,منصة الرياض بالتحليلات التنبؤية,المدن الذكية,منصة مخصص لـ الرياض يعمل بالتحليلات التنبؤية ويهدف لرفع جودة الحياة ضمن قطاع المدن الذكية.,الرياض
3596,منصة موحدة الأحياء بالتحليلات التنبؤية,العقارات,منصة موحدة مخصص لـ الأحياء يعمل بالتحليلات التنبؤية ويهدف لتسهيل الوصول للخدمات ضمن قطاع العقارات.,الأحياء
3597,مساعد ذكي المعتمرين بالبلوك تشين,الحج والعمرة,مساعد ذكي مخصص لـ المعتمرين يعمل بالبلوك تشين ويهدف لتحسين الاستدامة ضمن قطاع الحج والعمرة.,المعتمرين
3598,لوحة تحكم المباني الحكومية بالروبوتات الذكية,الطاقة,لوحة تحكم مخصص لـ المباني الحكومية يعمل بالروبوتات الذكية ويهدف لتسهيل الوصول للخدمات ضمن قطاع الطاقة.,المباني الحكومية
3599,نظام مراقبة المزارع المنزلية بالواقع المعزز,الزراعة,نظام مراقبة مخصص لـ المزارع المنزلية يعمل بالواقع المعزز ويهدف لتسهيل الوصول للخدمات ضمن قطاع الزراعة.,المزارع المنزلية
3600,نظام مراقبة الأحياء السكنية بالنماذج اللغوية,المدن الذكية,نظام مراقبة مخصص لـ الأحياء السكنية يعمل بالنماذج اللغوية ويهدف لدعم رؤية 2030 ضمن قطاع المدن الذكية.,الأحياء السكنية
3601,تطبيق المطاعم بالتحليلات التنبؤية,التجارة الإلكترونية,تطبيق مخصص لـ المطاعم يعمل بالتحليلات التنبؤية ويهدف لتقليل الهدر ضمن قطاع التجارة الإلكترونية.,المطاعم
3602,حل رقمي النخيل بتحليل البيانات,الزراعة,حل رقمي مخصص لـ النخيل يعمل بتحليل البيانات ويهدف لتسهيل الوصول للخدمات ضمن قطاع الزراعة.,النخيل
3603,لوحة تحكم الأطفال بالنماذج اللغوية,الصحة,لوحة تحكم مخصص لـ الأطفال يعمل بالنماذج اللغوية ويهدف لتسريع الإجراءات ضمن قطاع الصحة.,الأطفال
3604,لوحة تحكم الجامعات بالنماذج اللغوية,التعليم,لوحة تحكم مخصص لـ الجامعات يعمل بالنماذج اللغوية ويهدف لتسريع الإجراءات ضمن قطاع التعليم.,الجامعات
3605,نظام مراقبة المتاجر الصغيرة بالواقع الافتراضي,التجارة الإلكترونية,نظام مراقبة مخصص لـ المتاجر الصغيرة يعمل بالواقع الافتراضي ويهدف لرفع كفاءة التشغيل ضمن قطاع التجارة الإلكترونية.,المتاجر الصغيرة
3606,نظام مراقبة المتاجر الصغيرة بالذكاء الاصطناعي,التجارة الإلكترونية,نظام مراقبة مخصص لـ المتاجر الصغيرة يعمل بالذكاء الاصطناعي ويهدف لرفع جودة الحياة ضمن قطاع التجارة الإلكترونية.,المتاجر الصغيرة
3607,حل رقمي الأحياء بالواقع المعزز,العقارات,حل رقمي مخصص لـ الأحياء يعمل بالواقع المعزز ويهدف لدعم رؤية 2030 ضمن قطاع العقارات.,الأحياء
3608,محرك توصيات الحج باستخدام إنترنت الأشياء,المدن الذكية,محرك توصيات مخصص لـ الحج يعمل باستخدام إنترنت الأشياء ويهدف لتحسين الاستدامة ضمن قطاع المدن الذكية.,الحج
3609,محرك توصيات المدارس باستخدام إنترنت الأشياء,التعليم,محرك توصيات مخصص لـ المدارس يعمل باستخدام إنترنت الأشياء ويهدف لتعزيز الأمان ضمن قطاع التعليم.,المدارس
3610,نظام الحج بالواقع المعزز,المدن الذكية,نظام مخصص لـ الحج يعمل بالواقع المعزز ويهدف لتحسين الاستدامة ضمن قطاع المدن الذكية.,الحج
3611,حل رقمي المدارس بالواقع المعزز,التعليم,حل رقمي مخصص لـ المدارس يعمل بالواقع المعزز ويهدف لتقليل الهدر ضمن قطاع التعليم.,المدارس
3612,نظام مراقبة المجمعات السكنية بالحوسبة السحابية,العقارات,نظام مراقبة مخصص لـ المجمعات السكنية يعمل بالحوسبة السحابية ويهدف لرفع كفاءة التشغيل ضمن قطاع العقارات.,المجمعات السكنية
3613,محرك توصيات الأسر بالبلوك تشين,المالية,محرك توصيات مخصص لـ الأسر يعمل بالبلوك تشين ويهدف لتحسين الاستدامة ضمن قطاع المالية.,الأسر
3614,نظام مراقبة الحملات بالحوسبة السحابية,الحج والعمرة,نظام مراقبة مخصص لـ الحملات يعمل بالحوسبة السحابية ويهدف لدعم رؤية 2030 ضمن قطاع الحج والعمرة.,الحملات
3615,محرك توصيات المتاجر الصغيرة باستخدام إنترنت الأشياء,التجارة الإلكترونية,محرك توصيات مخصص لـ المتاجر الصغيرة يعمل باستخدام إنترنت الأشياء ويهدف لتسريع الإجراءات ضمن قطاع التجارة الإلكترونية.,المتاجر الصغيرة
3616,نظام مراقبة المستثمرين بالواقع المعزز,المالية,نظام مراقبة مخصص لـ المستثمرين يعمل بالواقع المعزز ويهدف لتسهيل الوصول للخدمات ضمن قطاع المالية.,المستثمرين
3617,مساعد ذكي المولات بالذكاء الاصطناعي,المدن الذكية,مساعد ذكي مخصص لـ المولات يعمل بالذكاء الاصطناعي ويهدف لدعم رؤية 2030 ضمن قطاع المدن الذكية.,المولات
3618,مساعد ذكي السيارات الكهربائية بالحوسبة السحابية,الطاقة,مساعد ذكي مخصص لـ السيارات الكهربائية يعمل بالحوسبة السحابية ويهدف لتقليل الهدر ضمن قطاع الطاقة.,السيارات الكهربائية
3619,منصة موحدة البيوت المحمية بالحوسبة السحابية,الزراعة,منصة موحدة مخصص لـ البيوت المحمية يعمل بالحوسبة السحابية ويهدف لتعزيز الأمان ضمن قطاع الزراعة.,البيوت المحمية
3620,محرك توصيات المشاعر المقدسة بالتحليلات التنبؤية,الحج والعمرة,محرك توصيات مخصص لـ المشاعر المقدسة يعمل بالتحليلات التنبؤية ويهدف لتقليل التكاليف ضمن قطاع الحج والعمرة.,المشاعر المقدسة
3621,محرك توصيات كبار السن بالواقع الافتراضي,الصحة,محرك توصيات مخصص لـ كبار السن يعمل بالواقع الافتراضي ويهدف لتعزيز الأمان ضمن قطاع الصحة.,كبار السن
3622,محرك توصيات المؤجرين بتحليل البيانات,العقارات,محرك توصيات مخصص لـ المؤجرين يعمل بتحليل البيانات ويهدف لرفع كفاءة التشغيل ضمن قطاع العقارات.,المؤجرين
3623,حل رقمي الرياض بالواقع المعزز,المدن الذكية,حل رقمي مخصص لـ الرياض يعمل بالواقع المعزز ويهدف لتسهيل الوصول للخدمات ضمن قطاع المدن الذكية.,الرياض
3624,منصة البيوت المحمية بالحوسبة السحابية,الزراعة,منصة مخصص لـ البيوت المحمية يعمل بالحوسبة السحابية ويهدف لدعم رؤية 2030 ضمن قطاع الزراعة.,البيوت المحمية
3625,تطبيق المنازل الذكية بالتحليلات التنبؤية,الأمن السيبراني,تطبيق مخصص لـ المنازل الذكية يعمل بالتحليلات التنبؤية ويهدف لتحسين الاستدامة ضمن قطاع الأمن السيبراني.,المنازل الذكية
3626,حل رقمي كبار السن بالروبوتات الذكية,الصحة,حل رقمي مخصص لـ كبار السن يعمل بالروبوتات الذكية ويهدف لرفع كفاءة التشغيل ضمن قطاع الصحة.,كبار السن
3627,محرك توصيات الجامعات بتحليل البيانات,المدن الذكية,محرك توصيات مخصص لـ الجامعات يعمل بتحليل البيانات ويهدف لدعم رؤية 2030 ضمن قطاع المدن الذكية.,الجامعات
3628,حل رقمي المشاعر المقدسة بالذكاء الاصطناعي,الحج والعمرة,حل رقمي مخصص لـ المشاعر المقدسة يعمل بالذكاء الاصطناعي ويهدف لرفع كفاءة التشغيل ضمن قطاع الحج والعمرة.,المشاعر المقدسة
3629,محرك توصيات الحجاج بالبلوك تشين,الحج والعمرة,محرك توصيات مخصص لـ الحجاج يعمل بالبلوك تشين ويهدف لتقليل التكاليف ضمن قطاع الحج والعمرة.,الحجاج
3630,نظام مراقبة العيادات بالذكاء الاصطناعي,الصحة,نظام مراقبة مخصص لـ العيادات يعمل بالذكاء الاصطناعي ويهدف لتحسين الاستدامة ضمن قطاع الصحة.,العيادات
3631,لوحة تحكم المصانع بالتحليلات التنبؤية,الطاقة,لوحة تحكم مخصص لـ المصانع يعمل بالتحليلات التنبؤية ويهدف لتحسين تجربة المستخدم ضمن قطاع الطاقة.,المصانع
3632,حل رقمي المباني الحكومية بالبلوك تشين,الطاقة,حل رقمي مخصص لـ المباني الحكومية يعمل بالبلوك تشين ويهدف لتقليل الهدر ضمن قطاع الطاقة.,المباني الحكومية
3633,محرك توصيات المصانع باستخدام إنترنت الأشياء,الطاقة,محرك توصيات مخصص لـ المصانع يعمل باستخدام إنترنت الأشياء ويهدف لتحسين الاستدامة ضمن قطاع الطاقة.,المصانع
3634,مساعد ذكي المدارس بتحليل البيانات,التعليم,مساعد ذكي مخصص لـ المدارس يعمل بتحليل البيانات ويهدف لتحسين الاستدامة ضمن قطاع التعليم.,المدارس
3635,محرك توصيات الأسر بالحوسبة السحابية,المالية,محرك توصيات مخصص لـ الأسر يعمل بالحوسبة السحابية ويهدف لرفع جودة الحياة ضمن قطاع المالية.,الأسر
3636,نظام السيارات الكهربائية بالذكاء الاصطناعي,الطاقة,نظام مخصص لـ السيارات الكهربائية يعمل بالذكاء الاصطناعي ويهدف لتقليل الهدر ضمن قطاع الطاقة.,السيارات الكهربائية
3637,تطبيق الأسر المنتجة بالواقع المعزز,التجارة الإلكترونية,تطبيق مخصص لـ الأسر المنتجة يعمل بالواقع المعزز ويهدف لتقليل التكاليف ضمن قطاع التجارة الإلكترونية.,الأسر المنتجة
3638,نظام المستشفيات بالحوسبة السحابية,الصحة,نظام مخصص لـ المستشفيات يعمل بالحوسبة السحابية ويهدف لرفع جودة الحياة ضمن قطاع الصحة.,المستشفيات
3639,لوحة تحكم المزارع المنزلية بالواقع الافتراضي,الزراعة,لوحة تحكم مخصص لـ المزارع المنزلية يعمل بالواقع الافتراضي ويهدف لتسريع الإجراءات ضمن قطاع الزراعة.,المزارع المنزلية
3640,لوحة تحكم المصانع بالروبوتات الذكية,الطاقة,لوحة تحكم مخصص لـ المصانع يعمل بالروبوتات الذكية ويهدف لتسهيل الوصول للخدمات ضمن قطاع الطاقة.,المصانع
3641,لوحة تحكم المولات بالتحليلات التنبؤية,المدن الذكية,لوحة تحكم مخصص لـ المولات يعمل بالتحليلات التنبؤية ويهدف لرفع كفاءة التشغيل ضمن قطاع المدن الذكية.,المولات
3642,نظام الأسر المنتجة بالروبوتات الذكية,التجارة الإلكترونية,نظام مخصص لـ الأسر المنتجة يعمل بالروبوتات الذكية ويهدف لرفع كفاءة التشغيل ضمن قطاع التجارة الإلكترونية.,الأسر المنتجة
3643,تطبيق الحجاج بالتحليلات التنبؤية,الحج والعمرة,تطبيق مخصص لـ الحجاج يعمل بالتحليلات التنبؤية ويهدف لتحسين الاستدامة ضمن قطاع الحج والعمرة.,الحجاج
3644,محرك توصيات العيادات بالتحليلات التنبؤية,الصحة,محرك توصيات مخصص لـ العيادات يعمل بالتحليلات التنبؤية ويهدف لرفع كفاءة التشغيل ضمن قطاع الصحة.,العيادات
3645,منصة الجامعات بالواقع المعزز,التعليم,منصة مخصص لـ الجامعات يعمل بالواقع المعزز ويهدف لتسريع الإجراءات ضمن قطاع التعليم.,الجامعات
3646,تطبيق الحج بالحوسبة السحابية,المدن الذكية,تطبيق مخصص لـ الحج يعمل بالحوسبة السحابية ويهدف لتسريع الإجراءات ضمن قطاع المدن الذكية.,الحج
3647,منصة المطاعم بالحوسبة السحابية,التجارة الإلكترونية,منصة مخصص لـ المطاعم يعمل بالحوسبة السحابية ويهدف لتحسين تجربة المستخدم ضمن قطاع التجارة الإلكترونية.,المطاعم
3648,تطبيق المستثمرين بالواقع الافتراضي,المالية,تطبيق مخصص لـ المستثمرين يعمل بالواقع الافتراضي ويهدف لتقليل الهدر ضمن قطاع المالية.,المستثمرين
3649,حل رقمي الجامعات بالذكاء الاصطناعي,التعليم,حل رقمي مخصص لـ الجامعات يعمل بالذكاء الاصطناعي ويهدف لتسريع الإجراءات ضمن قطاع التعليم.,الجامعات
3650,لوحة تحكم الشركات بالنماذج اللغوية,الأمن السيبراني,لوحة تحكم مخصص لـ الشركات يعمل بالنماذج اللغوية ويهدف لدعم رؤية 2030 ضمن قطاع الأمن السيبراني.,الشركات
3651,محرك توصيات المنازل الذكية بالتحليلات التنبؤية,الأمن السيبراني,محرك توصيات مخصص لـ المنازل الذكية يعمل بالتحليلات التنبؤية ويهدف لتسهيل الوصول للخدمات ضمن قطاع الأمن السيبراني.,المنازل الذكية
3652,حل رقمي المطاعم بالتحليلات التنبؤية,التجارة الإلكترونية,حل رقمي مخصص لـ المطاعم يعمل بالتحليلات التنبؤية ويهدف لتحسين تجربة المستخدم ضمن قطاع التجارة الإلكترونية.,المطاعم
3653,نظام الجهات الحكومية بالتحليلات التنبؤية,الأمن السيبراني,نظام مخصص لـ الجهات الحكومية يعمل بالتحليلات التنبؤية ويهدف لتسريع الإجراءات ضمن قطاع الأمن السيبراني.,الجهات الحكومية
3654,محرك توصيات المباني الحكومية بالتحليلات التنبؤية,الطاقة,محرك توصيات مخصص لـ المباني الحكومية يعمل بالتحليلات التنبؤية ويهدف لتحسين الاستدامة ضمن قطاع الطاقة.,المباني الحكومية
3655,منصة موحدة الأسر المنتجة بالروبوتات الذكية,التجارة الإلكترونية,منصة موحدة مخصص لـ الأسر المنتجة يعمل بالروبوتات الذكية ويهدف لتسهيل الوصول للخدمات ضمن قطاع التجارة الإلكترونية.,الأسر المنتجة
3656,لوحة تحكم المباني الحكومية بالواقع الافتراضي,الطاقة,لوحة تحكم مخصص لـ المباني الحكومية يعمل بالواقع الافتراضي ويهدف لرفع جودة الحياة ضمن قطاع الطاقة.,المباني الحكومية
3657,حل رقمي المجمعات السكنية بالحوسبة السحابية,العقارات,حل رقمي مخصص لـ المجمعات السكنية يعمل بالحوسبة السحابية ويهدف لرفع كفاءة التشغيل ضمن قطاع العقارات.,المجمعات السكنية
3658,نظام المقاهي بتحليل البيانات,التجارة الإلكترونية,نظام مخصص لـ المقاهي يعمل بتحليل البيانات ويهدف لتحسين الاستدامة ضمن قطاع التجارة الإلكترونية.,المقاهي
3659,حل رقمي جدة بالتحليلات التنبؤية,المدن الذكية,حل رقمي مخصص لـ جدة يعمل بالتحليلات التنبؤية ويهدف لرفع كفاءة التشغيل ضمن قطاع المدن الذكية.,جدة
3660,حل رقمي المنازل الذكية بالواقع الافتراضي,الأمن السيبراني,حل رقمي مخصص لـ المنازل الذكية يعمل بالواقع الافتراضي ويهدف لتحسين الاستدامة ضمن قطاع الأمن السيبراني.,المنازل الذكية
3661,منصة المصانع بالذكاء الاصطناعي,الطاقة,منصة مخصص لـ المصانع يعمل بالذكاء الاصطناعي ويهدف لتحسين تجربة المستخدم ضمن قطاع الطاقة.,المصانع
3662,تطبيق المجمعات السكنية بالواقع الافتراضي,العقارات,تطبيق مخصص لـ المجمعات السكنية يعمل بالواقع الافتراضي ويهدف لتحسين تجربة المستخدم ضمن قطاع العقارات.,المجمعات السكنية
3663,مساعد ذكي الرياض بالتحليلات التنبؤية,المدن الذكية,مساعد ذكي مخصص لـ الرياض يعمل بالتحليلات التنبؤية ويهدف لتحسين تجربة المستخدم ضمن قطاع المدن الذكية.,الرياض
3664,منصة موحدة جدة بالحوسبة السحابية,المدن الذكية,منصة موحدة مخصص لـ جدة يعمل بالحوسبة السحابية ويهدف لتقليل الهدر ضمن قطاع المدن الذكية.,جدة
3665,محرك توصيات الرياضيين بالواقع المعزز,الصحة,محرك توصيات مخصص لـ الرياضيين يعمل بالواقع المعزز ويهدف لتسهيل الوصول للخدمات ضمن قطاع الصحة.,الرياضيين
3666,حل رقمي النخيل بالذكاء الاصطناعي,الزراعة,حل رقمي مخصص لـ النخيل يعمل بالذكاء الاصطناعي ويهدف لتسهيل الوصول للخدمات ضمن قطاع الزراعة.,النخيل
3667,حل رقمي العيادات بالحوسبة السحابية,الصحة,حل رقمي مخصص لـ العيادات يعمل بالحوسبة السحابية ويهدف لرفع جودة الحياة ضمن قطاع الصحة.,العيادات
3668,حل رقمي المقاهي بالذكاء الاصطناعي,التجارة الإلكترونية,حل رقمي مخصص لـ المقاهي يعمل بالذكاء الاصطناعي ويهدف لرفع جودة الحياة ضمن قطاع التجارة الإلكترونية.,المقاهي
3669,محرك توصيات المجمعات السكنية بالتحليلات التنبؤية,العقارات,محرك توصيات مخصص لـ المجمعات السكنية يعمل بالتحليلات التنبؤية ويهدف لرفع كفاءة التشغيل ضمن قطاع العقارات.,المجمعات السكنية
3670,مساعد ذكي البيوت المحمية بالواقع الافتراضي,الزراعة,مساعد ذكي مخصص لـ البيوت المحمية يعمل بالواقع الافتراضي ويهدف لرفع جودة الحياة ضمن قطاع الزراعة.,البيوت المحمية
3671,محرك توصيات المباني الحكومية بتحليل البيانات,الطاقة,محرك توصيات مخصص لـ المباني الحكومية يعمل بتحليل البيانات ويهدف لتقليل الهدر ضمن قطاع الطاقة.,المباني الحكومية
3672,محرك توصيات المجمعات السكنية بالروبوتات الذكية,العقارات,محرك توصيات مخصص لـ المجمعات السكنية يعمل بالروبوتات الذكية ويهدف لتحسين تجربة المستخدم ضمن قطاع العقارات.,المجمعات السكنية
3673,نظام مراقبة الشركات بالواقع الافتراضي,الأمن السيبراني,نظام مراقبة مخصص لـ الشركات يعمل بالواقع الافتراضي ويهدف لتحسين الاستدامة ضمن قطاع الأمن السيبراني.,الشركات
3674,محرك توصيات المؤجرين بالذكاء الاصطناعي,العقارات,محرك توصيات مخصص لـ المؤجرين يعمل بالذكاء الاصطناعي ويهدف لتسريع الإجراءات ضمن قطاع العقارات.,المؤجرين
3675,مساعد ذكي المؤجرين بالنماذج اللغوية,العقارات,مساعد ذكي مخصص لـ المؤجرين يعمل بالنماذج اللغوية ويهدف لرفع كفاءة التشغيل ضمن قطاع العقارات.,المؤجرين
3676,مساعد ذكي العيادات بالبلوك تشين,الصحة,مساعد ذكي مخصص لـ العيادات يعمل بالبلوك تشين ويهدف لرفع كفاءة التشغيل ضمن قطاع الصحة.,العيادات
3677,محرك توصيات البنوك بالواقع الافتراضي,الأمن السيبراني,محرك توصيات مخصص لـ البنوك يعمل بالواقع الافتراضي ويهدف لرفع جودة الحياة ضمن قطاع الأمن السيبراني.,البنوك
3678,نظام مراقبة المعلمين بالبلوك تشين,التعليم,نظام مراقبة مخصص لـ المعلمين يعمل بالبلوك تشين ويهدف لتسريع الإجراءات ضمن قطاع التعليم.,المعلمين
3679,محرك توصيات المستثمرين بالواقع المعزز,المالية,محرك توصيات مخصص لـ المستثمرين يعمل بالواقع المعزز ويهدف لتقليل التكاليف ضمن قطاع المالية.,المستثمرين
3680,محرك توصيات الجهات الحكومية بالواقع الافتراضي,الأمن السيبراني,محرك توصيات مخصص لـ الجهات الحكومية يعمل بالواقع الافتراضي ويهدف لتقليل الهدر ضمن قطاع الأمن السيبراني.,الجهات الحكومية
3681,لوحة تحكم الرياضيين بالبلوك تشين,الصحة,لوحة تحكم مخصص لـ الرياضيين يعمل بالبلوك تشين ويهدف لتحسين تجربة المستخدم ضمن قطاع الصحة.,الرياضيين
3682,منصة موحدة المعتمرين بالذكاء الاصطناعي,الحج والعمرة,منصة موحدة مخصص لـ المعتمرين يعمل بالذكاء الاصطناعي ويهدف لتعزيز الأمان ضمن قطاع الحج والعمرة.,المعتمرين
3683,خدمة ذكية المستشفيات بالحوسبة السحابية,الأمن السيبراني,خدمة ذكية مخصص لـ المستشفيات يعمل بالحوسبة السحابية ويهدف لدعم رؤية 2030 ضمن قطاع الأمن السيبراني.,المستشفيات
3684,خدمة ذكية البيوت المحمية بالنماذج اللغوية,الزراعة,خدمة ذكية مخصص لـ البيوت المحمية يعمل بالنماذج اللغوية ويهدف لتقليل الهدر ضمن قطاع الزراعة.,البيوت المحمية
3685,لوحة تحكم المباني الحكومية باستخدام إنترنت الأشياء,الطاقة,لوحة تحكم مخصص لـ المباني الحكومية يعمل باستخدام إنترنت الأشياء ويهدف لرفع كفاءة التشغيل ضمن قطاع الطاقة.,المباني الحكومية
3686,مساعد ذكي جدة بالواقع المعزز,المدن الذكية,مساعد ذكي مخصص لـ جدة يعمل بالواقع المعزز ويهدف لرفع جودة الحياة ضمن قطاع المدن الذكية.,جدة
3687,نظام الجامعات بالنماذج اللغوية,المدن الذكية,نظام مخصص لـ الجامعات يعمل بالنماذج اللغوية ويهدف لتقليل الهدر ضمن قطاع المدن الذكية.,الجامعات
3688,نظام مراقبة الجهات الحكومية بالروبوتات الذكية,الأمن السيبراني,نظام مراقبة مخصص لـ الجهات الحكومية يعمل بالروبوتات الذكية ويهدف لتعزيز الأمان ضمن قطاع الأمن السيبراني.,الجهات الحكومية
3689,تطبيق المؤجرين بالنماذج اللغوية,العقارات,تطبيق مخصص لـ المؤجرين يعمل بالنماذج اللغوية ويهدف لتعزيز الأمان ضمن قطاع العقارات.,المؤجرين
3690,محرك توصيات العمالة بالواقع الافتراضي,المالية,محرك توصيات مخصص لـ العمالة يعمل بالواقع الافتراضي ويهدف لرفع جودة الحياة ضمن قطاع المالية.,العمالة
3691,منصة الشركات بالواقع الافتراضي,الأمن السيبراني,منصة مخصص لـ الشركات يعمل بالواقع الافتراضي ويهدف لتقليل التكاليف ضمن قطاع الأمن السيبراني.,الشركات
3692,حل رقمي ذوي الإعاقة بالحوسبة السحابية,التعليم,حل رقمي مخصص لـ ذوي الإعاقة يعمل بالحوسبة السحابية ويهدف لرفع جودة الحياة ضمن قطاع التعليم.,ذوي الإعاقة
3693,نظام مراقبة الأسر بتحليل البيانات,المالية,نظام مراقبة مخصص لـ الأسر يعمل بتحليل البيانات ويهدف لرفع كفاءة التشغيل ضمن قطاع المالية.,الأسر
3694,منصة موحدة الحجاج بالروبوتات الذكية,الحج والعمرة,منصة موحدة مخصص لـ الحجاج يعمل بالروبوتات الذكية ويهدف لرفع جودة الحياة ضمن قطاع الحج والعمرة.,الحجاج
3695,لوحة تحكم ذوي الإعاقة بتحليل البيانات,التعليم,لوحة تحكم مخصص لـ ذوي الإعاقة يعمل بتحليل البيانات ويهدف لرفع كفاءة التشغيل ضمن قطاع التعليم.,ذوي الإعاقة
3696,منصة العمالة بالروبوتات الذكية,المالية,منصة مخصص لـ العمالة يعمل بالروبوتات الذكية ويهدف لتعزيز الأمان ضمن قطاع المالية.,العمالة
3697,حل رقمي النخيل بالروبوتات الذكية,الزراعة,حل رقمي مخصص لـ النخيل يعمل بالروبوتات الذكية ويهدف لتقليل الهدر ضمن قطاع الزراعة.,النخيل
3698,محرك توصيات المنازل الذكية بالروبوتات الذكية,الأمن السيبراني,محرك توصيات مخصص لـ المنازل الذكية يعمل بالروبوتات الذكية ويهدف لتحسين الاستدامة ضمن قطاع الأمن السيبراني.,المنازل الذكية
3699,تطبيق الأحياء باستخدام إنترنت الأشياء,العقارات,تطبيق مخصص لـ الأحياء يعمل باستخدام إنترنت الأشياء ويهدف لتسهيل الوصول للخدمات ضمن قطاع العقارات.,الأحياء
3700,خدمة ذكية كبار السن باستخدام إنترنت الأشياء,الصحة,خدمة ذكية مخصص لـ كبار السن يعمل باستخدام إنترنت الأشياء ويهدف لدعم رؤية 2030 ضمن قطاع الصحة.,كبار السن
3701,خدمة ذكية المقاهي بالواقع الافتراضي,التجارة الإلكترونية,خدمة ذكية مخصص لـ المقاهي يعمل بالواقع الافتراضي ويهدف لتقليل التكاليف ضمن قطاع التجارة الإلكترونية.,المقاهي
3702,منصة موحدة الحجاج بالتحليلات التنبؤية,الحج والعمرة,منصة موحدة مخصص لـ الحجاج يعمل بالتحليلات التنبؤية ويهدف لتحسين تجربة المستخدم ضمن قطاع الحج والعمرة.,الحجاج
3703,تطبيق المزارع بالبلوك تشين,الزراعة,تطبيق مخصص لـ المزارع يعمل بالبلوك تشين ويهدف لتحسين تجربة المستخدم ضمن قطاع الزراعة.,المزارع
3704,لوحة تحكم الحج باستخدام إنترنت الأشياء,المدن الذكية,لوحة تحكم مخصص لـ الحج يعمل باستخدام إنترنت الأشياء ويهدف لتقليل التكاليف ضمن قطاع المدن الذكية.,الحج
3705,محرك توصيات الجهات الحكومية باستخدام إنترنت الأشياء,الأمن السيبراني,محرك توصيات مخصص لـ الجهات الحكومية يعمل باستخدام إنترنت الأشياء ويهدف لتقليل الهدر ضمن قطاع الأمن السيبراني.,الجهات الحكومية
3706,منصة موحدة الحجاج باستخدام إنترنت الأشياء,الصحة,منصة موحدة مخصص لـ الحجاج يعمل باستخدام إنترنت الأشياء ويهدف لتحسين الاستدامة ضمن قطاع الصحة.,الحجاج
3707,نظام الجامعات بالحوسبة السحابية,المدن الذكية,نظام مخصص لـ الجامعات يعمل بالحوسبة السحابية ويهدف لرفع كفاءة التشغيل ضمن قطاع المدن الذكية.,الجامعات
3708,تطبيق الأسر المنتجة بتحليل البيانات,التجارة الإلكترونية,تطبيق مخصص لـ الأسر المنتجة يعمل بتحليل البيانات ويهدف لرفع كفاءة التشغيل ضمن قطاع التجارة الإلكترونية.,الأسر المنتجة
3709,خدمة ذكية المنازل الذكية بالواقع الافتراضي,الأمن السيبراني,خدمة ذكية مخصص لـ المنازل الذكية يعمل بالواقع الافتراضي ويهدف لتحسين تجربة المستخدم ضمن قطاع الأمن السيبراني.,المنازل الذكية
3710,نظام الأطفال بالروبوتات الذكية,التعليم,نظام مخصص لـ الأطفال يعمل بالروبوتات الذكية ويهدف لرفع جودة الحياة ضمن قطاع التعليم.,الأطفال
3711,تطبيق البيوت المحمية بالواقع الافتراضي,الزراعة,تطبيق مخصص لـ البيوت المحمية يعمل بالواقع الافتراضي ويهدف لتعزيز الأمان ضمن قطاع الزراعة.,البيوت المحمية
3712,منصة موحدة العيادات بالبلوك تشين,الصحة,منصة موحدة مخصص لـ العيادات يعمل بالبلوك تشين ويهدف لتسهيل الوصول للخدمات ضمن قطاع الصحة.,العيادات
3713,نظام مراقبة الأسر بالواقع الافتراضي,المالية,نظام مراقبة مخصص لـ الأسر يعمل بالواقع الافتراضي ويهدف لتقليل الهدر ضمن قطاع المالية.,الأسر
3714,تطبيق المعلمين بالحوسبة السحابية,التعليم,تطبيق مخصص لـ المعلمين يعمل بالحوسبة السحابية ويهدف لتعزيز الأمان ضمن قطاع التعليم.,المعلمين
3715,نظام مراقبة البنوك بالذكاء الاصطناعي,الأمن السيبراني,نظام مراقبة مخصص لـ البنوك يعمل بالذكاء الاصطناعي ويهدف لتحسين الاستدامة ضمن قطاع الأمن السيبراني.,البنوك
3716,حل رقمي المؤجرين بالذكاء الاصطناعي,العقارات,حل رقمي مخصص لـ المؤجرين يعمل بالذكاء الاصطناعي ويهدف لدعم رؤية 2030 ضمن قطاع العقارات.,المؤجرين
3717,خدمة ذكية المعلمين بتحليل البيانات,التعليم,خدمة ذكية مخصص لـ المعلمين يعمل بتحليل البيانات ويهدف لتحسين الاستدامة ضمن قطاع التعليم.,المعلمين
3718,منصة النخيل بتحليل البيانات,الزراعة,منصة مخصص لـ النخيل يعمل بتحليل البيانات ويهدف لتقليل الهدر ضمن قطاع الزراعة.,النخيل
3719,نظام المزارع المنزلية بالروبوتات الذكية,الزراعة,نظام مخصص لـ المزارع المنزلية يعمل بالروبوتات الذكية ويهدف لتحسين تجربة المستخدم ضمن قطاع الزراعة.,المزارع المنزلية
3720,خدمة ذكية المنازل بتحليل البيانات,الطاقة,خدمة ذكية مخصص لـ المنازل يعمل بتحليل البيانات ويهدف لدعم رؤية 2030 ضمن قطاع الطاقة.,المنازل
3721,منصة الرياض بالحوسبة السحابية,المدن الذكية,منصة مخصص لـ الرياض يعمل بالحوسبة السحابية ويهدف لدعم رؤية 2030 ضمن قطاع المدن الذكية.,الرياض
3722,تطبيق البيوت المحمية بالتحليلات التنبؤية,الزراعة,تطبيق مخصص لـ البيوت المحمية يعمل بالتحليلات التنبؤية ويهدف لتعزيز الأمان ضمن قطاع الزراعة.,البيوت المحمية
3723,منصة موحدة المشاعر المقدسة بالتحليلات التنبؤية,الحج والعمرة,منصة موحدة مخصص لـ المشاعر المقدسة يعمل بالتحليلات التنبؤية ويهدف لتحسين تجربة المستخدم ضمن قطاع الحج والعمرة.,المشاعر المقدسة
3724,تطبيق جدة بالبلوك تشين,المدن الذكية,تطبيق مخصص لـ جدة يعمل بالبلوك تشين ويهدف لتسهيل الوصول للخدمات ضمن قطاع المدن الذكية.,جدة
3725,لوحة تحكم الأطفال بتحليل البيانات,التعليم,لوحة تحكم مخصص لـ الأطفال يعمل بتحليل البيانات ويهدف لرفع جودة الحياة ضمن قطاع التعليم.,الأطفال
3726,نظام مراقبة الجهات الحكومية بالواقع المعزز,الأمن السيبراني,نظام مراقبة مخصص لـ الجهات الحكومية يعمل بالواقع المعزز ويهدف لتحسين الاستدامة ضمن قطاع الأمن السيبراني.,الجهات الحكومية
3727,تطبيق الأطفال باستخدام إنترنت الأشياء,الصحة,تطبيق مخصص لـ الأطفال يعمل باستخدام إنترنت الأشياء ويهدف لتحسين الاستدامة ضمن قطاع الصحة.,الأطفال
3728,مساعد ذكي المنازل الذكية بتحليل البيانات,الأمن السيبراني,مساعد ذكي مخصص لـ المنازل الذكية يعمل بتحليل البيانات ويهدف لتحسين الاستدامة ضمن قطاع الأمن السيبراني.,المنازل الذكية
3729,نظام الحجاج بالتحليلات التنبؤية,الحج والعمرة,نظام مخصص لـ الحجاج يعمل بالتحليلات التنبؤية ويهدف لدعم رؤية 2030 ضمن قطاع الحج والعمرة.,الحجاج
3730,مساعد ذكي الرياض بالبلوك تشين,المدن الذكية,مساعد ذكي مخصص لـ الرياض يعمل بالبلوك تشين ويهدف لتقليل الهدر ضمن قطاع المدن الذكية.,الرياض
3731,نظام المؤجرين بالحوسبة السحابية,العقارات,نظام مخصص لـ المؤجرين يعمل بالحوسبة السحابية ويهدف لدعم رؤية 2030 ضمن قطاع العقارات.,المؤجرين
3732,خدمة ذكية الأطفال باستخدام إنترنت الأشياء,التعليم,خدمة ذكية مخصص لـ الأطفال يعمل باستخدام إنترنت الأشياء ويهدف لتسريع الإجراءات ضمن قطاع التعليم.,الأطفال
3733,منصة المؤجرين بالنماذج اللغوية,العقارات,منصة مخصص لـ المؤجرين يعمل بالنماذج اللغوية ويهدف لتقليل الهدر ضمن قطاع العقارات.,المؤجرين
3734,حل رقمي المشاعر المقدسة بالحوسبة السحابية,الحج والعمرة,حل رقمي مخصص لـ المشاعر المقدسة يعمل بالحوسبة السحابية ويهدف لرفع كفاءة التشغيل ضمن قطاع الحج والعمرة.,المشاعر المقدسة
3735,مساعد ذكي المطاعم بالتحليلات التنبؤية,التجارة الإلكترونية,مساعد ذكي مخصص لـ المطاعم يعمل بالتحليلات التنبؤية ويهدف لتقليل الهدر ضمن قطاع التجارة الإلكترونية.,المطاعم
3736,نظام مراقبة المقاهي بالواقع الافتراضي,التجارة الإلكترونية,نظام مراقبة مخصص لـ المقاهي يعمل بالواقع الافتراضي ويهدف لرفع كفاءة التشغيل ضمن قطاع التجارة الإلكترونية.,المقاهي
3737,لوحة تحكم الأحياء السكنية بالواقع الافتراضي,المدن الذكية,لوحة تحكم مخصص لـ الأحياء السكنية يعمل بالواقع الافتراضي ويهدف لرفع جودة الحياة ضمن قطاع المدن الذكية.,الأحياء السكنية
3738,نظام مراقبة الشركات الصغيرة باستخدام إنترنت الأشياء,المالية,نظام مراقبة مخصص لـ الشركات الصغيرة يعمل باستخدام إنترنت الأشياء ويهدف لدعم رؤية 2030 ضمن قطاع المالية.,الشركات الصغيرة
3739,خدمة ذكية العيادات بالنماذج اللغوية,الصحة,خدمة ذكية مخصص لـ العيادات يعمل بالنماذج اللغوية ويهدف لرفع كفاءة التشغيل ضمن قطاع الصحة.,العيادات
3740,نظام مراقبة العمالة بالذكاء الاصطناعي,المالية,نظام مراقبة مخصص لـ العمالة يعمل بالذكاء الاصطناعي ويهدف لرفع جودة الحياة ضمن قطاع المالية.,العمالة
3741,لوحة تحكم الحملات بالنماذج اللغوية,الحج والعمرة,لوحة تحكم مخصص لـ الحملات يعمل بالنماذج اللغوية ويهدف لتحسين الاستدامة ضمن قطاع الحج والعمرة.,الحملات
3742,منصة المتاجر الصغيرة بالبلوك تشين,التجارة الإلكترونية,منصة مخصص لـ المتاجر الصغيرة يعمل بالبلوك تشين ويهدف لتقليل التكاليف ضمن قطاع التجارة الإلكترونية.,المتاجر الصغيرة
3743,مساعد ذكي المجمعات السكنية بالروبوتات الذكية,العقارات,مساعد ذكي مخصص لـ المجمعات السكنية يعمل بالروبوتات الذكية ويهدف لتعزيز الأمان ضمن قطاع العقارات.,المجمعات السكنية
3744,نظام مراقبة المعلمين بالواقع الافتراضي,التعليم,نظام مراقبة مخصص لـ المعلمين يعمل بالواقع الافتراضي ويهدف لتعزيز الأمان ضمن قطاع التعليم.,المعلمين
3745,نظام مراقبة الأحياء السكنية بالواقع المعزز,المدن الذكية,نظام مراقبة مخصص لـ الأحياء السكنية يعمل بالواقع المعزز ويهدف لتعزيز الأمان ضمن قطاع المدن الذكية.,الأحياء السكنية
3746,منصة موحدة البيوت المحمية بالواقع المعزز,الزراعة,منصة موحدة مخصص لـ البيوت المحمية يعمل بالواقع المعزز ويهدف لتحسين تجربة المستخدم ضمن قطاع الزراعة.,البيوت المحمية
3747,مساعد ذكي الرياض بالواقع المعزز,المدن الذكية,مساعد ذكي مخصص لـ الرياض يعمل بالواقع المعزز ويهدف لتسهيل الوصول للخدمات ضمن قطاع المدن الذكية.,الرياض
3748,تطبيق المولات بالواقع المعزز,المدن الذكية,تطبيق مخصص لـ المولات يعمل بالواقع المعزز ويهدف لدعم رؤية 2030 ضمن قطاع المدن الذكية.,المولات
3749,خدمة ذكية الحج بالتحليلات التنبؤية,المدن الذكية,خدمة ذكية مخصص لـ الحج يعمل بالتحليلات التنبؤية ويهدف لتقليل الهدر ضمن قطاع المدن الذكية.,الحج
3750,مساعد ذكي الرياضيين بالنماذج اللغوية,الصحة,مساعد ذكي مخصص لـ الرياضيين يعمل بالنماذج اللغوية ويهدف لدعم رؤية 2030 ضمن قطاع الصحة.,الرياضيين
